Resetting modules to system default. Reseting $MODULEPATH back to system default. All extra directories will be removed from $MODULEPATH.
Process ForkProcess-25:
Process ForkProcess-23:
Process ForkProcess-10:
Process ForkProcess-34:
Process ForkProcess-13:
Traceback (most recent call last):
  File "/home/ibrahimoguz/.conda/envs/rl-env/lib/python3.10/multiprocessing/process.py", line 314, in _bootstrap
    self.run()
  File "/home/ibrahimoguz/.conda/envs/rl-env/lib/python3.10/multiprocessing/process.py", line 108, in run
    self._target(*self._args, **self._kwargs)
  File "/home/ibrahimoguz/.conda/envs/rl-env/lib/python3.10/site-packages/stable_baselines3/common/vec_env/subproc_vec_env.py", line 35, in _worker
    observation, reward, terminated, truncated, info = env.step(data)
  File "/home/ibrahimoguz/FirefightingSoS/wildfire-rl-new/examples/wildfire/ppo_runner.py", line 1931, in step
    self._advance_time_window()
  File "/home/ibrahimoguz/FirefightingSoS/wildfire-rl-new/examples/wildfire/ppo_runner.py", line 1362, in _advance_time_window
    self.sim.step(force=True)
  File "/home/ibrahimoguz/FirefightingSoS/wildfire-rl-new/src/sosid/simulation/simulation.py", line 353, in step
    self.step_all_models()
  File "/home/ibrahimoguz/FirefightingSoS/wildfire-rl-new/examples/wildfire/simulation.py", line 1315, in step_all_models
    super().step_all_models()
  File "/home/ibrahimoguz/FirefightingSoS/wildfire-rl-new/src/sosid/simulation/simulation.py", line 373, in step_all_models
    model.step()
  File "/home/ibrahimoguz/FirefightingSoS/wildfire-rl-new/examples/wildfire/firefighter_model/model.py", line 452, in step
    self.schedule.step()
  File "/home/ibrahimoguz/FirefightingSoS/wildfire-rl-new/src/sosid/model/abm/schedule.py", line 112, in step
    self.step_breed(agent_class)
  File "/home/ibrahimoguz/FirefightingSoS/wildfire-rl-new/src/sosid/model/abm/schedule.py", line 125, in step_breed
    self.agents_by_breed[breed][agent_key].step()
  File "/home/ibrahimoguz/FirefightingSoS/wildfire-rl-new/src/sosid/model/abm/agent.py", line 342, in step
    super().step()
  File "/home/ibrahimoguz/FirefightingSoS/wildfire-rl-new/src/sosid/model/abm/special_agents.py", line 110, in step
    super().step()
  File "/home/ibrahimoguz/FirefightingSoS/wildfire-rl-new/src/sosid/model/abm/agent.py", line 381, in step
    self.tasks.run_active()
  File "/home/ibrahimoguz/FirefightingSoS/wildfire-rl-new/src/sosid/model/abm/task.py", line 364, in run_active
    with self.active_task.run(self.agent) as status:
  File "/home/ibrahimoguz/.conda/envs/rl-env/lib/python3.10/contextlib.py", line 142, in __exit__
    next(self.gen)
  File "/home/ibrahimoguz/FirefightingSoS/wildfire-rl-new/src/sosid/model/abm/task.py", line 205, in run
    self.complete_method(agent)
  File "/home/ibrahimoguz/FirefightingSoS/wildfire-rl-new/examples/wildfire/firefighter_model/tactic_pieces/select_poi.py", line 44, in complete_method
    to_base_trajectory = generate_straight_trajectory(
  File "/home/ibrahimoguz/FirefightingSoS/wildfire-rl-new/src/sosid/model/abm/trajectory.py", line 934, in generate_straight_trajectory
    raise NotImplementedError(
Process ForkProcess-28:
NotImplementedError: Takeoff and landing distances exceed total distance.
Traceback (most recent call last):
  File "/home/ibrahimoguz/.conda/envs/rl-env/lib/python3.10/multiprocessing/process.py", line 314, in _bootstrap
    self.run()
  File "/home/ibrahimoguz/.conda/envs/rl-env/lib/python3.10/multiprocessing/process.py", line 108, in run
    self._target(*self._args, **self._kwargs)
  File "/home/ibrahimoguz/.conda/envs/rl-env/lib/python3.10/site-packages/stable_baselines3/common/vec_env/subproc_vec_env.py", line 35, in _worker
    observation, reward, terminated, truncated, info = env.step(data)
  File "/home/ibrahimoguz/FirefightingSoS/wildfire-rl-new/examples/wildfire/ppo_runner.py", line 1931, in step
    self._advance_time_window()
Traceback (most recent call last):
  File "/home/ibrahimoguz/FirefightingSoS/wildfire-rl-new/examples/wildfire/ppo_runner.py", line 1362, in _advance_time_window
    self.sim.step(force=True)
  File "/home/ibrahimoguz/FirefightingSoS/wildfire-rl-new/src/sosid/simulation/simulation.py", line 353, in step
    self.step_all_models()
  File "/home/ibrahimoguz/FirefightingSoS/wildfire-rl-new/examples/wildfire/simulation.py", line 1315, in step_all_models
    super().step_all_models()
  File "/home/ibrahimoguz/FirefightingSoS/wildfire-rl-new/src/sosid/simulation/simulation.py", line 373, in step_all_models
    model.step()
  File "/home/ibrahimoguz/FirefightingSoS/wildfire-rl-new/examples/wildfire/firefighter_model/model.py", line 452, in step
    self.schedule.step()
  File "/home/ibrahimoguz/FirefightingSoS/wildfire-rl-new/src/sosid/model/abm/schedule.py", line 112, in step
    self.step_breed(agent_class)
  File "/home/ibrahimoguz/FirefightingSoS/wildfire-rl-new/src/sosid/model/abm/schedule.py", line 125, in step_breed
    self.agents_by_breed[breed][agent_key].step()
  File "/home/ibrahimoguz/FirefightingSoS/wildfire-rl-new/src/sosid/model/abm/agent.py", line 342, in step
    super().step()
  File "/home/ibrahimoguz/FirefightingSoS/wildfire-rl-new/src/sosid/model/abm/special_agents.py", line 110, in step
    super().step()
  File "/home/ibrahimoguz/FirefightingSoS/wildfire-rl-new/src/sosid/model/abm/agent.py", line 381, in step
    self.tasks.run_active()
  File "/home/ibrahimoguz/.conda/envs/rl-env/lib/python3.10/multiprocessing/process.py", line 314, in _bootstrap
    self.run()
  File "/home/ibrahimoguz/FirefightingSoS/wildfire-rl-new/src/sosid/model/abm/task.py", line 364, in run_active
    with self.active_task.run(self.agent) as status:
  File "/home/ibrahimoguz/.conda/envs/rl-env/lib/python3.10/multiprocessing/process.py", line 108, in run
    self._target(*self._args, **self._kwargs)
  File "/home/ibrahimoguz/.conda/envs/rl-env/lib/python3.10/contextlib.py", line 142, in __exit__
    next(self.gen)
  File "/home/ibrahimoguz/.conda/envs/rl-env/lib/python3.10/site-packages/stable_baselines3/common/vec_env/subproc_vec_env.py", line 35, in _worker
    observation, reward, terminated, truncated, info = env.step(data)
  File "/home/ibrahimoguz/FirefightingSoS/wildfire-rl-new/src/sosid/model/abm/task.py", line 205, in run
    self.complete_method(agent)
  File "/home/ibrahimoguz/FirefightingSoS/wildfire-rl-new/examples/wildfire/ppo_runner.py", line 1931, in step
    self._advance_time_window()
Traceback (most recent call last):
  File "/home/ibrahimoguz/FirefightingSoS/wildfire-rl-new/examples/wildfire/firefighter_model/tactic_pieces/select_poi.py", line 44, in complete_method
    to_base_trajectory = generate_straight_trajectory(
  File "/home/ibrahimoguz/FirefightingSoS/wildfire-rl-new/examples/wildfire/ppo_runner.py", line 1362, in _advance_time_window
    self.sim.step(force=True)
  File "/home/ibrahimoguz/FirefightingSoS/wildfire-rl-new/src/sosid/model/abm/trajectory.py", line 934, in generate_straight_trajectory
    raise NotImplementedError(
  File "/home/ibrahimoguz/FirefightingSoS/wildfire-rl-new/src/sosid/simulation/simulation.py", line 353, in step
    self.step_all_models()
  File "/home/ibrahimoguz/FirefightingSoS/wildfire-rl-new/examples/wildfire/simulation.py", line 1315, in step_all_models
    super().step_all_models()
  File "/home/ibrahimoguz/FirefightingSoS/wildfire-rl-new/src/sosid/simulation/simulation.py", line 373, in step_all_models
    model.step()
NotImplementedError: Takeoff and landing distances exceed total distance.
  File "/home/ibrahimoguz/FirefightingSoS/wildfire-rl-new/examples/wildfire/firefighter_model/model.py", line 452, in step
    self.schedule.step()
  File "/home/ibrahimoguz/FirefightingSoS/wildfire-rl-new/src/sosid/model/abm/schedule.py", line 112, in step
    self.step_breed(agent_class)
  File "/home/ibrahimoguz/FirefightingSoS/wildfire-rl-new/src/sosid/model/abm/schedule.py", line 125, in step_breed
    self.agents_by_breed[breed][agent_key].step()
  File "/home/ibrahimoguz/FirefightingSoS/wildfire-rl-new/src/sosid/model/abm/agent.py", line 342, in step
    super().step()
  File "/home/ibrahimoguz/FirefightingSoS/wildfire-rl-new/src/sosid/model/abm/special_agents.py", line 110, in step
    super().step()
  File "/home/ibrahimoguz/.conda/envs/rl-env/lib/python3.10/multiprocessing/process.py", line 314, in _bootstrap
    self.run()
  File "/home/ibrahimoguz/FirefightingSoS/wildfire-rl-new/src/sosid/model/abm/agent.py", line 381, in step
    self.tasks.run_active()
  File "/home/ibrahimoguz/.conda/envs/rl-env/lib/python3.10/multiprocessing/process.py", line 108, in run
    self._target(*self._args, **self._kwargs)
  File "/home/ibrahimoguz/FirefightingSoS/wildfire-rl-new/src/sosid/model/abm/task.py", line 364, in run_active
    with self.active_task.run(self.agent) as status:
  File "/home/ibrahimoguz/.conda/envs/rl-env/lib/python3.10/site-packages/stable_baselines3/common/vec_env/subproc_vec_env.py", line 35, in _worker
    observation, reward, terminated, truncated, info = env.step(data)
  File "/home/ibrahimoguz/.conda/envs/rl-env/lib/python3.10/contextlib.py", line 142, in __exit__
    next(self.gen)
  File "/home/ibrahimoguz/FirefightingSoS/wildfire-rl-new/examples/wildfire/ppo_runner.py", line 1931, in step
    self._advance_time_window()
  File "/home/ibrahimoguz/FirefightingSoS/wildfire-rl-new/src/sosid/model/abm/task.py", line 205, in run
    self.complete_method(agent)
  File "/home/ibrahimoguz/FirefightingSoS/wildfire-rl-new/examples/wildfire/ppo_runner.py", line 1362, in _advance_time_window
    self.sim.step(force=True)
  File "/home/ibrahimoguz/FirefightingSoS/wildfire-rl-new/examples/wildfire/firefighter_model/tactic_pieces/select_poi.py", line 44, in complete_method
    to_base_trajectory = generate_straight_trajectory(
  File "/home/ibrahimoguz/FirefightingSoS/wildfire-rl-new/src/sosid/simulation/simulation.py", line 353, in step
    self.step_all_models()
  File "/home/ibrahimoguz/FirefightingSoS/wildfire-rl-new/src/sosid/model/abm/trajectory.py", line 934, in generate_straight_trajectory
    raise NotImplementedError(
  File "/home/ibrahimoguz/FirefightingSoS/wildfire-rl-new/examples/wildfire/simulation.py", line 1315, in step_all_models
    super().step_all_models()
  File "/home/ibrahimoguz/FirefightingSoS/wildfire-rl-new/src/sosid/simulation/simulation.py", line 373, in step_all_models
    model.step()
  File "/home/ibrahimoguz/FirefightingSoS/wildfire-rl-new/examples/wildfire/firefighter_model/model.py", line 452, in step
    self.schedule.step()
NotImplementedError: Takeoff and landing distances exceed total distance.
  File "/home/ibrahimoguz/FirefightingSoS/wildfire-rl-new/src/sosid/model/abm/schedule.py", line 112, in step
    self.step_breed(agent_class)
  File "/home/ibrahimoguz/FirefightingSoS/wildfire-rl-new/src/sosid/model/abm/schedule.py", line 125, in step_breed
    self.agents_by_breed[breed][agent_key].step()
  File "/home/ibrahimoguz/FirefightingSoS/wildfire-rl-new/src/sosid/model/abm/agent.py", line 342, in step
    super().step()
  File "/home/ibrahimoguz/FirefightingSoS/wildfire-rl-new/src/sosid/model/abm/special_agents.py", line 110, in step
    super().step()
  File "/home/ibrahimoguz/FirefightingSoS/wildfire-rl-new/src/sosid/model/abm/agent.py", line 381, in step
    self.tasks.run_active()
  File "/home/ibrahimoguz/FirefightingSoS/wildfire-rl-new/src/sosid/model/abm/task.py", line 364, in run_active
    with self.active_task.run(self.agent) as status:
  File "/home/ibrahimoguz/.conda/envs/rl-env/lib/python3.10/contextlib.py", line 142, in __exit__
    next(self.gen)
  File "/home/ibrahimoguz/FirefightingSoS/wildfire-rl-new/src/sosid/model/abm/task.py", line 205, in run
    self.complete_method(agent)
  File "/home/ibrahimoguz/FirefightingSoS/wildfire-rl-new/examples/wildfire/firefighter_model/tactic_pieces/select_poi.py", line 44, in complete_method
    to_base_trajectory = generate_straight_trajectory(
  File "/home/ibrahimoguz/FirefightingSoS/wildfire-rl-new/src/sosid/model/abm/trajectory.py", line 934, in generate_straight_trajectory
    raise NotImplementedError(
NotImplementedError: Takeoff and landing distances exceed total distance.
Process ForkProcess-35:
Process ForkProcess-3:
Traceback (most recent call last):
Process ForkProcess-17:
  File "/home/ibrahimoguz/.conda/envs/rl-env/lib/python3.10/multiprocessing/process.py", line 314, in _bootstrap
    self.run()
  File "/home/ibrahimoguz/.conda/envs/rl-env/lib/python3.10/multiprocessing/process.py", line 108, in run
    self._target(*self._args, **self._kwargs)
  File "/home/ibrahimoguz/.conda/envs/rl-env/lib/python3.10/site-packages/stable_baselines3/common/vec_env/subproc_vec_env.py", line 35, in _worker
    observation, reward, terminated, truncated, info = env.step(data)
  File "/home/ibrahimoguz/FirefightingSoS/wildfire-rl-new/examples/wildfire/ppo_runner.py", line 1931, in step
    self._advance_time_window()
  File "/home/ibrahimoguz/FirefightingSoS/wildfire-rl-new/examples/wildfire/ppo_runner.py", line 1362, in _advance_time_window
    self.sim.step(force=True)
  File "/home/ibrahimoguz/FirefightingSoS/wildfire-rl-new/src/sosid/simulation/simulation.py", line 353, in step
    self.step_all_models()
  File "/home/ibrahimoguz/FirefightingSoS/wildfire-rl-new/examples/wildfire/simulation.py", line 1315, in step_all_models
    super().step_all_models()
  File "/home/ibrahimoguz/FirefightingSoS/wildfire-rl-new/src/sosid/simulation/simulation.py", line 373, in step_all_models
    model.step()
  File "/home/ibrahimoguz/FirefightingSoS/wildfire-rl-new/examples/wildfire/firefighter_model/model.py", line 452, in step
    self.schedule.step()
  File "/home/ibrahimoguz/FirefightingSoS/wildfire-rl-new/src/sosid/model/abm/schedule.py", line 112, in step
    self.step_breed(agent_class)
  File "/home/ibrahimoguz/FirefightingSoS/wildfire-rl-new/src/sosid/model/abm/schedule.py", line 125, in step_breed
    self.agents_by_breed[breed][agent_key].step()
  File "/home/ibrahimoguz/FirefightingSoS/wildfire-rl-new/src/sosid/model/abm/agent.py", line 342, in step
    super().step()
  File "/home/ibrahimoguz/FirefightingSoS/wildfire-rl-new/src/sosid/model/abm/special_agents.py", line 110, in step
    super().step()
  File "/home/ibrahimoguz/FirefightingSoS/wildfire-rl-new/src/sosid/model/abm/agent.py", line 381, in step
    self.tasks.run_active()
  File "/home/ibrahimoguz/FirefightingSoS/wildfire-rl-new/src/sosid/model/abm/task.py", line 364, in run_active
    with self.active_task.run(self.agent) as status:
  File "/home/ibrahimoguz/.conda/envs/rl-env/lib/python3.10/contextlib.py", line 142, in __exit__
    next(self.gen)
  File "/home/ibrahimoguz/FirefightingSoS/wildfire-rl-new/src/sosid/model/abm/task.py", line 205, in run
    self.complete_method(agent)
  File "/home/ibrahimoguz/FirefightingSoS/wildfire-rl-new/examples/wildfire/firefighter_model/tactic_pieces/select_poi.py", line 44, in complete_method
    to_base_trajectory = generate_straight_trajectory(
  File "/home/ibrahimoguz/FirefightingSoS/wildfire-rl-new/src/sosid/model/abm/trajectory.py", line 934, in generate_straight_trajectory
    raise NotImplementedError(
NotImplementedError: Takeoff and landing distances exceed total distance.
Process ForkProcess-2:
Process ForkProcess-6:
Process ForkProcess-4:
Process ForkProcess-8:
Process ForkProcess-11:
Process ForkProcess-36:
Traceback (most recent call last):
  File "/home/ibrahimoguz/.conda/envs/rl-env/lib/python3.10/multiprocessing/process.py", line 314, in _bootstrap
    self.run()
  File "/home/ibrahimoguz/.conda/envs/rl-env/lib/python3.10/multiprocessing/process.py", line 108, in run
    self._target(*self._args, **self._kwargs)
  File "/home/ibrahimoguz/.conda/envs/rl-env/lib/python3.10/site-packages/stable_baselines3/common/vec_env/subproc_vec_env.py", line 35, in _worker
    observation, reward, terminated, truncated, info = env.step(data)
  File "/home/ibrahimoguz/FirefightingSoS/wildfire-rl-new/examples/wildfire/ppo_runner.py", line 1931, in step
    self._advance_time_window()
  File "/home/ibrahimoguz/FirefightingSoS/wildfire-rl-new/examples/wildfire/ppo_runner.py", line 1362, in _advance_time_window
    self.sim.step(force=True)
  File "/home/ibrahimoguz/FirefightingSoS/wildfire-rl-new/src/sosid/simulation/simulation.py", line 353, in step
    self.step_all_models()
  File "/home/ibrahimoguz/FirefightingSoS/wildfire-rl-new/examples/wildfire/simulation.py", line 1315, in step_all_models
    super().step_all_models()
  File "/home/ibrahimoguz/FirefightingSoS/wildfire-rl-new/src/sosid/simulation/simulation.py", line 373, in step_all_models
    model.step()
  File "/home/ibrahimoguz/FirefightingSoS/wildfire-rl-new/examples/wildfire/firefighter_model/model.py", line 452, in step
    self.schedule.step()
  File "/home/ibrahimoguz/FirefightingSoS/wildfire-rl-new/src/sosid/model/abm/schedule.py", line 112, in step
    self.step_breed(agent_class)
  File "/home/ibrahimoguz/FirefightingSoS/wildfire-rl-new/src/sosid/model/abm/schedule.py", line 125, in step_breed
    self.agents_by_breed[breed][agent_key].step()
  File "/home/ibrahimoguz/FirefightingSoS/wildfire-rl-new/src/sosid/model/abm/agent.py", line 342, in step
    super().step()
  File "/home/ibrahimoguz/FirefightingSoS/wildfire-rl-new/src/sosid/model/abm/special_agents.py", line 110, in step
    super().step()
Traceback (most recent call last):
  File "/home/ibrahimoguz/FirefightingSoS/wildfire-rl-new/src/sosid/model/abm/agent.py", line 381, in step
    self.tasks.run_active()
  File "/home/ibrahimoguz/FirefightingSoS/wildfire-rl-new/src/sosid/model/abm/task.py", line 364, in run_active
    with self.active_task.run(self.agent) as status:
  File "/home/ibrahimoguz/.conda/envs/rl-env/lib/python3.10/contextlib.py", line 142, in __exit__
    next(self.gen)
  File "/home/ibrahimoguz/FirefightingSoS/wildfire-rl-new/src/sosid/model/abm/task.py", line 205, in run
    self.complete_method(agent)
  File "/home/ibrahimoguz/FirefightingSoS/wildfire-rl-new/examples/wildfire/firefighter_model/tactic_pieces/select_poi.py", line 44, in complete_method
    to_base_trajectory = generate_straight_trajectory(
  File "/home/ibrahimoguz/FirefightingSoS/wildfire-rl-new/src/sosid/model/abm/trajectory.py", line 934, in generate_straight_trajectory
    raise NotImplementedError(
NotImplementedError: Takeoff and landing distances exceed total distance.
  File "/home/ibrahimoguz/.conda/envs/rl-env/lib/python3.10/multiprocessing/process.py", line 314, in _bootstrap
    self.run()
  File "/home/ibrahimoguz/.conda/envs/rl-env/lib/python3.10/multiprocessing/process.py", line 108, in run
    self._target(*self._args, **self._kwargs)
  File "/home/ibrahimoguz/.conda/envs/rl-env/lib/python3.10/site-packages/stable_baselines3/common/vec_env/subproc_vec_env.py", line 35, in _worker
    observation, reward, terminated, truncated, info = env.step(data)
  File "/home/ibrahimoguz/FirefightingSoS/wildfire-rl-new/examples/wildfire/ppo_runner.py", line 1931, in step
    self._advance_time_window()
  File "/home/ibrahimoguz/FirefightingSoS/wildfire-rl-new/examples/wildfire/ppo_runner.py", line 1362, in _advance_time_window
    self.sim.step(force=True)
  File "/home/ibrahimoguz/FirefightingSoS/wildfire-rl-new/src/sosid/simulation/simulation.py", line 353, in step
    self.step_all_models()
  File "/home/ibrahimoguz/FirefightingSoS/wildfire-rl-new/examples/wildfire/simulation.py", line 1315, in step_all_models
    super().step_all_models()
  File "/home/ibrahimoguz/FirefightingSoS/wildfire-rl-new/src/sosid/simulation/simulation.py", line 373, in step_all_models
    model.step()
  File "/home/ibrahimoguz/FirefightingSoS/wildfire-rl-new/examples/wildfire/firefighter_model/model.py", line 452, in step
    self.schedule.step()
  File "/home/ibrahimoguz/FirefightingSoS/wildfire-rl-new/src/sosid/model/abm/schedule.py", line 112, in step
    self.step_breed(agent_class)
  File "/home/ibrahimoguz/FirefightingSoS/wildfire-rl-new/src/sosid/model/abm/schedule.py", line 125, in step_breed
    self.agents_by_breed[breed][agent_key].step()
  File "/home/ibrahimoguz/FirefightingSoS/wildfire-rl-new/src/sosid/model/abm/agent.py", line 342, in step
    super().step()
  File "/home/ibrahimoguz/FirefightingSoS/wildfire-rl-new/src/sosid/model/abm/special_agents.py", line 110, in step
    super().step()
  File "/home/ibrahimoguz/FirefightingSoS/wildfire-rl-new/src/sosid/model/abm/agent.py", line 381, in step
    self.tasks.run_active()
  File "/home/ibrahimoguz/FirefightingSoS/wildfire-rl-new/src/sosid/model/abm/task.py", line 364, in run_active
    with self.active_task.run(self.agent) as status:
  File "/home/ibrahimoguz/.conda/envs/rl-env/lib/python3.10/contextlib.py", line 142, in __exit__
    next(self.gen)
  File "/home/ibrahimoguz/FirefightingSoS/wildfire-rl-new/src/sosid/model/abm/task.py", line 205, in run
    self.complete_method(agent)
  File "/home/ibrahimoguz/FirefightingSoS/wildfire-rl-new/examples/wildfire/firefighter_model/tactic_pieces/select_poi.py", line 44, in complete_method
    to_base_trajectory = generate_straight_trajectory(
  File "/home/ibrahimoguz/FirefightingSoS/wildfire-rl-new/src/sosid/model/abm/trajectory.py", line 934, in generate_straight_trajectory
    raise NotImplementedError(
NotImplementedError: Takeoff and landing distances exceed total distance.
Process ForkProcess-16:
Traceback (most recent call last):
  File "/home/ibrahimoguz/.conda/envs/rl-env/lib/python3.10/multiprocessing/process.py", line 314, in _bootstrap
    self.run()
  File "/home/ibrahimoguz/.conda/envs/rl-env/lib/python3.10/multiprocessing/process.py", line 108, in run
    self._target(*self._args, **self._kwargs)
  File "/home/ibrahimoguz/.conda/envs/rl-env/lib/python3.10/site-packages/stable_baselines3/common/vec_env/subproc_vec_env.py", line 35, in _worker
    observation, reward, terminated, truncated, info = env.step(data)
  File "/home/ibrahimoguz/FirefightingSoS/wildfire-rl-new/examples/wildfire/ppo_runner.py", line 1931, in step
    self._advance_time_window()
  File "/home/ibrahimoguz/FirefightingSoS/wildfire-rl-new/examples/wildfire/ppo_runner.py", line 1362, in _advance_time_window
    self.sim.step(force=True)
  File "/home/ibrahimoguz/FirefightingSoS/wildfire-rl-new/src/sosid/simulation/simulation.py", line 353, in step
    self.step_all_models()
  File "/home/ibrahimoguz/FirefightingSoS/wildfire-rl-new/examples/wildfire/simulation.py", line 1315, in step_all_models
    super().step_all_models()
  File "/home/ibrahimoguz/FirefightingSoS/wildfire-rl-new/src/sosid/simulation/simulation.py", line 373, in step_all_models
    model.step()
  File "/home/ibrahimoguz/FirefightingSoS/wildfire-rl-new/examples/wildfire/firefighter_model/model.py", line 452, in step
    self.schedule.step()
  File "/home/ibrahimoguz/FirefightingSoS/wildfire-rl-new/src/sosid/model/abm/schedule.py", line 112, in step
    self.step_breed(agent_class)
  File "/home/ibrahimoguz/FirefightingSoS/wildfire-rl-new/src/sosid/model/abm/schedule.py", line 125, in step_breed
    self.agents_by_breed[breed][agent_key].step()
  File "/home/ibrahimoguz/FirefightingSoS/wildfire-rl-new/src/sosid/model/abm/agent.py", line 342, in step
    super().step()
  File "/home/ibrahimoguz/FirefightingSoS/wildfire-rl-new/src/sosid/model/abm/special_agents.py", line 110, in step
    super().step()
  File "/home/ibrahimoguz/FirefightingSoS/wildfire-rl-new/src/sosid/model/abm/agent.py", line 381, in step
    self.tasks.run_active()
  File "/home/ibrahimoguz/FirefightingSoS/wildfire-rl-new/src/sosid/model/abm/task.py", line 364, in run_active
    with self.active_task.run(self.agent) as status:
  File "/home/ibrahimoguz/.conda/envs/rl-env/lib/python3.10/contextlib.py", line 142, in __exit__
    next(self.gen)
  File "/home/ibrahimoguz/FirefightingSoS/wildfire-rl-new/src/sosid/model/abm/task.py", line 205, in run
    self.complete_method(agent)
  File "/home/ibrahimoguz/FirefightingSoS/wildfire-rl-new/examples/wildfire/firefighter_model/tactic_pieces/select_poi.py", line 44, in complete_method
    to_base_trajectory = generate_straight_trajectory(
  File "/home/ibrahimoguz/FirefightingSoS/wildfire-rl-new/src/sosid/model/abm/trajectory.py", line 934, in generate_straight_trajectory
    raise NotImplementedError(
NotImplementedError: Takeoff and landing distances exceed total distance.
Traceback (most recent call last):
  File "/home/ibrahimoguz/.conda/envs/rl-env/lib/python3.10/multiprocessing/process.py", line 314, in _bootstrap
    self.run()
  File "/home/ibrahimoguz/.conda/envs/rl-env/lib/python3.10/multiprocessing/process.py", line 108, in run
    self._target(*self._args, **self._kwargs)
  File "/home/ibrahimoguz/.conda/envs/rl-env/lib/python3.10/site-packages/stable_baselines3/common/vec_env/subproc_vec_env.py", line 35, in _worker
    observation, reward, terminated, truncated, info = env.step(data)
  File "/home/ibrahimoguz/FirefightingSoS/wildfire-rl-new/examples/wildfire/ppo_runner.py", line 1931, in step
    self._advance_time_window()
  File "/home/ibrahimoguz/FirefightingSoS/wildfire-rl-new/examples/wildfire/ppo_runner.py", line 1362, in _advance_time_window
    self.sim.step(force=True)
  File "/home/ibrahimoguz/FirefightingSoS/wildfire-rl-new/src/sosid/simulation/simulation.py", line 353, in step
    self.step_all_models()
  File "/home/ibrahimoguz/FirefightingSoS/wildfire-rl-new/examples/wildfire/simulation.py", line 1315, in step_all_models
    super().step_all_models()
  File "/home/ibrahimoguz/FirefightingSoS/wildfire-rl-new/src/sosid/simulation/simulation.py", line 373, in step_all_models
    model.step()
  File "/home/ibrahimoguz/FirefightingSoS/wildfire-rl-new/examples/wildfire/firefighter_model/model.py", line 452, in step
    self.schedule.step()
  File "/home/ibrahimoguz/FirefightingSoS/wildfire-rl-new/src/sosid/model/abm/schedule.py", line 112, in step
    self.step_breed(agent_class)
  File "/home/ibrahimoguz/FirefightingSoS/wildfire-rl-new/src/sosid/model/abm/schedule.py", line 125, in step_breed
    self.agents_by_breed[breed][agent_key].step()
  File "/home/ibrahimoguz/FirefightingSoS/wildfire-rl-new/src/sosid/model/abm/agent.py", line 342, in step
    super().step()
  File "/home/ibrahimoguz/FirefightingSoS/wildfire-rl-new/src/sosid/model/abm/special_agents.py", line 110, in step
    super().step()
  File "/home/ibrahimoguz/FirefightingSoS/wildfire-rl-new/src/sosid/model/abm/agent.py", line 381, in step
    self.tasks.run_active()
  File "/home/ibrahimoguz/FirefightingSoS/wildfire-rl-new/src/sosid/model/abm/task.py", line 364, in run_active
    with self.active_task.run(self.agent) as status:
  File "/home/ibrahimoguz/.conda/envs/rl-env/lib/python3.10/contextlib.py", line 142, in __exit__
    next(self.gen)
  File "/home/ibrahimoguz/FirefightingSoS/wildfire-rl-new/src/sosid/model/abm/task.py", line 205, in run
    self.complete_method(agent)
  File "/home/ibrahimoguz/FirefightingSoS/wildfire-rl-new/examples/wildfire/firefighter_model/tactic_pieces/select_poi.py", line 44, in complete_method
    to_base_trajectory = generate_straight_trajectory(
  File "/home/ibrahimoguz/FirefightingSoS/wildfire-rl-new/src/sosid/model/abm/trajectory.py", line 934, in generate_straight_trajectory
    raise NotImplementedError(
NotImplementedError: Takeoff and landing distances exceed total distance.
Process ForkProcess-21:
Process ForkProcess-19:
Process ForkProcess-5:
Traceback (most recent call last):
  File "/home/ibrahimoguz/.conda/envs/rl-env/lib/python3.10/multiprocessing/process.py", line 314, in _bootstrap
    self.run()
  File "/home/ibrahimoguz/.conda/envs/rl-env/lib/python3.10/multiprocessing/process.py", line 108, in run
    self._target(*self._args, **self._kwargs)
  File "/home/ibrahimoguz/.conda/envs/rl-env/lib/python3.10/site-packages/stable_baselines3/common/vec_env/subproc_vec_env.py", line 35, in _worker
    observation, reward, terminated, truncated, info = env.step(data)
  File "/home/ibrahimoguz/FirefightingSoS/wildfire-rl-new/examples/wildfire/ppo_runner.py", line 1931, in step
    self._advance_time_window()
  File "/home/ibrahimoguz/FirefightingSoS/wildfire-rl-new/examples/wildfire/ppo_runner.py", line 1362, in _advance_time_window
    self.sim.step(force=True)
  File "/home/ibrahimoguz/FirefightingSoS/wildfire-rl-new/src/sosid/simulation/simulation.py", line 353, in step
    self.step_all_models()
  File "/home/ibrahimoguz/FirefightingSoS/wildfire-rl-new/examples/wildfire/simulation.py", line 1315, in step_all_models
    super().step_all_models()
  File "/home/ibrahimoguz/FirefightingSoS/wildfire-rl-new/src/sosid/simulation/simulation.py", line 373, in step_all_models
    model.step()
  File "/home/ibrahimoguz/FirefightingSoS/wildfire-rl-new/examples/wildfire/firefighter_model/model.py", line 452, in step
    self.schedule.step()
  File "/home/ibrahimoguz/FirefightingSoS/wildfire-rl-new/src/sosid/model/abm/schedule.py", line 112, in step
    self.step_breed(agent_class)
  File "/home/ibrahimoguz/FirefightingSoS/wildfire-rl-new/src/sosid/model/abm/schedule.py", line 125, in step_breed
    self.agents_by_breed[breed][agent_key].step()
  File "/home/ibrahimoguz/FirefightingSoS/wildfire-rl-new/src/sosid/model/abm/agent.py", line 342, in step
    super().step()
  File "/home/ibrahimoguz/FirefightingSoS/wildfire-rl-new/src/sosid/model/abm/special_agents.py", line 110, in step
    super().step()
  File "/home/ibrahimoguz/FirefightingSoS/wildfire-rl-new/src/sosid/model/abm/agent.py", line 381, in step
    self.tasks.run_active()
  File "/home/ibrahimoguz/FirefightingSoS/wildfire-rl-new/src/sosid/model/abm/task.py", line 364, in run_active
    with self.active_task.run(self.agent) as status:
  File "/home/ibrahimoguz/.conda/envs/rl-env/lib/python3.10/contextlib.py", line 142, in __exit__
    next(self.gen)
  File "/home/ibrahimoguz/FirefightingSoS/wildfire-rl-new/src/sosid/model/abm/task.py", line 205, in run
    self.complete_method(agent)
  File "/home/ibrahimoguz/FirefightingSoS/wildfire-rl-new/examples/wildfire/firefighter_model/tactic_pieces/select_poi.py", line 44, in complete_method
    to_base_trajectory = generate_straight_trajectory(
  File "/home/ibrahimoguz/FirefightingSoS/wildfire-rl-new/src/sosid/model/abm/trajectory.py", line 934, in generate_straight_trajectory
    raise NotImplementedError(
NotImplementedError: Takeoff and landing distances exceed total distance.
Process ForkProcess-12:
Traceback (most recent call last):
  File "/home/ibrahimoguz/.conda/envs/rl-env/lib/python3.10/multiprocessing/process.py", line 314, in _bootstrap
    self.run()
  File "/home/ibrahimoguz/.conda/envs/rl-env/lib/python3.10/multiprocessing/process.py", line 108, in run
    self._target(*self._args, **self._kwargs)
  File "/home/ibrahimoguz/.conda/envs/rl-env/lib/python3.10/site-packages/stable_baselines3/common/vec_env/subproc_vec_env.py", line 35, in _worker
    observation, reward, terminated, truncated, info = env.step(data)
  File "/home/ibrahimoguz/FirefightingSoS/wildfire-rl-new/examples/wildfire/ppo_runner.py", line 1931, in step
    self._advance_time_window()
  File "/home/ibrahimoguz/FirefightingSoS/wildfire-rl-new/examples/wildfire/ppo_runner.py", line 1362, in _advance_time_window
    self.sim.step(force=True)
  File "/home/ibrahimoguz/FirefightingSoS/wildfire-rl-new/src/sosid/simulation/simulation.py", line 353, in step
    self.step_all_models()
  File "/home/ibrahimoguz/FirefightingSoS/wildfire-rl-new/examples/wildfire/simulation.py", line 1315, in step_all_models
    super().step_all_models()
  File "/home/ibrahimoguz/FirefightingSoS/wildfire-rl-new/src/sosid/simulation/simulation.py", line 373, in step_all_models
    model.step()
  File "/home/ibrahimoguz/FirefightingSoS/wildfire-rl-new/examples/wildfire/firefighter_model/model.py", line 452, in step
    self.schedule.step()
  File "/home/ibrahimoguz/FirefightingSoS/wildfire-rl-new/src/sosid/model/abm/schedule.py", line 112, in step
    self.step_breed(agent_class)
  File "/home/ibrahimoguz/FirefightingSoS/wildfire-rl-new/src/sosid/model/abm/schedule.py", line 125, in step_breed
    self.agents_by_breed[breed][agent_key].step()
  File "/home/ibrahimoguz/FirefightingSoS/wildfire-rl-new/src/sosid/model/abm/agent.py", line 342, in step
    super().step()
  File "/home/ibrahimoguz/FirefightingSoS/wildfire-rl-new/src/sosid/model/abm/special_agents.py", line 110, in step
    super().step()
  File "/home/ibrahimoguz/FirefightingSoS/wildfire-rl-new/src/sosid/model/abm/agent.py", line 381, in step
    self.tasks.run_active()
  File "/home/ibrahimoguz/FirefightingSoS/wildfire-rl-new/src/sosid/model/abm/task.py", line 364, in run_active
    with self.active_task.run(self.agent) as status:
  File "/home/ibrahimoguz/.conda/envs/rl-env/lib/python3.10/contextlib.py", line 142, in __exit__
    next(self.gen)
  File "/home/ibrahimoguz/FirefightingSoS/wildfire-rl-new/src/sosid/model/abm/task.py", line 205, in run
    self.complete_method(agent)
  File "/home/ibrahimoguz/FirefightingSoS/wildfire-rl-new/examples/wildfire/firefighter_model/tactic_pieces/select_poi.py", line 44, in complete_method
    to_base_trajectory = generate_straight_trajectory(
  File "/home/ibrahimoguz/FirefightingSoS/wildfire-rl-new/src/sosid/model/abm/trajectory.py", line 934, in generate_straight_trajectory
    raise NotImplementedError(
NotImplementedError: Takeoff and landing distances exceed total distance.
Process ForkProcess-1:
Traceback (most recent call last):
Traceback (most recent call last):
  File "/home/ibrahimoguz/.conda/envs/rl-env/lib/python3.10/multiprocessing/process.py", line 314, in _bootstrap
    self.run()
  File "/home/ibrahimoguz/.conda/envs/rl-env/lib/python3.10/multiprocessing/process.py", line 108, in run
    self._target(*self._args, **self._kwargs)
  File "/home/ibrahimoguz/.conda/envs/rl-env/lib/python3.10/site-packages/stable_baselines3/common/vec_env/subproc_vec_env.py", line 35, in _worker
    observation, reward, terminated, truncated, info = env.step(data)
  File "/home/ibrahimoguz/FirefightingSoS/wildfire-rl-new/examples/wildfire/ppo_runner.py", line 1931, in step
    self._advance_time_window()
  File "/home/ibrahimoguz/FirefightingSoS/wildfire-rl-new/examples/wildfire/ppo_runner.py", line 1362, in _advance_time_window
    self.sim.step(force=True)
  File "/home/ibrahimoguz/FirefightingSoS/wildfire-rl-new/src/sosid/simulation/simulation.py", line 353, in step
    self.step_all_models()
  File "/home/ibrahimoguz/FirefightingSoS/wildfire-rl-new/examples/wildfire/simulation.py", line 1315, in step_all_models
    super().step_all_models()
  File "/home/ibrahimoguz/FirefightingSoS/wildfire-rl-new/src/sosid/simulation/simulation.py", line 373, in step_all_models
    model.step()
  File "/home/ibrahimoguz/FirefightingSoS/wildfire-rl-new/examples/wildfire/firefighter_model/model.py", line 452, in step
    self.schedule.step()
  File "/home/ibrahimoguz/FirefightingSoS/wildfire-rl-new/src/sosid/model/abm/schedule.py", line 112, in step
    self.step_breed(agent_class)
  File "/home/ibrahimoguz/FirefightingSoS/wildfire-rl-new/src/sosid/model/abm/schedule.py", line 125, in step_breed
    self.agents_by_breed[breed][agent_key].step()
  File "/home/ibrahimoguz/FirefightingSoS/wildfire-rl-new/src/sosid/model/abm/agent.py", line 342, in step
    super().step()
  File "/home/ibrahimoguz/.conda/envs/rl-env/lib/python3.10/multiprocessing/process.py", line 314, in _bootstrap
    self.run()
  File "/home/ibrahimoguz/FirefightingSoS/wildfire-rl-new/src/sosid/model/abm/special_agents.py", line 110, in step
    super().step()
  File "/home/ibrahimoguz/.conda/envs/rl-env/lib/python3.10/multiprocessing/process.py", line 108, in run
    self._target(*self._args, **self._kwargs)
  File "/home/ibrahimoguz/FirefightingSoS/wildfire-rl-new/src/sosid/model/abm/agent.py", line 381, in step
    self.tasks.run_active()
  File "/home/ibrahimoguz/.conda/envs/rl-env/lib/python3.10/site-packages/stable_baselines3/common/vec_env/subproc_vec_env.py", line 35, in _worker
    observation, reward, terminated, truncated, info = env.step(data)
  File "/home/ibrahimoguz/FirefightingSoS/wildfire-rl-new/src/sosid/model/abm/task.py", line 364, in run_active
    with self.active_task.run(self.agent) as status:
  File "/home/ibrahimoguz/FirefightingSoS/wildfire-rl-new/examples/wildfire/ppo_runner.py", line 1931, in step
    self._advance_time_window()
  File "/home/ibrahimoguz/.conda/envs/rl-env/lib/python3.10/contextlib.py", line 142, in __exit__
    next(self.gen)
  File "/home/ibrahimoguz/FirefightingSoS/wildfire-rl-new/examples/wildfire/ppo_runner.py", line 1362, in _advance_time_window
    self.sim.step(force=True)
  File "/home/ibrahimoguz/FirefightingSoS/wildfire-rl-new/src/sosid/model/abm/task.py", line 205, in run
    self.complete_method(agent)
  File "/home/ibrahimoguz/FirefightingSoS/wildfire-rl-new/src/sosid/simulation/simulation.py", line 353, in step
    self.step_all_models()
  File "/home/ibrahimoguz/FirefightingSoS/wildfire-rl-new/examples/wildfire/firefighter_model/tactic_pieces/select_poi.py", line 44, in complete_method
    to_base_trajectory = generate_straight_trajectory(
  File "/home/ibrahimoguz/FirefightingSoS/wildfire-rl-new/examples/wildfire/simulation.py", line 1315, in step_all_models
    super().step_all_models()
  File "/home/ibrahimoguz/FirefightingSoS/wildfire-rl-new/src/sosid/model/abm/trajectory.py", line 934, in generate_straight_trajectory
    raise NotImplementedError(
  File "/home/ibrahimoguz/FirefightingSoS/wildfire-rl-new/src/sosid/simulation/simulation.py", line 373, in step_all_models
    model.step()
  File "/home/ibrahimoguz/FirefightingSoS/wildfire-rl-new/examples/wildfire/firefighter_model/model.py", line 452, in step
    self.schedule.step()
NotImplementedError: Takeoff and landing distances exceed total distance.
  File "/home/ibrahimoguz/FirefightingSoS/wildfire-rl-new/src/sosid/model/abm/schedule.py", line 112, in step
    self.step_breed(agent_class)
  File "/home/ibrahimoguz/FirefightingSoS/wildfire-rl-new/src/sosid/model/abm/schedule.py", line 125, in step_breed
    self.agents_by_breed[breed][agent_key].step()
  File "/home/ibrahimoguz/FirefightingSoS/wildfire-rl-new/src/sosid/model/abm/agent.py", line 342, in step
    super().step()
  File "/home/ibrahimoguz/FirefightingSoS/wildfire-rl-new/src/sosid/model/abm/special_agents.py", line 110, in step
    super().step()
  File "/home/ibrahimoguz/FirefightingSoS/wildfire-rl-new/src/sosid/model/abm/agent.py", line 381, in step
    self.tasks.run_active()
  File "/home/ibrahimoguz/FirefightingSoS/wildfire-rl-new/src/sosid/model/abm/task.py", line 364, in run_active
    with self.active_task.run(self.agent) as status:
  File "/home/ibrahimoguz/.conda/envs/rl-env/lib/python3.10/contextlib.py", line 142, in __exit__
    next(self.gen)
  File "/home/ibrahimoguz/FirefightingSoS/wildfire-rl-new/src/sosid/model/abm/task.py", line 205, in run
    self.complete_method(agent)
  File "/home/ibrahimoguz/FirefightingSoS/wildfire-rl-new/examples/wildfire/firefighter_model/tactic_pieces/select_poi.py", line 44, in complete_method
    to_base_trajectory = generate_straight_trajectory(
  File "/home/ibrahimoguz/FirefightingSoS/wildfire-rl-new/src/sosid/model/abm/trajectory.py", line 934, in generate_straight_trajectory
    raise NotImplementedError(
NotImplementedError: Takeoff and landing distances exceed total distance.
Traceback (most recent call last):
  File "/home/ibrahimoguz/.conda/envs/rl-env/lib/python3.10/multiprocessing/process.py", line 314, in _bootstrap
    self.run()
  File "/home/ibrahimoguz/.conda/envs/rl-env/lib/python3.10/multiprocessing/process.py", line 108, in run
    self._target(*self._args, **self._kwargs)
  File "/home/ibrahimoguz/.conda/envs/rl-env/lib/python3.10/site-packages/stable_baselines3/common/vec_env/subproc_vec_env.py", line 35, in _worker
    observation, reward, terminated, truncated, info = env.step(data)
  File "/home/ibrahimoguz/FirefightingSoS/wildfire-rl-new/examples/wildfire/ppo_runner.py", line 1931, in step
    self._advance_time_window()
  File "/home/ibrahimoguz/FirefightingSoS/wildfire-rl-new/examples/wildfire/ppo_runner.py", line 1362, in _advance_time_window
    self.sim.step(force=True)
  File "/home/ibrahimoguz/FirefightingSoS/wildfire-rl-new/src/sosid/simulation/simulation.py", line 353, in step
    self.step_all_models()
  File "/home/ibrahimoguz/FirefightingSoS/wildfire-rl-new/examples/wildfire/simulation.py", line 1315, in step_all_models
    super().step_all_models()
  File "/home/ibrahimoguz/FirefightingSoS/wildfire-rl-new/src/sosid/simulation/simulation.py", line 373, in step_all_models
    model.step()
  File "/home/ibrahimoguz/FirefightingSoS/wildfire-rl-new/examples/wildfire/firefighter_model/model.py", line 452, in step
    self.schedule.step()
  File "/home/ibrahimoguz/FirefightingSoS/wildfire-rl-new/src/sosid/model/abm/schedule.py", line 112, in step
    self.step_breed(agent_class)
  File "/home/ibrahimoguz/FirefightingSoS/wildfire-rl-new/src/sosid/model/abm/schedule.py", line 125, in step_breed
    self.agents_by_breed[breed][agent_key].step()
  File "/home/ibrahimoguz/FirefightingSoS/wildfire-rl-new/src/sosid/model/abm/agent.py", line 342, in step
    super().step()
  File "/home/ibrahimoguz/FirefightingSoS/wildfire-rl-new/src/sosid/model/abm/special_agents.py", line 110, in step
    super().step()
  File "/home/ibrahimoguz/FirefightingSoS/wildfire-rl-new/src/sosid/model/abm/agent.py", line 381, in step
    self.tasks.run_active()
  File "/home/ibrahimoguz/FirefightingSoS/wildfire-rl-new/src/sosid/model/abm/task.py", line 364, in run_active
    with self.active_task.run(self.agent) as status:
  File "/home/ibrahimoguz/.conda/envs/rl-env/lib/python3.10/contextlib.py", line 142, in __exit__
    next(self.gen)
  File "/home/ibrahimoguz/FirefightingSoS/wildfire-rl-new/src/sosid/model/abm/task.py", line 205, in run
    self.complete_method(agent)
  File "/home/ibrahimoguz/FirefightingSoS/wildfire-rl-new/examples/wildfire/firefighter_model/tactic_pieces/select_poi.py", line 44, in complete_method
    to_base_trajectory = generate_straight_trajectory(
  File "/home/ibrahimoguz/FirefightingSoS/wildfire-rl-new/src/sosid/model/abm/trajectory.py", line 934, in generate_straight_trajectory
    raise NotImplementedError(
NotImplementedError: Takeoff and landing distances exceed total distance.
Process ForkProcess-14:
Traceback (most recent call last):
  File "/home/ibrahimoguz/.conda/envs/rl-env/lib/python3.10/multiprocessing/process.py", line 314, in _bootstrap
    self.run()
  File "/home/ibrahimoguz/.conda/envs/rl-env/lib/python3.10/multiprocessing/process.py", line 108, in run
    self._target(*self._args, **self._kwargs)
  File "/home/ibrahimoguz/.conda/envs/rl-env/lib/python3.10/site-packages/stable_baselines3/common/vec_env/subproc_vec_env.py", line 35, in _worker
    observation, reward, terminated, truncated, info = env.step(data)
  File "/home/ibrahimoguz/FirefightingSoS/wildfire-rl-new/examples/wildfire/ppo_runner.py", line 1931, in step
    self._advance_time_window()
  File "/home/ibrahimoguz/FirefightingSoS/wildfire-rl-new/examples/wildfire/ppo_runner.py", line 1362, in _advance_time_window
    self.sim.step(force=True)
  File "/home/ibrahimoguz/FirefightingSoS/wildfire-rl-new/src/sosid/simulation/simulation.py", line 353, in step
    self.step_all_models()
  File "/home/ibrahimoguz/FirefightingSoS/wildfire-rl-new/examples/wildfire/simulation.py", line 1315, in step_all_models
    super().step_all_models()
  File "/home/ibrahimoguz/FirefightingSoS/wildfire-rl-new/src/sosid/simulation/simulation.py", line 373, in step_all_models
    model.step()
  File "/home/ibrahimoguz/FirefightingSoS/wildfire-rl-new/examples/wildfire/firefighter_model/model.py", line 452, in step
    self.schedule.step()
  File "/home/ibrahimoguz/FirefightingSoS/wildfire-rl-new/src/sosid/model/abm/schedule.py", line 112, in step
    self.step_breed(agent_class)
  File "/home/ibrahimoguz/FirefightingSoS/wildfire-rl-new/src/sosid/model/abm/schedule.py", line 125, in step_breed
    self.agents_by_breed[breed][agent_key].step()
  File "/home/ibrahimoguz/FirefightingSoS/wildfire-rl-new/src/sosid/model/abm/agent.py", line 342, in step
    super().step()
  File "/home/ibrahimoguz/FirefightingSoS/wildfire-rl-new/src/sosid/model/abm/special_agents.py", line 110, in step
    super().step()
  File "/home/ibrahimoguz/FirefightingSoS/wildfire-rl-new/src/sosid/model/abm/agent.py", line 381, in step
    self.tasks.run_active()
  File "/home/ibrahimoguz/FirefightingSoS/wildfire-rl-new/src/sosid/model/abm/task.py", line 364, in run_active
    with self.active_task.run(self.agent) as status:
  File "/home/ibrahimoguz/.conda/envs/rl-env/lib/python3.10/contextlib.py", line 142, in __exit__
    next(self.gen)
  File "/home/ibrahimoguz/FirefightingSoS/wildfire-rl-new/src/sosid/model/abm/task.py", line 205, in run
    self.complete_method(agent)
  File "/home/ibrahimoguz/FirefightingSoS/wildfire-rl-new/examples/wildfire/firefighter_model/tactic_pieces/select_poi.py", line 44, in complete_method
    to_base_trajectory = generate_straight_trajectory(
  File "/home/ibrahimoguz/FirefightingSoS/wildfire-rl-new/src/sosid/model/abm/trajectory.py", line 934, in generate_straight_trajectory
    raise NotImplementedError(
NotImplementedError: Takeoff and landing distances exceed total distance.
Traceback (most recent call last):
  File "/home/ibrahimoguz/.conda/envs/rl-env/lib/python3.10/multiprocessing/process.py", line 314, in _bootstrap
    self.run()
  File "/home/ibrahimoguz/.conda/envs/rl-env/lib/python3.10/multiprocessing/process.py", line 108, in run
    self._target(*self._args, **self._kwargs)
  File "/home/ibrahimoguz/.conda/envs/rl-env/lib/python3.10/site-packages/stable_baselines3/common/vec_env/subproc_vec_env.py", line 35, in _worker
    observation, reward, terminated, truncated, info = env.step(data)
  File "/home/ibrahimoguz/FirefightingSoS/wildfire-rl-new/examples/wildfire/ppo_runner.py", line 1931, in step
    self._advance_time_window()
  File "/home/ibrahimoguz/FirefightingSoS/wildfire-rl-new/examples/wildfire/ppo_runner.py", line 1362, in _advance_time_window
    self.sim.step(force=True)
  File "/home/ibrahimoguz/FirefightingSoS/wildfire-rl-new/src/sosid/simulation/simulation.py", line 353, in step
    self.step_all_models()
  File "/home/ibrahimoguz/FirefightingSoS/wildfire-rl-new/examples/wildfire/simulation.py", line 1315, in step_all_models
    super().step_all_models()
  File "/home/ibrahimoguz/FirefightingSoS/wildfire-rl-new/src/sosid/simulation/simulation.py", line 373, in step_all_models
    model.step()
  File "/home/ibrahimoguz/FirefightingSoS/wildfire-rl-new/examples/wildfire/firefighter_model/model.py", line 452, in step
    self.schedule.step()
  File "/home/ibrahimoguz/FirefightingSoS/wildfire-rl-new/src/sosid/model/abm/schedule.py", line 112, in step
    self.step_breed(agent_class)
  File "/home/ibrahimoguz/FirefightingSoS/wildfire-rl-new/src/sosid/model/abm/schedule.py", line 125, in step_breed
    self.agents_by_breed[breed][agent_key].step()
  File "/home/ibrahimoguz/FirefightingSoS/wildfire-rl-new/src/sosid/model/abm/agent.py", line 342, in step
    super().step()
  File "/home/ibrahimoguz/FirefightingSoS/wildfire-rl-new/src/sosid/model/abm/special_agents.py", line 110, in step
    super().step()
  File "/home/ibrahimoguz/FirefightingSoS/wildfire-rl-new/src/sosid/model/abm/agent.py", line 381, in step
    self.tasks.run_active()
  File "/home/ibrahimoguz/FirefightingSoS/wildfire-rl-new/src/sosid/model/abm/task.py", line 364, in run_active
    with self.active_task.run(self.agent) as status:
  File "/home/ibrahimoguz/.conda/envs/rl-env/lib/python3.10/contextlib.py", line 142, in __exit__
    next(self.gen)
  File "/home/ibrahimoguz/FirefightingSoS/wildfire-rl-new/src/sosid/model/abm/task.py", line 205, in run
    self.complete_method(agent)
  File "/home/ibrahimoguz/FirefightingSoS/wildfire-rl-new/examples/wildfire/firefighter_model/tactic_pieces/select_poi.py", line 44, in complete_method
    to_base_trajectory = generate_straight_trajectory(
  File "/home/ibrahimoguz/FirefightingSoS/wildfire-rl-new/src/sosid/model/abm/trajectory.py", line 934, in generate_straight_trajectory
    raise NotImplementedError(
NotImplementedError: Takeoff and landing distances exceed total distance.
Process ForkProcess-24:
Process ForkProcess-27:
Process ForkProcess-33:
Process ForkProcess-29:
Traceback (most recent call last):
  File "/home/ibrahimoguz/.conda/envs/rl-env/lib/python3.10/multiprocessing/process.py", line 314, in _bootstrap
    self.run()
  File "/home/ibrahimoguz/.conda/envs/rl-env/lib/python3.10/multiprocessing/process.py", line 108, in run
    self._target(*self._args, **self._kwargs)
  File "/home/ibrahimoguz/.conda/envs/rl-env/lib/python3.10/site-packages/stable_baselines3/common/vec_env/subproc_vec_env.py", line 35, in _worker
    observation, reward, terminated, truncated, info = env.step(data)
  File "/home/ibrahimoguz/FirefightingSoS/wildfire-rl-new/examples/wildfire/ppo_runner.py", line 1931, in step
    self._advance_time_window()
  File "/home/ibrahimoguz/FirefightingSoS/wildfire-rl-new/examples/wildfire/ppo_runner.py", line 1362, in _advance_time_window
    self.sim.step(force=True)
  File "/home/ibrahimoguz/FirefightingSoS/wildfire-rl-new/src/sosid/simulation/simulation.py", line 353, in step
    self.step_all_models()
  File "/home/ibrahimoguz/FirefightingSoS/wildfire-rl-new/examples/wildfire/simulation.py", line 1315, in step_all_models
    super().step_all_models()
  File "/home/ibrahimoguz/FirefightingSoS/wildfire-rl-new/src/sosid/simulation/simulation.py", line 373, in step_all_models
    model.step()
  File "/home/ibrahimoguz/FirefightingSoS/wildfire-rl-new/examples/wildfire/firefighter_model/model.py", line 452, in step
    self.schedule.step()
  File "/home/ibrahimoguz/FirefightingSoS/wildfire-rl-new/src/sosid/model/abm/schedule.py", line 112, in step
    self.step_breed(agent_class)
  File "/home/ibrahimoguz/FirefightingSoS/wildfire-rl-new/src/sosid/model/abm/schedule.py", line 125, in step_breed
    self.agents_by_breed[breed][agent_key].step()
  File "/home/ibrahimoguz/FirefightingSoS/wildfire-rl-new/src/sosid/model/abm/agent.py", line 342, in step
    super().step()
Traceback (most recent call last):
  File "/home/ibrahimoguz/FirefightingSoS/wildfire-rl-new/src/sosid/model/abm/special_agents.py", line 110, in step
    super().step()
  File "/home/ibrahimoguz/FirefightingSoS/wildfire-rl-new/src/sosid/model/abm/agent.py", line 381, in step
    self.tasks.run_active()
  File "/home/ibrahimoguz/FirefightingSoS/wildfire-rl-new/src/sosid/model/abm/task.py", line 364, in run_active
    with self.active_task.run(self.agent) as status:
  File "/home/ibrahimoguz/.conda/envs/rl-env/lib/python3.10/contextlib.py", line 142, in __exit__
    next(self.gen)
  File "/home/ibrahimoguz/FirefightingSoS/wildfire-rl-new/src/sosid/model/abm/task.py", line 205, in run
    self.complete_method(agent)
  File "/home/ibrahimoguz/FirefightingSoS/wildfire-rl-new/examples/wildfire/firefighter_model/tactic_pieces/select_poi.py", line 44, in complete_method
    to_base_trajectory = generate_straight_trajectory(
  File "/home/ibrahimoguz/FirefightingSoS/wildfire-rl-new/src/sosid/model/abm/trajectory.py", line 934, in generate_straight_trajectory
    raise NotImplementedError(
NotImplementedError: Takeoff and landing distances exceed total distance.
  File "/home/ibrahimoguz/.conda/envs/rl-env/lib/python3.10/multiprocessing/process.py", line 314, in _bootstrap
    self.run()
  File "/home/ibrahimoguz/.conda/envs/rl-env/lib/python3.10/multiprocessing/process.py", line 108, in run
    self._target(*self._args, **self._kwargs)
  File "/home/ibrahimoguz/.conda/envs/rl-env/lib/python3.10/site-packages/stable_baselines3/common/vec_env/subproc_vec_env.py", line 35, in _worker
    observation, reward, terminated, truncated, info = env.step(data)
  File "/home/ibrahimoguz/FirefightingSoS/wildfire-rl-new/examples/wildfire/ppo_runner.py", line 1931, in step
    self._advance_time_window()
  File "/home/ibrahimoguz/FirefightingSoS/wildfire-rl-new/examples/wildfire/ppo_runner.py", line 1362, in _advance_time_window
    self.sim.step(force=True)
  File "/home/ibrahimoguz/FirefightingSoS/wildfire-rl-new/src/sosid/simulation/simulation.py", line 353, in step
    self.step_all_models()
  File "/home/ibrahimoguz/FirefightingSoS/wildfire-rl-new/examples/wildfire/simulation.py", line 1315, in step_all_models
    super().step_all_models()
  File "/home/ibrahimoguz/FirefightingSoS/wildfire-rl-new/src/sosid/simulation/simulation.py", line 373, in step_all_models
    model.step()
  File "/home/ibrahimoguz/FirefightingSoS/wildfire-rl-new/examples/wildfire/firefighter_model/model.py", line 452, in step
    self.schedule.step()
  File "/home/ibrahimoguz/FirefightingSoS/wildfire-rl-new/src/sosid/model/abm/schedule.py", line 112, in step
    self.step_breed(agent_class)
  File "/home/ibrahimoguz/FirefightingSoS/wildfire-rl-new/src/sosid/model/abm/schedule.py", line 125, in step_breed
    self.agents_by_breed[breed][agent_key].step()
  File "/home/ibrahimoguz/FirefightingSoS/wildfire-rl-new/src/sosid/model/abm/agent.py", line 342, in step
    super().step()
  File "/home/ibrahimoguz/FirefightingSoS/wildfire-rl-new/src/sosid/model/abm/special_agents.py", line 110, in step
    super().step()
  File "/home/ibrahimoguz/FirefightingSoS/wildfire-rl-new/src/sosid/model/abm/agent.py", line 381, in step
    self.tasks.run_active()
  File "/home/ibrahimoguz/FirefightingSoS/wildfire-rl-new/src/sosid/model/abm/task.py", line 364, in run_active
    with self.active_task.run(self.agent) as status:
  File "/home/ibrahimoguz/.conda/envs/rl-env/lib/python3.10/contextlib.py", line 142, in __exit__
    next(self.gen)
  File "/home/ibrahimoguz/FirefightingSoS/wildfire-rl-new/src/sosid/model/abm/task.py", line 205, in run
    self.complete_method(agent)
  File "/home/ibrahimoguz/FirefightingSoS/wildfire-rl-new/examples/wildfire/firefighter_model/tactic_pieces/select_poi.py", line 44, in complete_method
    to_base_trajectory = generate_straight_trajectory(
  File "/home/ibrahimoguz/FirefightingSoS/wildfire-rl-new/src/sosid/model/abm/trajectory.py", line 934, in generate_straight_trajectory
    raise NotImplementedError(
NotImplementedError: Takeoff and landing distances exceed total distance.
Traceback (most recent call last):
  File "/home/ibrahimoguz/.conda/envs/rl-env/lib/python3.10/multiprocessing/process.py", line 314, in _bootstrap
    self.run()
  File "/home/ibrahimoguz/.conda/envs/rl-env/lib/python3.10/multiprocessing/process.py", line 108, in run
    self._target(*self._args, **self._kwargs)
  File "/home/ibrahimoguz/.conda/envs/rl-env/lib/python3.10/site-packages/stable_baselines3/common/vec_env/subproc_vec_env.py", line 35, in _worker
    observation, reward, terminated, truncated, info = env.step(data)
  File "/home/ibrahimoguz/FirefightingSoS/wildfire-rl-new/examples/wildfire/ppo_runner.py", line 1931, in step
    self._advance_time_window()
  File "/home/ibrahimoguz/FirefightingSoS/wildfire-rl-new/examples/wildfire/ppo_runner.py", line 1362, in _advance_time_window
    self.sim.step(force=True)
  File "/home/ibrahimoguz/FirefightingSoS/wildfire-rl-new/src/sosid/simulation/simulation.py", line 353, in step
    self.step_all_models()
  File "/home/ibrahimoguz/FirefightingSoS/wildfire-rl-new/examples/wildfire/simulation.py", line 1315, in step_all_models
    super().step_all_models()
  File "/home/ibrahimoguz/FirefightingSoS/wildfire-rl-new/src/sosid/simulation/simulation.py", line 373, in step_all_models
    model.step()
  File "/home/ibrahimoguz/FirefightingSoS/wildfire-rl-new/examples/wildfire/firefighter_model/model.py", line 452, in step
    self.schedule.step()
  File "/home/ibrahimoguz/FirefightingSoS/wildfire-rl-new/src/sosid/model/abm/schedule.py", line 112, in step
    self.step_breed(agent_class)
  File "/home/ibrahimoguz/FirefightingSoS/wildfire-rl-new/src/sosid/model/abm/schedule.py", line 125, in step_breed
    self.agents_by_breed[breed][agent_key].step()
  File "/home/ibrahimoguz/FirefightingSoS/wildfire-rl-new/src/sosid/model/abm/agent.py", line 342, in step
    super().step()
  File "/home/ibrahimoguz/FirefightingSoS/wildfire-rl-new/src/sosid/model/abm/special_agents.py", line 110, in step
    super().step()
  File "/home/ibrahimoguz/FirefightingSoS/wildfire-rl-new/src/sosid/model/abm/agent.py", line 381, in step
    self.tasks.run_active()
  File "/home/ibrahimoguz/FirefightingSoS/wildfire-rl-new/src/sosid/model/abm/task.py", line 364, in run_active
    with self.active_task.run(self.agent) as status:
  File "/home/ibrahimoguz/.conda/envs/rl-env/lib/python3.10/contextlib.py", line 142, in __exit__
    next(self.gen)
  File "/home/ibrahimoguz/FirefightingSoS/wildfire-rl-new/src/sosid/model/abm/task.py", line 205, in run
    self.complete_method(agent)
  File "/home/ibrahimoguz/FirefightingSoS/wildfire-rl-new/examples/wildfire/firefighter_model/tactic_pieces/select_poi.py", line 44, in complete_method
    to_base_trajectory = generate_straight_trajectory(
  File "/home/ibrahimoguz/FirefightingSoS/wildfire-rl-new/src/sosid/model/abm/trajectory.py", line 934, in generate_straight_trajectory
    raise NotImplementedError(
NotImplementedError: Takeoff and landing distances exceed total distance.
Traceback (most recent call last):
  File "/home/ibrahimoguz/.conda/envs/rl-env/lib/python3.10/multiprocessing/process.py", line 314, in _bootstrap
    self.run()
  File "/home/ibrahimoguz/.conda/envs/rl-env/lib/python3.10/multiprocessing/process.py", line 108, in run
    self._target(*self._args, **self._kwargs)
  File "/home/ibrahimoguz/.conda/envs/rl-env/lib/python3.10/site-packages/stable_baselines3/common/vec_env/subproc_vec_env.py", line 35, in _worker
    observation, reward, terminated, truncated, info = env.step(data)
  File "/home/ibrahimoguz/FirefightingSoS/wildfire-rl-new/examples/wildfire/ppo_runner.py", line 1931, in step
    self._advance_time_window()
  File "/home/ibrahimoguz/FirefightingSoS/wildfire-rl-new/examples/wildfire/ppo_runner.py", line 1362, in _advance_time_window
    self.sim.step(force=True)
  File "/home/ibrahimoguz/FirefightingSoS/wildfire-rl-new/src/sosid/simulation/simulation.py", line 353, in step
    self.step_all_models()
Traceback (most recent call last):
  File "/home/ibrahimoguz/FirefightingSoS/wildfire-rl-new/examples/wildfire/simulation.py", line 1315, in step_all_models
    super().step_all_models()
  File "/home/ibrahimoguz/FirefightingSoS/wildfire-rl-new/src/sosid/simulation/simulation.py", line 373, in step_all_models
    model.step()
  File "/home/ibrahimoguz/FirefightingSoS/wildfire-rl-new/examples/wildfire/firefighter_model/model.py", line 452, in step
    self.schedule.step()
  File "/home/ibrahimoguz/FirefightingSoS/wildfire-rl-new/src/sosid/model/abm/schedule.py", line 112, in step
    self.step_breed(agent_class)
  File "/home/ibrahimoguz/FirefightingSoS/wildfire-rl-new/src/sosid/model/abm/schedule.py", line 125, in step_breed
    self.agents_by_breed[breed][agent_key].step()
  File "/home/ibrahimoguz/FirefightingSoS/wildfire-rl-new/src/sosid/model/abm/agent.py", line 342, in step
    super().step()
  File "/home/ibrahimoguz/FirefightingSoS/wildfire-rl-new/src/sosid/model/abm/special_agents.py", line 110, in step
    super().step()
  File "/home/ibrahimoguz/FirefightingSoS/wildfire-rl-new/src/sosid/model/abm/agent.py", line 381, in step
    self.tasks.run_active()
  File "/home/ibrahimoguz/FirefightingSoS/wildfire-rl-new/src/sosid/model/abm/task.py", line 364, in run_active
    with self.active_task.run(self.agent) as status:
  File "/home/ibrahimoguz/.conda/envs/rl-env/lib/python3.10/contextlib.py", line 142, in __exit__
    next(self.gen)
  File "/home/ibrahimoguz/.conda/envs/rl-env/lib/python3.10/multiprocessing/process.py", line 314, in _bootstrap
    self.run()
  File "/home/ibrahimoguz/FirefightingSoS/wildfire-rl-new/src/sosid/model/abm/task.py", line 205, in run
    self.complete_method(agent)
  File "/home/ibrahimoguz/.conda/envs/rl-env/lib/python3.10/multiprocessing/process.py", line 108, in run
    self._target(*self._args, **self._kwargs)
  File "/home/ibrahimoguz/FirefightingSoS/wildfire-rl-new/examples/wildfire/firefighter_model/tactic_pieces/select_poi.py", line 44, in complete_method
    to_base_trajectory = generate_straight_trajectory(
  File "/home/ibrahimoguz/.conda/envs/rl-env/lib/python3.10/site-packages/stable_baselines3/common/vec_env/subproc_vec_env.py", line 35, in _worker
    observation, reward, terminated, truncated, info = env.step(data)
  File "/home/ibrahimoguz/FirefightingSoS/wildfire-rl-new/src/sosid/model/abm/trajectory.py", line 934, in generate_straight_trajectory
    raise NotImplementedError(
  File "/home/ibrahimoguz/FirefightingSoS/wildfire-rl-new/examples/wildfire/ppo_runner.py", line 1931, in step
    self._advance_time_window()
  File "/home/ibrahimoguz/FirefightingSoS/wildfire-rl-new/examples/wildfire/ppo_runner.py", line 1362, in _advance_time_window
    self.sim.step(force=True)
NotImplementedError: Takeoff and landing distances exceed total distance.
  File "/home/ibrahimoguz/FirefightingSoS/wildfire-rl-new/src/sosid/simulation/simulation.py", line 353, in step
    self.step_all_models()
  File "/home/ibrahimoguz/FirefightingSoS/wildfire-rl-new/examples/wildfire/simulation.py", line 1315, in step_all_models
    super().step_all_models()
  File "/home/ibrahimoguz/FirefightingSoS/wildfire-rl-new/src/sosid/simulation/simulation.py", line 373, in step_all_models
    model.step()
  File "/home/ibrahimoguz/FirefightingSoS/wildfire-rl-new/examples/wildfire/firefighter_model/model.py", line 452, in step
    self.schedule.step()
  File "/home/ibrahimoguz/FirefightingSoS/wildfire-rl-new/src/sosid/model/abm/schedule.py", line 112, in step
    self.step_breed(agent_class)
  File "/home/ibrahimoguz/FirefightingSoS/wildfire-rl-new/src/sosid/model/abm/schedule.py", line 125, in step_breed
    self.agents_by_breed[breed][agent_key].step()
  File "/home/ibrahimoguz/FirefightingSoS/wildfire-rl-new/src/sosid/model/abm/agent.py", line 342, in step
    super().step()
  File "/home/ibrahimoguz/FirefightingSoS/wildfire-rl-new/src/sosid/model/abm/special_agents.py", line 110, in step
    super().step()
  File "/home/ibrahimoguz/FirefightingSoS/wildfire-rl-new/src/sosid/model/abm/agent.py", line 381, in step
    self.tasks.run_active()
  File "/home/ibrahimoguz/FirefightingSoS/wildfire-rl-new/src/sosid/model/abm/task.py", line 364, in run_active
    with self.active_task.run(self.agent) as status:
  File "/home/ibrahimoguz/.conda/envs/rl-env/lib/python3.10/contextlib.py", line 142, in __exit__
    next(self.gen)
  File "/home/ibrahimoguz/FirefightingSoS/wildfire-rl-new/src/sosid/model/abm/task.py", line 205, in run
    self.complete_method(agent)
  File "/home/ibrahimoguz/FirefightingSoS/wildfire-rl-new/examples/wildfire/firefighter_model/tactic_pieces/select_poi.py", line 44, in complete_method
    to_base_trajectory = generate_straight_trajectory(
  File "/home/ibrahimoguz/FirefightingSoS/wildfire-rl-new/src/sosid/model/abm/trajectory.py", line 934, in generate_straight_trajectory
    raise NotImplementedError(
NotImplementedError: Takeoff and landing distances exceed total distance.
Process ForkProcess-22:
Process ForkProcess-9:
Process ForkProcess-18:
Traceback (most recent call last):
  File "/home/ibrahimoguz/.conda/envs/rl-env/lib/python3.10/multiprocessing/process.py", line 314, in _bootstrap
    self.run()
  File "/home/ibrahimoguz/.conda/envs/rl-env/lib/python3.10/multiprocessing/process.py", line 108, in run
    self._target(*self._args, **self._kwargs)
  File "/home/ibrahimoguz/.conda/envs/rl-env/lib/python3.10/site-packages/stable_baselines3/common/vec_env/subproc_vec_env.py", line 35, in _worker
    observation, reward, terminated, truncated, info = env.step(data)
  File "/home/ibrahimoguz/FirefightingSoS/wildfire-rl-new/examples/wildfire/ppo_runner.py", line 1931, in step
    self._advance_time_window()
  File "/home/ibrahimoguz/FirefightingSoS/wildfire-rl-new/examples/wildfire/ppo_runner.py", line 1362, in _advance_time_window
    self.sim.step(force=True)
  File "/home/ibrahimoguz/FirefightingSoS/wildfire-rl-new/src/sosid/simulation/simulation.py", line 353, in step
    self.step_all_models()
  File "/home/ibrahimoguz/FirefightingSoS/wildfire-rl-new/examples/wildfire/simulation.py", line 1315, in step_all_models
    super().step_all_models()
  File "/home/ibrahimoguz/FirefightingSoS/wildfire-rl-new/src/sosid/simulation/simulation.py", line 373, in step_all_models
    model.step()
  File "/home/ibrahimoguz/FirefightingSoS/wildfire-rl-new/examples/wildfire/firefighter_model/model.py", line 452, in step
    self.schedule.step()
  File "/home/ibrahimoguz/FirefightingSoS/wildfire-rl-new/src/sosid/model/abm/schedule.py", line 112, in step
    self.step_breed(agent_class)
  File "/home/ibrahimoguz/FirefightingSoS/wildfire-rl-new/src/sosid/model/abm/schedule.py", line 125, in step_breed
    self.agents_by_breed[breed][agent_key].step()
  File "/home/ibrahimoguz/FirefightingSoS/wildfire-rl-new/src/sosid/model/abm/agent.py", line 342, in step
    super().step()
  File "/home/ibrahimoguz/FirefightingSoS/wildfire-rl-new/src/sosid/model/abm/special_agents.py", line 110, in step
    super().step()
  File "/home/ibrahimoguz/FirefightingSoS/wildfire-rl-new/src/sosid/model/abm/agent.py", line 381, in step
    self.tasks.run_active()
  File "/home/ibrahimoguz/FirefightingSoS/wildfire-rl-new/src/sosid/model/abm/task.py", line 364, in run_active
    with self.active_task.run(self.agent) as status:
  File "/home/ibrahimoguz/.conda/envs/rl-env/lib/python3.10/contextlib.py", line 142, in __exit__
    next(self.gen)
  File "/home/ibrahimoguz/FirefightingSoS/wildfire-rl-new/src/sosid/model/abm/task.py", line 205, in run
    self.complete_method(agent)
  File "/home/ibrahimoguz/FirefightingSoS/wildfire-rl-new/examples/wildfire/firefighter_model/tactic_pieces/select_poi.py", line 44, in complete_method
    to_base_trajectory = generate_straight_trajectory(
  File "/home/ibrahimoguz/FirefightingSoS/wildfire-rl-new/src/sosid/model/abm/trajectory.py", line 934, in generate_straight_trajectory
    raise NotImplementedError(
NotImplementedError: Takeoff and landing distances exceed total distance.
Process ForkProcess-7:
Traceback (most recent call last):
  File "/home/ibrahimoguz/.conda/envs/rl-env/lib/python3.10/multiprocessing/process.py", line 314, in _bootstrap
    self.run()
  File "/home/ibrahimoguz/.conda/envs/rl-env/lib/python3.10/multiprocessing/process.py", line 108, in run
    self._target(*self._args, **self._kwargs)
  File "/home/ibrahimoguz/.conda/envs/rl-env/lib/python3.10/site-packages/stable_baselines3/common/vec_env/subproc_vec_env.py", line 35, in _worker
    observation, reward, terminated, truncated, info = env.step(data)
  File "/home/ibrahimoguz/FirefightingSoS/wildfire-rl-new/examples/wildfire/ppo_runner.py", line 1931, in step
    self._advance_time_window()
  File "/home/ibrahimoguz/FirefightingSoS/wildfire-rl-new/examples/wildfire/ppo_runner.py", line 1362, in _advance_time_window
    self.sim.step(force=True)
  File "/home/ibrahimoguz/FirefightingSoS/wildfire-rl-new/src/sosid/simulation/simulation.py", line 353, in step
    self.step_all_models()
  File "/home/ibrahimoguz/FirefightingSoS/wildfire-rl-new/examples/wildfire/simulation.py", line 1315, in step_all_models
    super().step_all_models()
  File "/home/ibrahimoguz/FirefightingSoS/wildfire-rl-new/src/sosid/simulation/simulation.py", line 373, in step_all_models
    model.step()
  File "/home/ibrahimoguz/FirefightingSoS/wildfire-rl-new/examples/wildfire/firefighter_model/model.py", line 452, in step
    self.schedule.step()
  File "/home/ibrahimoguz/FirefightingSoS/wildfire-rl-new/src/sosid/model/abm/schedule.py", line 112, in step
    self.step_breed(agent_class)
  File "/home/ibrahimoguz/FirefightingSoS/wildfire-rl-new/src/sosid/model/abm/schedule.py", line 125, in step_breed
    self.agents_by_breed[breed][agent_key].step()
  File "/home/ibrahimoguz/FirefightingSoS/wildfire-rl-new/src/sosid/model/abm/agent.py", line 342, in step
    super().step()
  File "/home/ibrahimoguz/FirefightingSoS/wildfire-rl-new/src/sosid/model/abm/special_agents.py", line 110, in step
    super().step()
  File "/home/ibrahimoguz/FirefightingSoS/wildfire-rl-new/src/sosid/model/abm/agent.py", line 381, in step
    self.tasks.run_active()
  File "/home/ibrahimoguz/FirefightingSoS/wildfire-rl-new/src/sosid/model/abm/task.py", line 364, in run_active
    with self.active_task.run(self.agent) as status:
  File "/home/ibrahimoguz/.conda/envs/rl-env/lib/python3.10/contextlib.py", line 142, in __exit__
    next(self.gen)
  File "/home/ibrahimoguz/FirefightingSoS/wildfire-rl-new/src/sosid/model/abm/task.py", line 205, in run
    self.complete_method(agent)
  File "/home/ibrahimoguz/FirefightingSoS/wildfire-rl-new/examples/wildfire/firefighter_model/tactic_pieces/select_poi.py", line 44, in complete_method
    to_base_trajectory = generate_straight_trajectory(
  File "/home/ibrahimoguz/FirefightingSoS/wildfire-rl-new/src/sosid/model/abm/trajectory.py", line 934, in generate_straight_trajectory
    raise NotImplementedError(
NotImplementedError: Takeoff and landing distances exceed total distance.
Process ForkProcess-20:
Traceback (most recent call last):
  File "/home/ibrahimoguz/.conda/envs/rl-env/lib/python3.10/multiprocessing/process.py", line 314, in _bootstrap
    self.run()
  File "/home/ibrahimoguz/.conda/envs/rl-env/lib/python3.10/multiprocessing/process.py", line 108, in run
    self._target(*self._args, **self._kwargs)
  File "/home/ibrahimoguz/.conda/envs/rl-env/lib/python3.10/site-packages/stable_baselines3/common/vec_env/subproc_vec_env.py", line 35, in _worker
    observation, reward, terminated, truncated, info = env.step(data)
  File "/home/ibrahimoguz/FirefightingSoS/wildfire-rl-new/examples/wildfire/ppo_runner.py", line 1931, in step
    self._advance_time_window()
  File "/home/ibrahimoguz/FirefightingSoS/wildfire-rl-new/examples/wildfire/ppo_runner.py", line 1362, in _advance_time_window
    self.sim.step(force=True)
  File "/home/ibrahimoguz/FirefightingSoS/wildfire-rl-new/src/sosid/simulation/simulation.py", line 353, in step
    self.step_all_models()
  File "/home/ibrahimoguz/FirefightingSoS/wildfire-rl-new/examples/wildfire/simulation.py", line 1315, in step_all_models
    super().step_all_models()
  File "/home/ibrahimoguz/FirefightingSoS/wildfire-rl-new/src/sosid/simulation/simulation.py", line 373, in step_all_models
    model.step()
  File "/home/ibrahimoguz/FirefightingSoS/wildfire-rl-new/examples/wildfire/firefighter_model/model.py", line 452, in step
    self.schedule.step()
  File "/home/ibrahimoguz/FirefightingSoS/wildfire-rl-new/src/sosid/model/abm/schedule.py", line 112, in step
    self.step_breed(agent_class)
  File "/home/ibrahimoguz/FirefightingSoS/wildfire-rl-new/src/sosid/model/abm/schedule.py", line 125, in step_breed
    self.agents_by_breed[breed][agent_key].step()
  File "/home/ibrahimoguz/FirefightingSoS/wildfire-rl-new/src/sosid/model/abm/agent.py", line 342, in step
    super().step()
  File "/home/ibrahimoguz/FirefightingSoS/wildfire-rl-new/src/sosid/model/abm/special_agents.py", line 110, in step
    super().step()
  File "/home/ibrahimoguz/FirefightingSoS/wildfire-rl-new/src/sosid/model/abm/agent.py", line 381, in step
    self.tasks.run_active()
  File "/home/ibrahimoguz/FirefightingSoS/wildfire-rl-new/src/sosid/model/abm/task.py", line 364, in run_active
    with self.active_task.run(self.agent) as status:
  File "/home/ibrahimoguz/.conda/envs/rl-env/lib/python3.10/contextlib.py", line 142, in __exit__
    next(self.gen)
  File "/home/ibrahimoguz/FirefightingSoS/wildfire-rl-new/src/sosid/model/abm/task.py", line 205, in run
    self.complete_method(agent)
  File "/home/ibrahimoguz/FirefightingSoS/wildfire-rl-new/examples/wildfire/firefighter_model/tactic_pieces/select_poi.py", line 44, in complete_method
    to_base_trajectory = generate_straight_trajectory(
  File "/home/ibrahimoguz/FirefightingSoS/wildfire-rl-new/src/sosid/model/abm/trajectory.py", line 934, in generate_straight_trajectory
    raise NotImplementedError(
NotImplementedError: Takeoff and landing distances exceed total distance.
Process ForkProcess-26:
Traceback (most recent call last):
  File "/home/ibrahimoguz/.conda/envs/rl-env/lib/python3.10/multiprocessing/process.py", line 314, in _bootstrap
    self.run()
  File "/home/ibrahimoguz/.conda/envs/rl-env/lib/python3.10/multiprocessing/process.py", line 108, in run
    self._target(*self._args, **self._kwargs)
  File "/home/ibrahimoguz/.conda/envs/rl-env/lib/python3.10/site-packages/stable_baselines3/common/vec_env/subproc_vec_env.py", line 35, in _worker
    observation, reward, terminated, truncated, info = env.step(data)
  File "/home/ibrahimoguz/FirefightingSoS/wildfire-rl-new/examples/wildfire/ppo_runner.py", line 1931, in step
    self._advance_time_window()
  File "/home/ibrahimoguz/FirefightingSoS/wildfire-rl-new/examples/wildfire/ppo_runner.py", line 1362, in _advance_time_window
    self.sim.step(force=True)
  File "/home/ibrahimoguz/FirefightingSoS/wildfire-rl-new/src/sosid/simulation/simulation.py", line 353, in step
    self.step_all_models()
  File "/home/ibrahimoguz/FirefightingSoS/wildfire-rl-new/examples/wildfire/simulation.py", line 1315, in step_all_models
    super().step_all_models()
  File "/home/ibrahimoguz/FirefightingSoS/wildfire-rl-new/src/sosid/simulation/simulation.py", line 373, in step_all_models
    model.step()
  File "/home/ibrahimoguz/FirefightingSoS/wildfire-rl-new/examples/wildfire/firefighter_model/model.py", line 452, in step
    self.schedule.step()
  File "/home/ibrahimoguz/FirefightingSoS/wildfire-rl-new/src/sosid/model/abm/schedule.py", line 112, in step
    self.step_breed(agent_class)
  File "/home/ibrahimoguz/FirefightingSoS/wildfire-rl-new/src/sosid/model/abm/schedule.py", line 125, in step_breed
    self.agents_by_breed[breed][agent_key].step()
  File "/home/ibrahimoguz/FirefightingSoS/wildfire-rl-new/src/sosid/model/abm/agent.py", line 342, in step
    super().step()
  File "/home/ibrahimoguz/FirefightingSoS/wildfire-rl-new/src/sosid/model/abm/special_agents.py", line 110, in step
    super().step()
  File "/home/ibrahimoguz/FirefightingSoS/wildfire-rl-new/src/sosid/model/abm/agent.py", line 381, in step
    self.tasks.run_active()
  File "/home/ibrahimoguz/FirefightingSoS/wildfire-rl-new/src/sosid/model/abm/task.py", line 364, in run_active
    with self.active_task.run(self.agent) as status:
  File "/home/ibrahimoguz/.conda/envs/rl-env/lib/python3.10/contextlib.py", line 142, in __exit__
    next(self.gen)
  File "/home/ibrahimoguz/FirefightingSoS/wildfire-rl-new/src/sosid/model/abm/task.py", line 205, in run
    self.complete_method(agent)
  File "/home/ibrahimoguz/FirefightingSoS/wildfire-rl-new/examples/wildfire/firefighter_model/tactic_pieces/select_poi.py", line 44, in complete_method
    to_base_trajectory = generate_straight_trajectory(
  File "/home/ibrahimoguz/FirefightingSoS/wildfire-rl-new/src/sosid/model/abm/trajectory.py", line 934, in generate_straight_trajectory
    raise NotImplementedError(
NotImplementedError: Takeoff and landing distances exceed total distance.
Traceback (most recent call last):
  File "/home/ibrahimoguz/.conda/envs/rl-env/lib/python3.10/multiprocessing/process.py", line 314, in _bootstrap
    self.run()
  File "/home/ibrahimoguz/.conda/envs/rl-env/lib/python3.10/multiprocessing/process.py", line 108, in run
    self._target(*self._args, **self._kwargs)
  File "/home/ibrahimoguz/.conda/envs/rl-env/lib/python3.10/site-packages/stable_baselines3/common/vec_env/subproc_vec_env.py", line 35, in _worker
    observation, reward, terminated, truncated, info = env.step(data)
  File "/home/ibrahimoguz/FirefightingSoS/wildfire-rl-new/examples/wildfire/ppo_runner.py", line 1931, in step
    self._advance_time_window()
  File "/home/ibrahimoguz/FirefightingSoS/wildfire-rl-new/examples/wildfire/ppo_runner.py", line 1362, in _advance_time_window
    self.sim.step(force=True)
  File "/home/ibrahimoguz/FirefightingSoS/wildfire-rl-new/src/sosid/simulation/simulation.py", line 353, in step
    self.step_all_models()
  File "/home/ibrahimoguz/FirefightingSoS/wildfire-rl-new/examples/wildfire/simulation.py", line 1315, in step_all_models
    super().step_all_models()
  File "/home/ibrahimoguz/FirefightingSoS/wildfire-rl-new/src/sosid/simulation/simulation.py", line 373, in step_all_models
    model.step()
  File "/home/ibrahimoguz/FirefightingSoS/wildfire-rl-new/examples/wildfire/firefighter_model/model.py", line 452, in step
    self.schedule.step()
  File "/home/ibrahimoguz/FirefightingSoS/wildfire-rl-new/src/sosid/model/abm/schedule.py", line 112, in step
    self.step_breed(agent_class)
  File "/home/ibrahimoguz/FirefightingSoS/wildfire-rl-new/src/sosid/model/abm/schedule.py", line 125, in step_breed
    self.agents_by_breed[breed][agent_key].step()
  File "/home/ibrahimoguz/FirefightingSoS/wildfire-rl-new/src/sosid/model/abm/agent.py", line 342, in step
    super().step()
  File "/home/ibrahimoguz/FirefightingSoS/wildfire-rl-new/src/sosid/model/abm/special_agents.py", line 110, in step
    super().step()
  File "/home/ibrahimoguz/FirefightingSoS/wildfire-rl-new/src/sosid/model/abm/agent.py", line 381, in step
    self.tasks.run_active()
  File "/home/ibrahimoguz/FirefightingSoS/wildfire-rl-new/src/sosid/model/abm/task.py", line 364, in run_active
    with self.active_task.run(self.agent) as status:
  File "/home/ibrahimoguz/.conda/envs/rl-env/lib/python3.10/contextlib.py", line 142, in __exit__
    next(self.gen)
  File "/home/ibrahimoguz/FirefightingSoS/wildfire-rl-new/src/sosid/model/abm/task.py", line 205, in run
    self.complete_method(agent)
  File "/home/ibrahimoguz/FirefightingSoS/wildfire-rl-new/examples/wildfire/firefighter_model/tactic_pieces/select_poi.py", line 44, in complete_method
    to_base_trajectory = generate_straight_trajectory(
  File "/home/ibrahimoguz/FirefightingSoS/wildfire-rl-new/src/sosid/model/abm/trajectory.py", line 934, in generate_straight_trajectory
    raise NotImplementedError(
NotImplementedError: Takeoff and landing distances exceed total distance.
Process ForkProcess-32:
Traceback (most recent call last):
  File "/home/ibrahimoguz/.conda/envs/rl-env/lib/python3.10/multiprocessing/process.py", line 314, in _bootstrap
    self.run()
  File "/home/ibrahimoguz/.conda/envs/rl-env/lib/python3.10/multiprocessing/process.py", line 108, in run
    self._target(*self._args, **self._kwargs)
  File "/home/ibrahimoguz/.conda/envs/rl-env/lib/python3.10/site-packages/stable_baselines3/common/vec_env/subproc_vec_env.py", line 35, in _worker
    observation, reward, terminated, truncated, info = env.step(data)
  File "/home/ibrahimoguz/FirefightingSoS/wildfire-rl-new/examples/wildfire/ppo_runner.py", line 1931, in step
    self._advance_time_window()
  File "/home/ibrahimoguz/FirefightingSoS/wildfire-rl-new/examples/wildfire/ppo_runner.py", line 1362, in _advance_time_window
    self.sim.step(force=True)
  File "/home/ibrahimoguz/FirefightingSoS/wildfire-rl-new/src/sosid/simulation/simulation.py", line 353, in step
    self.step_all_models()
  File "/home/ibrahimoguz/FirefightingSoS/wildfire-rl-new/examples/wildfire/simulation.py", line 1315, in step_all_models
    super().step_all_models()
  File "/home/ibrahimoguz/FirefightingSoS/wildfire-rl-new/src/sosid/simulation/simulation.py", line 373, in step_all_models
    model.step()
  File "/home/ibrahimoguz/FirefightingSoS/wildfire-rl-new/examples/wildfire/firefighter_model/model.py", line 452, in step
    self.schedule.step()
  File "/home/ibrahimoguz/FirefightingSoS/wildfire-rl-new/src/sosid/model/abm/schedule.py", line 112, in step
    self.step_breed(agent_class)
  File "/home/ibrahimoguz/FirefightingSoS/wildfire-rl-new/src/sosid/model/abm/schedule.py", line 125, in step_breed
    self.agents_by_breed[breed][agent_key].step()
  File "/home/ibrahimoguz/FirefightingSoS/wildfire-rl-new/src/sosid/model/abm/agent.py", line 342, in step
    super().step()
  File "/home/ibrahimoguz/FirefightingSoS/wildfire-rl-new/src/sosid/model/abm/special_agents.py", line 110, in step
    super().step()
  File "/home/ibrahimoguz/FirefightingSoS/wildfire-rl-new/src/sosid/model/abm/agent.py", line 381, in step
    self.tasks.run_active()
  File "/home/ibrahimoguz/FirefightingSoS/wildfire-rl-new/src/sosid/model/abm/task.py", line 364, in run_active
    with self.active_task.run(self.agent) as status:
  File "/home/ibrahimoguz/.conda/envs/rl-env/lib/python3.10/contextlib.py", line 142, in __exit__
    next(self.gen)
  File "/home/ibrahimoguz/FirefightingSoS/wildfire-rl-new/src/sosid/model/abm/task.py", line 205, in run
    self.complete_method(agent)
  File "/home/ibrahimoguz/FirefightingSoS/wildfire-rl-new/examples/wildfire/firefighter_model/tactic_pieces/select_poi.py", line 44, in complete_method
    to_base_trajectory = generate_straight_trajectory(
  File "/home/ibrahimoguz/FirefightingSoS/wildfire-rl-new/src/sosid/model/abm/trajectory.py", line 934, in generate_straight_trajectory
    raise NotImplementedError(
NotImplementedError: Takeoff and landing distances exceed total distance.
Traceback (most recent call last):
  File "/home/ibrahimoguz/.conda/envs/rl-env/lib/python3.10/multiprocessing/process.py", line 314, in _bootstrap
    self.run()
  File "/home/ibrahimoguz/.conda/envs/rl-env/lib/python3.10/multiprocessing/process.py", line 108, in run
    self._target(*self._args, **self._kwargs)
  File "/home/ibrahimoguz/.conda/envs/rl-env/lib/python3.10/site-packages/stable_baselines3/common/vec_env/subproc_vec_env.py", line 35, in _worker
    observation, reward, terminated, truncated, info = env.step(data)
  File "/home/ibrahimoguz/FirefightingSoS/wildfire-rl-new/examples/wildfire/ppo_runner.py", line 1931, in step
    self._advance_time_window()
  File "/home/ibrahimoguz/FirefightingSoS/wildfire-rl-new/examples/wildfire/ppo_runner.py", line 1362, in _advance_time_window
    self.sim.step(force=True)
  File "/home/ibrahimoguz/FirefightingSoS/wildfire-rl-new/src/sosid/simulation/simulation.py", line 353, in step
    self.step_all_models()
  File "/home/ibrahimoguz/FirefightingSoS/wildfire-rl-new/examples/wildfire/simulation.py", line 1315, in step_all_models
    super().step_all_models()
  File "/home/ibrahimoguz/FirefightingSoS/wildfire-rl-new/src/sosid/simulation/simulation.py", line 373, in step_all_models
    model.step()
  File "/home/ibrahimoguz/FirefightingSoS/wildfire-rl-new/examples/wildfire/firefighter_model/model.py", line 452, in step
    self.schedule.step()
  File "/home/ibrahimoguz/FirefightingSoS/wildfire-rl-new/src/sosid/model/abm/schedule.py", line 112, in step
    self.step_breed(agent_class)
  File "/home/ibrahimoguz/FirefightingSoS/wildfire-rl-new/src/sosid/model/abm/schedule.py", line 125, in step_breed
    self.agents_by_breed[breed][agent_key].step()
  File "/home/ibrahimoguz/FirefightingSoS/wildfire-rl-new/src/sosid/model/abm/agent.py", line 342, in step
    super().step()
  File "/home/ibrahimoguz/FirefightingSoS/wildfire-rl-new/src/sosid/model/abm/special_agents.py", line 110, in step
    super().step()
  File "/home/ibrahimoguz/FirefightingSoS/wildfire-rl-new/src/sosid/model/abm/agent.py", line 381, in step
    self.tasks.run_active()
  File "/home/ibrahimoguz/FirefightingSoS/wildfire-rl-new/src/sosid/model/abm/task.py", line 364, in run_active
    with self.active_task.run(self.agent) as status:
  File "/home/ibrahimoguz/.conda/envs/rl-env/lib/python3.10/contextlib.py", line 142, in __exit__
    next(self.gen)
  File "/home/ibrahimoguz/FirefightingSoS/wildfire-rl-new/src/sosid/model/abm/task.py", line 205, in run
    self.complete_method(agent)
  File "/home/ibrahimoguz/FirefightingSoS/wildfire-rl-new/examples/wildfire/firefighter_model/tactic_pieces/select_poi.py", line 44, in complete_method
    to_base_trajectory = generate_straight_trajectory(
  File "/home/ibrahimoguz/FirefightingSoS/wildfire-rl-new/src/sosid/model/abm/trajectory.py", line 934, in generate_straight_trajectory
    raise NotImplementedError(
NotImplementedError: Takeoff and landing distances exceed total distance.
Process ForkProcess-30:
Traceback (most recent call last):
  File "/home/ibrahimoguz/.conda/envs/rl-env/lib/python3.10/multiprocessing/process.py", line 314, in _bootstrap
    self.run()
  File "/home/ibrahimoguz/.conda/envs/rl-env/lib/python3.10/multiprocessing/process.py", line 108, in run
    self._target(*self._args, **self._kwargs)
  File "/home/ibrahimoguz/.conda/envs/rl-env/lib/python3.10/site-packages/stable_baselines3/common/vec_env/subproc_vec_env.py", line 35, in _worker
    observation, reward, terminated, truncated, info = env.step(data)
  File "/home/ibrahimoguz/FirefightingSoS/wildfire-rl-new/examples/wildfire/ppo_runner.py", line 1931, in step
    self._advance_time_window()
  File "/home/ibrahimoguz/FirefightingSoS/wildfire-rl-new/examples/wildfire/ppo_runner.py", line 1362, in _advance_time_window
    self.sim.step(force=True)
  File "/home/ibrahimoguz/FirefightingSoS/wildfire-rl-new/src/sosid/simulation/simulation.py", line 353, in step
    self.step_all_models()
  File "/home/ibrahimoguz/FirefightingSoS/wildfire-rl-new/examples/wildfire/simulation.py", line 1315, in step_all_models
    super().step_all_models()
  File "/home/ibrahimoguz/FirefightingSoS/wildfire-rl-new/src/sosid/simulation/simulation.py", line 373, in step_all_models
    model.step()
  File "/home/ibrahimoguz/FirefightingSoS/wildfire-rl-new/examples/wildfire/firefighter_model/model.py", line 452, in step
    self.schedule.step()
  File "/home/ibrahimoguz/FirefightingSoS/wildfire-rl-new/src/sosid/model/abm/schedule.py", line 112, in step
    self.step_breed(agent_class)
  File "/home/ibrahimoguz/FirefightingSoS/wildfire-rl-new/src/sosid/model/abm/schedule.py", line 125, in step_breed
    self.agents_by_breed[breed][agent_key].step()
  File "/home/ibrahimoguz/FirefightingSoS/wildfire-rl-new/src/sosid/model/abm/agent.py", line 342, in step
    super().step()
  File "/home/ibrahimoguz/FirefightingSoS/wildfire-rl-new/src/sosid/model/abm/special_agents.py", line 110, in step
    super().step()
  File "/home/ibrahimoguz/FirefightingSoS/wildfire-rl-new/src/sosid/model/abm/agent.py", line 381, in step
    self.tasks.run_active()
  File "/home/ibrahimoguz/FirefightingSoS/wildfire-rl-new/src/sosid/model/abm/task.py", line 364, in run_active
    with self.active_task.run(self.agent) as status:
  File "/home/ibrahimoguz/.conda/envs/rl-env/lib/python3.10/contextlib.py", line 142, in __exit__
    next(self.gen)
  File "/home/ibrahimoguz/FirefightingSoS/wildfire-rl-new/src/sosid/model/abm/task.py", line 205, in run
    self.complete_method(agent)
  File "/home/ibrahimoguz/FirefightingSoS/wildfire-rl-new/examples/wildfire/firefighter_model/tactic_pieces/select_poi.py", line 44, in complete_method
    to_base_trajectory = generate_straight_trajectory(
  File "/home/ibrahimoguz/FirefightingSoS/wildfire-rl-new/src/sosid/model/abm/trajectory.py", line 934, in generate_straight_trajectory
    raise NotImplementedError(
NotImplementedError: Takeoff and landing distances exceed total distance.
Traceback (most recent call last):
  File "/home/ibrahimoguz/.conda/envs/rl-env/lib/python3.10/multiprocessing/process.py", line 314, in _bootstrap
    self.run()
  File "/home/ibrahimoguz/.conda/envs/rl-env/lib/python3.10/multiprocessing/process.py", line 108, in run
    self._target(*self._args, **self._kwargs)
  File "/home/ibrahimoguz/.conda/envs/rl-env/lib/python3.10/site-packages/stable_baselines3/common/vec_env/subproc_vec_env.py", line 35, in _worker
    observation, reward, terminated, truncated, info = env.step(data)
  File "/home/ibrahimoguz/FirefightingSoS/wildfire-rl-new/examples/wildfire/ppo_runner.py", line 1931, in step
    self._advance_time_window()
  File "/home/ibrahimoguz/FirefightingSoS/wildfire-rl-new/examples/wildfire/ppo_runner.py", line 1362, in _advance_time_window
    self.sim.step(force=True)
  File "/home/ibrahimoguz/FirefightingSoS/wildfire-rl-new/src/sosid/simulation/simulation.py", line 353, in step
    self.step_all_models()
  File "/home/ibrahimoguz/FirefightingSoS/wildfire-rl-new/examples/wildfire/simulation.py", line 1315, in step_all_models
    super().step_all_models()
  File "/home/ibrahimoguz/FirefightingSoS/wildfire-rl-new/src/sosid/simulation/simulation.py", line 373, in step_all_models
    model.step()
  File "/home/ibrahimoguz/FirefightingSoS/wildfire-rl-new/examples/wildfire/firefighter_model/model.py", line 452, in step
    self.schedule.step()
  File "/home/ibrahimoguz/FirefightingSoS/wildfire-rl-new/src/sosid/model/abm/schedule.py", line 112, in step
    self.step_breed(agent_class)
  File "/home/ibrahimoguz/FirefightingSoS/wildfire-rl-new/src/sosid/model/abm/schedule.py", line 125, in step_breed
    self.agents_by_breed[breed][agent_key].step()
  File "/home/ibrahimoguz/FirefightingSoS/wildfire-rl-new/src/sosid/model/abm/agent.py", line 342, in step
    super().step()
  File "/home/ibrahimoguz/FirefightingSoS/wildfire-rl-new/src/sosid/model/abm/special_agents.py", line 110, in step
    super().step()
  File "/home/ibrahimoguz/FirefightingSoS/wildfire-rl-new/src/sosid/model/abm/agent.py", line 381, in step
    self.tasks.run_active()
  File "/home/ibrahimoguz/FirefightingSoS/wildfire-rl-new/src/sosid/model/abm/task.py", line 364, in run_active
    with self.active_task.run(self.agent) as status:
  File "/home/ibrahimoguz/.conda/envs/rl-env/lib/python3.10/contextlib.py", line 142, in __exit__
    next(self.gen)
  File "/home/ibrahimoguz/FirefightingSoS/wildfire-rl-new/src/sosid/model/abm/task.py", line 205, in run
    self.complete_method(agent)
  File "/home/ibrahimoguz/FirefightingSoS/wildfire-rl-new/examples/wildfire/firefighter_model/tactic_pieces/select_poi.py", line 44, in complete_method
    to_base_trajectory = generate_straight_trajectory(
  File "/home/ibrahimoguz/FirefightingSoS/wildfire-rl-new/src/sosid/model/abm/trajectory.py", line 934, in generate_straight_trajectory
    raise NotImplementedError(
NotImplementedError: Takeoff and landing distances exceed total distance.
Traceback (most recent call last):
  File "/home/ibrahimoguz/.conda/envs/rl-env/lib/python3.10/multiprocessing/process.py", line 314, in _bootstrap
    self.run()
  File "/home/ibrahimoguz/.conda/envs/rl-env/lib/python3.10/multiprocessing/process.py", line 108, in run
    self._target(*self._args, **self._kwargs)
  File "/home/ibrahimoguz/.conda/envs/rl-env/lib/python3.10/site-packages/stable_baselines3/common/vec_env/subproc_vec_env.py", line 35, in _worker
    observation, reward, terminated, truncated, info = env.step(data)
  File "/home/ibrahimoguz/FirefightingSoS/wildfire-rl-new/examples/wildfire/ppo_runner.py", line 1931, in step
    self._advance_time_window()
  File "/home/ibrahimoguz/FirefightingSoS/wildfire-rl-new/examples/wildfire/ppo_runner.py", line 1362, in _advance_time_window
    self.sim.step(force=True)
  File "/home/ibrahimoguz/FirefightingSoS/wildfire-rl-new/src/sosid/simulation/simulation.py", line 353, in step
    self.step_all_models()
  File "/home/ibrahimoguz/FirefightingSoS/wildfire-rl-new/examples/wildfire/simulation.py", line 1315, in step_all_models
    super().step_all_models()
  File "/home/ibrahimoguz/FirefightingSoS/wildfire-rl-new/src/sosid/simulation/simulation.py", line 373, in step_all_models
    model.step()
  File "/home/ibrahimoguz/FirefightingSoS/wildfire-rl-new/examples/wildfire/firefighter_model/model.py", line 452, in step
    self.schedule.step()
  File "/home/ibrahimoguz/FirefightingSoS/wildfire-rl-new/src/sosid/model/abm/schedule.py", line 112, in step
    self.step_breed(agent_class)
  File "/home/ibrahimoguz/FirefightingSoS/wildfire-rl-new/src/sosid/model/abm/schedule.py", line 125, in step_breed
    self.agents_by_breed[breed][agent_key].step()
  File "/home/ibrahimoguz/FirefightingSoS/wildfire-rl-new/src/sosid/model/abm/agent.py", line 342, in step
    super().step()
  File "/home/ibrahimoguz/FirefightingSoS/wildfire-rl-new/src/sosid/model/abm/special_agents.py", line 110, in step
    super().step()
  File "/home/ibrahimoguz/FirefightingSoS/wildfire-rl-new/src/sosid/model/abm/agent.py", line 381, in step
    self.tasks.run_active()
  File "/home/ibrahimoguz/FirefightingSoS/wildfire-rl-new/src/sosid/model/abm/task.py", line 364, in run_active
    with self.active_task.run(self.agent) as status:
  File "/home/ibrahimoguz/.conda/envs/rl-env/lib/python3.10/contextlib.py", line 142, in __exit__
    next(self.gen)
  File "/home/ibrahimoguz/FirefightingSoS/wildfire-rl-new/src/sosid/model/abm/task.py", line 205, in run
    self.complete_method(agent)
  File "/home/ibrahimoguz/FirefightingSoS/wildfire-rl-new/examples/wildfire/firefighter_model/tactic_pieces/select_poi.py", line 44, in complete_method
    to_base_trajectory = generate_straight_trajectory(
  File "/home/ibrahimoguz/FirefightingSoS/wildfire-rl-new/src/sosid/model/abm/trajectory.py", line 934, in generate_straight_trajectory
    raise NotImplementedError(
NotImplementedError: Takeoff and landing distances exceed total distance.
Process ForkProcess-15:
Traceback (most recent call last):
  File "/home/ibrahimoguz/.conda/envs/rl-env/lib/python3.10/multiprocessing/process.py", line 314, in _bootstrap
    self.run()
  File "/home/ibrahimoguz/.conda/envs/rl-env/lib/python3.10/multiprocessing/process.py", line 108, in run
    self._target(*self._args, **self._kwargs)
  File "/home/ibrahimoguz/.conda/envs/rl-env/lib/python3.10/site-packages/stable_baselines3/common/vec_env/subproc_vec_env.py", line 35, in _worker
    observation, reward, terminated, truncated, info = env.step(data)
  File "/home/ibrahimoguz/FirefightingSoS/wildfire-rl-new/examples/wildfire/ppo_runner.py", line 1931, in step
    self._advance_time_window()
  File "/home/ibrahimoguz/FirefightingSoS/wildfire-rl-new/examples/wildfire/ppo_runner.py", line 1362, in _advance_time_window
    self.sim.step(force=True)
  File "/home/ibrahimoguz/FirefightingSoS/wildfire-rl-new/src/sosid/simulation/simulation.py", line 353, in step
    self.step_all_models()
  File "/home/ibrahimoguz/FirefightingSoS/wildfire-rl-new/examples/wildfire/simulation.py", line 1315, in step_all_models
    super().step_all_models()
  File "/home/ibrahimoguz/FirefightingSoS/wildfire-rl-new/src/sosid/simulation/simulation.py", line 373, in step_all_models
    model.step()
  File "/home/ibrahimoguz/FirefightingSoS/wildfire-rl-new/examples/wildfire/firefighter_model/model.py", line 452, in step
    self.schedule.step()
  File "/home/ibrahimoguz/FirefightingSoS/wildfire-rl-new/src/sosid/model/abm/schedule.py", line 112, in step
    self.step_breed(agent_class)
  File "/home/ibrahimoguz/FirefightingSoS/wildfire-rl-new/src/sosid/model/abm/schedule.py", line 125, in step_breed
    self.agents_by_breed[breed][agent_key].step()
  File "/home/ibrahimoguz/FirefightingSoS/wildfire-rl-new/src/sosid/model/abm/agent.py", line 342, in step
    super().step()
  File "/home/ibrahimoguz/FirefightingSoS/wildfire-rl-new/src/sosid/model/abm/special_agents.py", line 110, in step
    super().step()
  File "/home/ibrahimoguz/FirefightingSoS/wildfire-rl-new/src/sosid/model/abm/agent.py", line 381, in step
    self.tasks.run_active()
  File "/home/ibrahimoguz/FirefightingSoS/wildfire-rl-new/src/sosid/model/abm/task.py", line 364, in run_active
    with self.active_task.run(self.agent) as status:
  File "/home/ibrahimoguz/.conda/envs/rl-env/lib/python3.10/contextlib.py", line 142, in __exit__
    next(self.gen)
  File "/home/ibrahimoguz/FirefightingSoS/wildfire-rl-new/src/sosid/model/abm/task.py", line 205, in run
    self.complete_method(agent)
  File "/home/ibrahimoguz/FirefightingSoS/wildfire-rl-new/examples/wildfire/firefighter_model/tactic_pieces/select_poi.py", line 44, in complete_method
    to_base_trajectory = generate_straight_trajectory(
  File "/home/ibrahimoguz/FirefightingSoS/wildfire-rl-new/src/sosid/model/abm/trajectory.py", line 934, in generate_straight_trajectory
    raise NotImplementedError(
NotImplementedError: Takeoff and landing distances exceed total distance.
Traceback (most recent call last):
  File "/home/ibrahimoguz/.conda/envs/rl-env/lib/python3.10/multiprocessing/process.py", line 314, in _bootstrap
    self.run()
  File "/home/ibrahimoguz/.conda/envs/rl-env/lib/python3.10/multiprocessing/process.py", line 108, in run
    self._target(*self._args, **self._kwargs)
  File "/home/ibrahimoguz/.conda/envs/rl-env/lib/python3.10/site-packages/stable_baselines3/common/vec_env/subproc_vec_env.py", line 35, in _worker
    observation, reward, terminated, truncated, info = env.step(data)
  File "/home/ibrahimoguz/FirefightingSoS/wildfire-rl-new/examples/wildfire/ppo_runner.py", line 1931, in step
    self._advance_time_window()
  File "/home/ibrahimoguz/FirefightingSoS/wildfire-rl-new/examples/wildfire/ppo_runner.py", line 1362, in _advance_time_window
    self.sim.step(force=True)
  File "/home/ibrahimoguz/FirefightingSoS/wildfire-rl-new/src/sosid/simulation/simulation.py", line 353, in step
    self.step_all_models()
  File "/home/ibrahimoguz/FirefightingSoS/wildfire-rl-new/examples/wildfire/simulation.py", line 1315, in step_all_models
    super().step_all_models()
  File "/home/ibrahimoguz/FirefightingSoS/wildfire-rl-new/src/sosid/simulation/simulation.py", line 373, in step_all_models
    model.step()
  File "/home/ibrahimoguz/FirefightingSoS/wildfire-rl-new/examples/wildfire/firefighter_model/model.py", line 452, in step
    self.schedule.step()
  File "/home/ibrahimoguz/FirefightingSoS/wildfire-rl-new/src/sosid/model/abm/schedule.py", line 112, in step
    self.step_breed(agent_class)
  File "/home/ibrahimoguz/FirefightingSoS/wildfire-rl-new/src/sosid/model/abm/schedule.py", line 125, in step_breed
    self.agents_by_breed[breed][agent_key].step()
  File "/home/ibrahimoguz/FirefightingSoS/wildfire-rl-new/src/sosid/model/abm/agent.py", line 342, in step
    super().step()
  File "/home/ibrahimoguz/FirefightingSoS/wildfire-rl-new/src/sosid/model/abm/special_agents.py", line 110, in step
    super().step()
  File "/home/ibrahimoguz/FirefightingSoS/wildfire-rl-new/src/sosid/model/abm/agent.py", line 381, in step
    self.tasks.run_active()
  File "/home/ibrahimoguz/FirefightingSoS/wildfire-rl-new/src/sosid/model/abm/task.py", line 364, in run_active
    with self.active_task.run(self.agent) as status:
  File "/home/ibrahimoguz/.conda/envs/rl-env/lib/python3.10/contextlib.py", line 142, in __exit__
    next(self.gen)
  File "/home/ibrahimoguz/FirefightingSoS/wildfire-rl-new/src/sosid/model/abm/task.py", line 205, in run
    self.complete_method(agent)
  File "/home/ibrahimoguz/FirefightingSoS/wildfire-rl-new/examples/wildfire/firefighter_model/tactic_pieces/select_poi.py", line 44, in complete_method
    to_base_trajectory = generate_straight_trajectory(
  File "/home/ibrahimoguz/FirefightingSoS/wildfire-rl-new/src/sosid/model/abm/trajectory.py", line 934, in generate_straight_trajectory
    raise NotImplementedError(
NotImplementedError: Takeoff and landing distances exceed total distance.
Process ForkProcess-31:
Traceback (most recent call last):
Traceback (most recent call last):
  File "/home/ibrahimoguz/.conda/envs/rl-env/lib/python3.10/multiprocessing/process.py", line 314, in _bootstrap
    self.run()
  File "/home/ibrahimoguz/.conda/envs/rl-env/lib/python3.10/multiprocessing/process.py", line 314, in _bootstrap
    self.run()
  File "/home/ibrahimoguz/.conda/envs/rl-env/lib/python3.10/multiprocessing/process.py", line 108, in run
    self._target(*self._args, **self._kwargs)
  File "/home/ibrahimoguz/.conda/envs/rl-env/lib/python3.10/multiprocessing/process.py", line 108, in run
    self._target(*self._args, **self._kwargs)
  File "/home/ibrahimoguz/.conda/envs/rl-env/lib/python3.10/site-packages/stable_baselines3/common/vec_env/subproc_vec_env.py", line 35, in _worker
    observation, reward, terminated, truncated, info = env.step(data)
  File "/home/ibrahimoguz/.conda/envs/rl-env/lib/python3.10/site-packages/stable_baselines3/common/vec_env/subproc_vec_env.py", line 35, in _worker
    observation, reward, terminated, truncated, info = env.step(data)
  File "/home/ibrahimoguz/FirefightingSoS/wildfire-rl-new/examples/wildfire/ppo_runner.py", line 1931, in step
    self._advance_time_window()
  File "/home/ibrahimoguz/FirefightingSoS/wildfire-rl-new/examples/wildfire/ppo_runner.py", line 1931, in step
    self._advance_time_window()
  File "/home/ibrahimoguz/FirefightingSoS/wildfire-rl-new/examples/wildfire/ppo_runner.py", line 1362, in _advance_time_window
    self.sim.step(force=True)
  File "/home/ibrahimoguz/FirefightingSoS/wildfire-rl-new/examples/wildfire/ppo_runner.py", line 1362, in _advance_time_window
    self.sim.step(force=True)
  File "/home/ibrahimoguz/FirefightingSoS/wildfire-rl-new/src/sosid/simulation/simulation.py", line 353, in step
    self.step_all_models()
  File "/home/ibrahimoguz/FirefightingSoS/wildfire-rl-new/src/sosid/simulation/simulation.py", line 353, in step
    self.step_all_models()
  File "/home/ibrahimoguz/FirefightingSoS/wildfire-rl-new/examples/wildfire/simulation.py", line 1315, in step_all_models
    super().step_all_models()
  File "/home/ibrahimoguz/FirefightingSoS/wildfire-rl-new/examples/wildfire/simulation.py", line 1315, in step_all_models
    super().step_all_models()
  File "/home/ibrahimoguz/FirefightingSoS/wildfire-rl-new/src/sosid/simulation/simulation.py", line 373, in step_all_models
    model.step()
  File "/home/ibrahimoguz/FirefightingSoS/wildfire-rl-new/src/sosid/simulation/simulation.py", line 373, in step_all_models
    model.step()
  File "/home/ibrahimoguz/FirefightingSoS/wildfire-rl-new/examples/wildfire/firefighter_model/model.py", line 452, in step
    self.schedule.step()
  File "/home/ibrahimoguz/FirefightingSoS/wildfire-rl-new/examples/wildfire/firefighter_model/model.py", line 452, in step
    self.schedule.step()
  File "/home/ibrahimoguz/FirefightingSoS/wildfire-rl-new/src/sosid/model/abm/schedule.py", line 112, in step
    self.step_breed(agent_class)
  File "/home/ibrahimoguz/FirefightingSoS/wildfire-rl-new/src/sosid/model/abm/schedule.py", line 112, in step
    self.step_breed(agent_class)
  File "/home/ibrahimoguz/FirefightingSoS/wildfire-rl-new/src/sosid/model/abm/schedule.py", line 125, in step_breed
    self.agents_by_breed[breed][agent_key].step()
  File "/home/ibrahimoguz/FirefightingSoS/wildfire-rl-new/src/sosid/model/abm/schedule.py", line 125, in step_breed
    self.agents_by_breed[breed][agent_key].step()
  File "/home/ibrahimoguz/FirefightingSoS/wildfire-rl-new/src/sosid/model/abm/agent.py", line 342, in step
    super().step()
  File "/home/ibrahimoguz/FirefightingSoS/wildfire-rl-new/src/sosid/model/abm/agent.py", line 342, in step
    super().step()
  File "/home/ibrahimoguz/FirefightingSoS/wildfire-rl-new/src/sosid/model/abm/special_agents.py", line 110, in step
    super().step()
  File "/home/ibrahimoguz/FirefightingSoS/wildfire-rl-new/src/sosid/model/abm/special_agents.py", line 110, in step
    super().step()
  File "/home/ibrahimoguz/FirefightingSoS/wildfire-rl-new/src/sosid/model/abm/agent.py", line 381, in step
    self.tasks.run_active()
  File "/home/ibrahimoguz/FirefightingSoS/wildfire-rl-new/src/sosid/model/abm/agent.py", line 381, in step
    self.tasks.run_active()
  File "/home/ibrahimoguz/FirefightingSoS/wildfire-rl-new/src/sosid/model/abm/task.py", line 364, in run_active
    with self.active_task.run(self.agent) as status:
  File "/home/ibrahimoguz/FirefightingSoS/wildfire-rl-new/src/sosid/model/abm/task.py", line 364, in run_active
    with self.active_task.run(self.agent) as status:
  File "/home/ibrahimoguz/.conda/envs/rl-env/lib/python3.10/contextlib.py", line 142, in __exit__
    next(self.gen)
  File "/home/ibrahimoguz/.conda/envs/rl-env/lib/python3.10/contextlib.py", line 142, in __exit__
    next(self.gen)
  File "/home/ibrahimoguz/FirefightingSoS/wildfire-rl-new/src/sosid/model/abm/task.py", line 205, in run
    self.complete_method(agent)
  File "/home/ibrahimoguz/FirefightingSoS/wildfire-rl-new/src/sosid/model/abm/task.py", line 205, in run
    self.complete_method(agent)
  File "/home/ibrahimoguz/FirefightingSoS/wildfire-rl-new/examples/wildfire/firefighter_model/tactic_pieces/select_poi.py", line 44, in complete_method
    to_base_trajectory = generate_straight_trajectory(
  File "/home/ibrahimoguz/FirefightingSoS/wildfire-rl-new/examples/wildfire/firefighter_model/tactic_pieces/select_poi.py", line 44, in complete_method
    to_base_trajectory = generate_straight_trajectory(
  File "/home/ibrahimoguz/FirefightingSoS/wildfire-rl-new/src/sosid/model/abm/trajectory.py", line 934, in generate_straight_trajectory
    raise NotImplementedError(
  File "/home/ibrahimoguz/FirefightingSoS/wildfire-rl-new/src/sosid/model/abm/trajectory.py", line 934, in generate_straight_trajectory
    raise NotImplementedError(
NotImplementedError: Takeoff and landing distances exceed total distance.
NotImplementedError: Takeoff and landing distances exceed total distance.
Traceback (most recent call last):
  File "/home/ibrahimoguz/.conda/envs/rl-env/lib/python3.10/multiprocessing/process.py", line 314, in _bootstrap
    self.run()
  File "/home/ibrahimoguz/.conda/envs/rl-env/lib/python3.10/multiprocessing/process.py", line 108, in run
    self._target(*self._args, **self._kwargs)
  File "/home/ibrahimoguz/.conda/envs/rl-env/lib/python3.10/site-packages/stable_baselines3/common/vec_env/subproc_vec_env.py", line 35, in _worker
    observation, reward, terminated, truncated, info = env.step(data)
  File "/home/ibrahimoguz/FirefightingSoS/wildfire-rl-new/examples/wildfire/ppo_runner.py", line 1931, in step
    self._advance_time_window()
  File "/home/ibrahimoguz/FirefightingSoS/wildfire-rl-new/examples/wildfire/ppo_runner.py", line 1362, in _advance_time_window
    self.sim.step(force=True)
  File "/home/ibrahimoguz/FirefightingSoS/wildfire-rl-new/src/sosid/simulation/simulation.py", line 353, in step
    self.step_all_models()
  File "/home/ibrahimoguz/FirefightingSoS/wildfire-rl-new/examples/wildfire/simulation.py", line 1315, in step_all_models
    super().step_all_models()
  File "/home/ibrahimoguz/FirefightingSoS/wildfire-rl-new/src/sosid/simulation/simulation.py", line 373, in step_all_models
    model.step()
  File "/home/ibrahimoguz/FirefightingSoS/wildfire-rl-new/examples/wildfire/firefighter_model/model.py", line 452, in step
    self.schedule.step()
  File "/home/ibrahimoguz/FirefightingSoS/wildfire-rl-new/src/sosid/model/abm/schedule.py", line 112, in step
    self.step_breed(agent_class)
  File "/home/ibrahimoguz/FirefightingSoS/wildfire-rl-new/src/sosid/model/abm/schedule.py", line 125, in step_breed
    self.agents_by_breed[breed][agent_key].step()
  File "/home/ibrahimoguz/FirefightingSoS/wildfire-rl-new/src/sosid/model/abm/agent.py", line 342, in step
    super().step()
  File "/home/ibrahimoguz/FirefightingSoS/wildfire-rl-new/src/sosid/model/abm/special_agents.py", line 110, in step
    super().step()
  File "/home/ibrahimoguz/FirefightingSoS/wildfire-rl-new/src/sosid/model/abm/agent.py", line 381, in step
    self.tasks.run_active()
  File "/home/ibrahimoguz/FirefightingSoS/wildfire-rl-new/src/sosid/model/abm/task.py", line 364, in run_active
    with self.active_task.run(self.agent) as status:
  File "/home/ibrahimoguz/.conda/envs/rl-env/lib/python3.10/contextlib.py", line 142, in __exit__
    next(self.gen)
  File "/home/ibrahimoguz/FirefightingSoS/wildfire-rl-new/src/sosid/model/abm/task.py", line 205, in run
    self.complete_method(agent)
  File "/home/ibrahimoguz/FirefightingSoS/wildfire-rl-new/examples/wildfire/firefighter_model/tactic_pieces/select_poi.py", line 44, in complete_method
    to_base_trajectory = generate_straight_trajectory(
  File "/home/ibrahimoguz/FirefightingSoS/wildfire-rl-new/src/sosid/model/abm/trajectory.py", line 934, in generate_straight_trajectory
    raise NotImplementedError(
NotImplementedError: Takeoff and landing distances exceed total distance.
Traceback (most recent call last):
  File "/home/ibrahimoguz/.conda/envs/rl-env/lib/python3.10/runpy.py", line 196, in _run_module_as_main
    return _run_code(code, main_globals, None,
  File "/home/ibrahimoguz/.conda/envs/rl-env/lib/python3.10/runpy.py", line 86, in _run_code
    exec(code, run_globals)
  File "/home/ibrahimoguz/FirefightingSoS/wildfire-rl-new/examples/wildfire/ppo_runner.py", line 2689, in <module>
    main()
  File "/home/ibrahimoguz/FirefightingSoS/wildfire-rl-new/examples/wildfire/ppo_runner.py", line 2640, in main
    model.learn(total_timesteps=total_timesteps, callback=step_logger)
  File "/home/ibrahimoguz/.conda/envs/rl-env/lib/python3.10/site-packages/stable_baselines3/ppo/ppo.py", line 311, in learn
    return super().learn(
  File "/home/ibrahimoguz/.conda/envs/rl-env/lib/python3.10/site-packages/stable_baselines3/common/on_policy_algorithm.py", line 324, in learn
    continue_training = self.collect_rollouts(self.env, callback, self.rollout_buffer, n_rollout_steps=self.n_steps)
  File "/home/ibrahimoguz/.conda/envs/rl-env/lib/python3.10/site-packages/stable_baselines3/common/on_policy_algorithm.py", line 218, in collect_rollouts
    new_obs, rewards, dones, infos = env.step(clipped_actions)
  File "/home/ibrahimoguz/.conda/envs/rl-env/lib/python3.10/site-packages/stable_baselines3/common/vec_env/base_vec_env.py", line 222, in step
    return self.step_wait()
  File "/home/ibrahimoguz/.conda/envs/rl-env/lib/python3.10/site-packages/stable_baselines3/common/vec_env/subproc_vec_env.py", line 137, in step_wait
    results = [remote.recv() for remote in self.remotes]
  File "/home/ibrahimoguz/.conda/envs/rl-env/lib/python3.10/site-packages/stable_baselines3/common/vec_env/subproc_vec_env.py", line 137, in <listcomp>
    results = [remote.recv() for remote in self.remotes]
  File "/home/ibrahimoguz/.conda/envs/rl-env/lib/python3.10/multiprocessing/connection.py", line 250, in recv
    buf = self._recv_bytes()
  File "/home/ibrahimoguz/.conda/envs/rl-env/lib/python3.10/multiprocessing/connection.py", line 414, in _recv_bytes
    buf = self._recv(4)
  File "/home/ibrahimoguz/.conda/envs/rl-env/lib/python3.10/multiprocessing/connection.py", line 383, in _recv
    raise EOFError
EOFError
