/home/ibrahimoguz/.conda/envs/rl-env/bin/python
--switch-ignition-1 enabled: ignition randomized each episode in a 100x100 cell box around the scenario's original ignition.
PPO rollout config: num_envs=128, n_steps=144, effective_batch=18432, minibatches=24, batch_size=768
State fire fronts inspected for front-derived flags (topography/vegetation/indirect/urban/water): 5
Decision start delay: Palisades.json response_time / 60 = 60.0 minutes
Adaptive fire timestep: scenario value.
Adaptive fire step-size factor: scenario/default value (active only when enable_adaptive_time_step=true).
Allowed tactic combinations: 17
Diagnostic: gc.collect() and prior-sim drop at reset start enabled.
State space: old (38 observation features)
Fleet size (scenario agents): Palisades.json=4; policy-controlled: 4
Tactic distribution: individual; controlled_aircraft=4; aircraft_group_size=3; action_decisions=4
Vector env start method: fork
Policy arch: independent pi=[512,256,128] / vf=[512,256,128], Tanh
Using cpu device
PPO hyperparams: lr=0.0005 (decay^0.7), n_epochs=5, gamma=0.99, ent_coef=0.0, target_kl=None

Mission Completed (Palisades)

Mission Completed (Palisades)

Mission Completed (Palisades)

Mission Completed (Palisades)

Mission Completed (Palisades)

Mission Completed (Palisades)

Mission Failed (Palisades)

Mission Failed (Palisades)

Mission Failed (Palisades)

Mission Failed (Palisades)

Mission Failed (Palisades)

Mission Failed (Palisades)

Mission Failed (Palisades)

Mission Failed (Palisades)
Episode summary log written to examples/wildfire/data/scenarios/outputs/palisades_lr00075_563524/results_palisades_lr00075_100_summary.csv

Mission Failed (Palisades)

Mission Failed (Palisades)

Mission Failed (Palisades)

Mission Failed (Palisades)

Mission Failed (Palisades)

Mission Failed (Palisades)

Mission Failed (Palisades)

Mission Failed (Palisades)

Mission Failed (Palisades)

Mission Failed (Palisades)

Mission Failed (Palisades)

Mission Failed (Palisades)

Mission Failed (Palisades)

Mission Failed (Palisades)

Mission Failed (Palisades)

Mission Failed (Palisades)

Mission Failed (Palisades)

Mission Failed (Palisades)

Mission Failed (Palisades)

Mission Failed (Palisades)

Mission Failed (Palisades)

Mission Failed (Palisades)

Mission Failed (Palisades)

Mission Failed (Palisades)

Mission Failed (Palisades)

Mission Failed (Palisades)

Mission Failed (Palisades)

Mission Failed (Palisades)

Mission Failed (Palisades)

Mission Completed (Palisades)

Mission Failed (Palisades)

Mission Failed (Palisades)

Mission Failed (Palisades)

Mission Failed (Palisades)

Mission Failed (Palisades)

Mission Failed (Palisades)

Mission Failed (Palisades)

Mission Failed (Palisades)

Mission Failed (Palisades)

Mission Failed (Palisades)

Mission Failed (Palisades)

Mission Failed (Palisades)

Mission Failed (Palisades)

Mission Failed (Palisades)

Mission Failed (Palisades)

Mission Failed (Palisades)

Mission Completed (Palisades)

Mission Failed (Palisades)
------------------------------
| time/              |       |
|    fps             | 33    |
|    iterations      | 1     |
|    time_elapsed    | 551   |
|    total_timesteps | 18432 |
------------------------------

Mission Completed (Palisades)

Mission Failed (Palisades)

Mission Failed (Palisades)

Mission Failed (Palisades)

Mission Failed (Palisades)
Episode summary log written to examples/wildfire/data/scenarios/outputs/palisades_lr00075_563524/results_palisades_lr00075_200_summary.csv

Mission Failed (Palisades)

Mission Failed (Palisades)

Mission Failed (Palisades)

Mission Failed (Palisades)

Mission Completed (Palisades)

Mission Failed (Palisades)

Mission Failed (Palisades)

Mission Completed (Palisades)

Mission Failed (Palisades)

Mission Failed (Palisades)

Mission Failed (Palisades)

Mission Failed (Palisades)

Mission Failed (Palisades)

Mission Failed (Palisades)

Mission Failed (Palisades)

Mission Failed (Palisades)

Mission Failed (Palisades)

Mission Failed (Palisades)

Mission Failed (Palisades)

Mission Failed (Palisades)

Mission Failed (Palisades)

Mission Failed (Palisades)

Mission Failed (Palisades)

Mission Failed (Palisades)

Mission Failed (Palisades)

Mission Failed (Palisades)

Mission Failed (Palisades)

Mission Failed (Palisades)

Mission Failed (Palisades)

Mission Failed (Palisades)

Mission Failed (Palisades)

Mission Failed (Palisades)

Mission Failed (Palisades)

Mission Failed (Palisades)

Mission Failed (Palisades)

Mission Failed (Palisades)

Mission Failed (Palisades)

Mission Failed (Palisades)

Mission Failed (Palisades)

Mission Failed (Palisades)

Mission Failed (Palisades)

Mission Failed (Palisades)

Mission Failed (Palisades)

Mission Failed (Palisades)

Mission Failed (Palisades)

Mission Failed (Palisades)

Mission Failed (Palisades)

Mission Failed (Palisades)

Mission Completed (Palisades)

Mission Failed (Palisades)
Episode summary log written to examples/wildfire/data/scenarios/outputs/palisades_lr00075_563524/results_palisades_lr00075_300_summary.csv

Mission Failed (Palisades)

Mission Failed (Palisades)

Mission Failed (Palisades)

Mission Failed (Palisades)

Mission Failed (Palisades)

Mission Failed (Palisades)

Mission Failed (Palisades)

Mission Failed (Palisades)

Mission Failed (Palisades)

Mission Failed (Palisades)

Mission Failed (Palisades)

Mission Failed (Palisades)

Mission Failed (Palisades)

Mission Completed (Palisades)

Mission Failed (Palisades)

Mission Failed (Palisades)

Mission Failed (Palisades)

Mission Failed (Palisades)

Mission Failed (Palisades)

Mission Failed (Palisades)

Mission Failed (Palisades)

Mission Completed (Palisades)

Mission Failed (Palisades)

Mission Failed (Palisades)

Mission Failed (Palisades)

Mission Failed (Palisades)

Mission Failed (Palisades)

Mission Failed (Palisades)

Mission Failed (Palisades)

Mission Failed (Palisades)

Mission Failed (Palisades)

Mission Failed (Palisades)

Mission Failed (Palisades)

Mission Failed (Palisades)

Mission Failed (Palisades)

Mission Failed (Palisades)

Mission Failed (Palisades)

Mission Failed (Palisades)

Mission Failed (Palisades)

Mission Failed (Palisades)

Mission Failed (Palisades)

Mission Failed (Palisades)

Mission Failed (Palisades)

Mission Failed (Palisades)

Mission Failed (Palisades)

Mission Failed (Palisades)

Mission Failed (Palisades)

Mission Failed (Palisades)

Mission Failed (Palisades)

Mission Failed (Palisades)

Mission Failed (Palisades)
Episode summary log written to examples/wildfire/data/scenarios/outputs/palisades_lr00075_563524/results_palisades_lr00075_400_summary.csv

Mission Failed (Palisades)

Mission Failed (Palisades)

Mission Failed (Palisades)

Mission Failed (Palisades)

Mission Failed (Palisades)
------------------------------------------
| time/                   |              |
|    fps                  | 31           |
|    iterations           | 2            |
|    time_elapsed         | 1153         |
|    total_timesteps      | 36864        |
| train/                  |              |
|    approx_kl            | 0.0076069855 |
|    clip_fraction        | 0.0551       |
|    clip_range           | 0.2          |
|    entropy_loss         | -11.3        |
|    explained_variance   | -0.356       |
|    learning_rate        | 0.000497     |
|    loss                 | -0.000142    |
|    n_updates            | 5            |
|    policy_gradient_loss | -0.00523     |
|    value_loss           | 0.0229       |
------------------------------------------

Mission Failed (Palisades)

Mission Failed (Palisades)

Mission Failed (Palisades)

Mission Failed (Palisades)

Mission Failed (Palisades)

Mission Failed (Palisades)

Mission Failed (Palisades)

Mission Completed (Palisades)

Mission Failed (Palisades)

Mission Failed (Palisades)

Mission Failed (Palisades)

Mission Completed (Palisades)

Mission Failed (Palisades)

Mission Completed (Palisades)

Mission Failed (Palisades)

Mission Failed (Palisades)

Mission Failed (Palisades)

Mission Failed (Palisades)

Mission Failed (Palisades)

Mission Failed (Palisades)

Mission Failed (Palisades)

Mission Failed (Palisades)

Mission Failed (Palisades)

Mission Failed (Palisades)

Mission Failed (Palisades)

Mission Failed (Palisades)

Mission Failed (Palisades)

Mission Failed (Palisades)

Mission Failed (Palisades)

Mission Failed (Palisades)

Mission Failed (Palisades)

Mission Completed (Palisades)

Mission Failed (Palisades)

Mission Failed (Palisades)

Mission Failed (Palisades)

Mission Failed (Palisades)

Mission Failed (Palisades)

Mission Failed (Palisades)

Mission Failed (Palisades)

Mission Failed (Palisades)

Mission Failed (Palisades)

Mission Failed (Palisades)

Mission Failed (Palisades)

Mission Failed (Palisades)

Mission Failed (Palisades)
Episode summary log written to examples/wildfire/data/scenarios/outputs/palisades_lr00075_563524/results_palisades_lr00075_500_summary.csv

Mission Failed (Palisades)

Mission Failed (Palisades)

Mission Failed (Palisades)

Mission Failed (Palisades)

Mission Failed (Palisades)

Mission Failed (Palisades)

Mission Failed (Palisades)

Mission Failed (Palisades)

Mission Failed (Palisades)

Mission Failed (Palisades)

Mission Failed (Palisades)

Mission Failed (Palisades)

Mission Failed (Palisades)

Mission Failed (Palisades)

Mission Failed (Palisades)

Mission Failed (Palisades)

Mission Failed (Palisades)

Mission Failed (Palisades)

Mission Completed (Palisades)

Mission Failed (Palisades)

Mission Failed (Palisades)

Mission Completed (Palisades)

Mission Completed (Palisades)

Mission Failed (Palisades)

Mission Failed (Palisades)

Mission Failed (Palisades)

Mission Failed (Palisades)

Mission Failed (Palisades)

Mission Failed (Palisades)

Mission Failed (Palisades)

Mission Failed (Palisades)

Mission Failed (Palisades)

Mission Failed (Palisades)

Mission Failed (Palisades)

Mission Failed (Palisades)

Mission Failed (Palisades)

Mission Failed (Palisades)

Mission Failed (Palisades)

Mission Failed (Palisades)

Mission Failed (Palisades)

Mission Failed (Palisades)

Mission Failed (Palisades)

Mission Failed (Palisades)

Mission Failed (Palisades)

Mission Failed (Palisades)
Episode summary log written to examples/wildfire/data/scenarios/outputs/palisades_lr00075_563524/results_palisades_lr00075_600_summary.csv

Mission Failed (Palisades)

Mission Failed (Palisades)

Mission Failed (Palisades)

Mission Completed (Palisades)

Mission Failed (Palisades)

Mission Failed (Palisades)

Mission Failed (Palisades)

Mission Completed (Palisades)

Mission Failed (Palisades)

Mission Failed (Palisades)

Mission Failed (Palisades)

Mission Failed (Palisades)

Mission Failed (Palisades)

Mission Failed (Palisades)

Mission Failed (Palisades)

Mission Failed (Palisades)

Mission Failed (Palisades)

Mission Failed (Palisades)

Mission Failed (Palisades)

Mission Failed (Palisades)

Mission Failed (Palisades)

Mission Failed (Palisades)

Mission Failed (Palisades)
-----------------------------------------
| time/                   |             |
|    fps                  | 31          |
|    iterations           | 3           |
|    time_elapsed         | 1755        |
|    total_timesteps      | 55296       |
| train/                  |             |
|    approx_kl            | 0.009303018 |
|    clip_fraction        | 0.0892      |
|    clip_range           | 0.2         |
|    entropy_loss         | -11.3       |
|    explained_variance   | 0.627       |
|    learning_rate        | 0.000494    |
|    loss                 | -0.00386    |
|    n_updates            | 10          |
|    policy_gradient_loss | -0.00799    |
|    value_loss           | 0.0129      |
-----------------------------------------

Mission Failed (Palisades)

Mission Failed (Palisades)

Mission Failed (Palisades)

Mission Failed (Palisades)

Mission Failed (Palisades)

Mission Failed (Palisades)

Mission Failed (Palisades)

Mission Failed (Palisades)

Mission Failed (Palisades)

Mission Failed (Palisades)

Mission Failed (Palisades)

Mission Failed (Palisades)

Mission Failed (Palisades)

Mission Failed (Palisades)

Mission Failed (Palisades)

Mission Failed (Palisades)

Mission Failed (Palisades)

Mission Failed (Palisades)

Mission Failed (Palisades)

Mission Failed (Palisades)

Mission Failed (Palisades)

Mission Failed (Palisades)

Mission Failed (Palisades)

Mission Failed (Palisades)

Mission Failed (Palisades)

Mission Failed (Palisades)

Mission Failed (Palisades)
Episode summary log written to examples/wildfire/data/scenarios/outputs/palisades_lr00075_563524/results_palisades_lr00075_700_summary.csv

Mission Completed (Palisades)

Mission Failed (Palisades)

Mission Completed (Palisades)

Mission Failed (Palisades)

Mission Failed (Palisades)

Mission Failed (Palisades)

Mission Failed (Palisades)

Mission Failed (Palisades)

Mission Failed (Palisades)

Mission Failed (Palisades)

Mission Failed (Palisades)

Mission Failed (Palisades)

Mission Failed (Palisades)

Mission Failed (Palisades)

Mission Failed (Palisades)

Mission Failed (Palisades)

Mission Failed (Palisades)

Mission Failed (Palisades)

Mission Failed (Palisades)

Mission Failed (Palisades)

Mission Failed (Palisades)

Mission Failed (Palisades)

Mission Failed (Palisades)

Mission Failed (Palisades)

Mission Failed (Palisades)

Mission Failed (Palisades)

Mission Completed (Palisades)

Mission Failed (Palisades)

Mission Failed (Palisades)

Mission Failed (Palisades)

Mission Failed (Palisades)

Mission Failed (Palisades)

Mission Failed (Palisades)

Mission Failed (Palisades)

Mission Failed (Palisades)

Mission Failed (Palisades)

Mission Failed (Palisades)

Mission Failed (Palisades)

Mission Failed (Palisades)

Mission Failed (Palisades)

Mission Failed (Palisades)

Mission Failed (Palisades)

Mission Failed (Palisades)

Mission Failed (Palisades)

Mission Failed (Palisades)

Mission Failed (Palisades)

Mission Completed (Palisades)

Mission Failed (Palisades)

Mission Completed (Palisades)
Episode summary log written to examples/wildfire/data/scenarios/outputs/palisades_lr00075_563524/results_palisades_lr00075_800_summary.csv

Mission Failed (Palisades)

Mission Failed (Palisades)

Mission Failed (Palisades)

Mission Failed (Palisades)

Mission Failed (Palisades)

Mission Failed (Palisades)

Mission Failed (Palisades)

Mission Completed (Palisades)

Mission Failed (Palisades)

Mission Failed (Palisades)

Mission Failed (Palisades)

Mission Failed (Palisades)

Mission Failed (Palisades)

Mission Failed (Palisades)

Mission Completed (Palisades)

Mission Failed (Palisades)

Mission Failed (Palisades)

Mission Failed (Palisades)

Mission Failed (Palisades)

Mission Failed (Palisades)

Mission Failed (Palisades)

Mission Failed (Palisades)

Mission Failed (Palisades)

Mission Failed (Palisades)

Mission Failed (Palisades)

Mission Completed (Palisades)

Mission Failed (Palisades)

Mission Failed (Palisades)

Mission Failed (Palisades)

Mission Failed (Palisades)

Mission Failed (Palisades)

Mission Failed (Palisades)

Mission Failed (Palisades)

Mission Failed (Palisades)

Mission Failed (Palisades)

Mission Failed (Palisades)

Mission Failed (Palisades)

Mission Failed (Palisades)

Mission Failed (Palisades)

Mission Failed (Palisades)

Mission Failed (Palisades)

Mission Completed (Palisades)

Mission Failed (Palisades)
-----------------------------------------
| time/                   |             |
|    fps                  | 31          |
|    iterations           | 4           |
|    time_elapsed         | 2347        |
|    total_timesteps      | 73728       |
| train/                  |             |
|    approx_kl            | 0.009802934 |
|    clip_fraction        | 0.101       |
|    clip_range           | 0.2         |
|    entropy_loss         | -11.3       |
|    explained_variance   | 0.788       |
|    learning_rate        | 0.00049     |
|    loss                 | -0.00646    |
|    n_updates            | 15          |
|    policy_gradient_loss | -0.00787    |
|    value_loss           | 0.0125      |
-----------------------------------------

Mission Failed (Palisades)

Mission Failed (Palisades)
Episode summary log written to examples/wildfire/data/scenarios/outputs/palisades_lr00075_563524/results_palisades_lr00075_900_summary.csv

Mission Failed (Palisades)

Mission Failed (Palisades)

Mission Failed (Palisades)

Mission Failed (Palisades)

Mission Failed (Palisades)

Mission Failed (Palisades)

Mission Failed (Palisades)

Mission Failed (Palisades)

Mission Failed (Palisades)

Mission Failed (Palisades)

Mission Failed (Palisades)

Mission Failed (Palisades)

Mission Failed (Palisades)

Mission Failed (Palisades)

Mission Failed (Palisades)

Mission Failed (Palisades)

Mission Failed (Palisades)

Mission Failed (Palisades)

Mission Failed (Palisades)

Mission Failed (Palisades)

Mission Failed (Palisades)

Mission Failed (Palisades)

Mission Failed (Palisades)

Mission Failed (Palisades)

Mission Failed (Palisades)

Mission Failed (Palisades)

Mission Failed (Palisades)

Mission Failed (Palisades)

Mission Failed (Palisades)

Mission Failed (Palisades)

Mission Completed (Palisades)

Mission Failed (Palisades)

Mission Failed (Palisades)

Mission Failed (Palisades)

Mission Failed (Palisades)

Mission Failed (Palisades)

Mission Failed (Palisades)

Mission Failed (Palisades)

Mission Failed (Palisades)

Mission Failed (Palisades)
Per-step log written to examples/wildfire/data/scenarios/outputs/palisades_lr00075_563524/results_palisades_lr00075_1000_steps.csv
Decision-step log written to examples/wildfire/data/scenarios/outputs/palisades_lr00075_563524/results_palisades_lr00075_1000_decision_steps.csv
Episode summary log written to examples/wildfire/data/scenarios/outputs/palisades_lr00075_563524/results_palisades_lr00075_1000_summary.csv

Mission Failed (Palisades)

Mission Failed (Palisades)

Mission Failed (Palisades)

Mission Failed (Palisades)

Mission Failed (Palisades)

Mission Failed (Palisades)

Mission Failed (Palisades)

Mission Completed (Palisades)

Mission Failed (Palisades)

Mission Failed (Palisades)

Mission Failed (Palisades)

Mission Failed (Palisades)

Mission Failed (Palisades)

Mission Failed (Palisades)

Mission Failed (Palisades)

Mission Failed (Palisades)

Mission Completed (Palisades)

Mission Completed (Palisades)

Mission Failed (Palisades)

Mission Failed (Palisades)

Mission Completed (Palisades)

Mission Failed (Palisades)

Mission Failed (Palisades)

Mission Failed (Palisades)

Mission Failed (Palisades)

Mission Failed (Palisades)

Mission Failed (Palisades)

Mission Failed (Palisades)

Mission Failed (Palisades)

Mission Completed (Palisades)

Mission Failed (Palisades)

Mission Failed (Palisades)

Mission Failed (Palisades)

Mission Failed (Palisades)

Mission Failed (Palisades)

Mission Failed (Palisades)

Mission Failed (Palisades)

Mission Completed (Palisades)

Mission Failed (Palisades)

Mission Failed (Palisades)

Mission Failed (Palisades)

Mission Failed (Palisades)
Episode summary log written to examples/wildfire/data/scenarios/outputs/palisades_lr00075_563524/results_palisades_lr00075_1100_summary.csv

Mission Failed (Palisades)

Mission Failed (Palisades)

Mission Failed (Palisades)

Mission Failed (Palisades)

Mission Failed (Palisades)

Mission Failed (Palisades)

Mission Failed (Palisades)

Mission Failed (Palisades)

Mission Failed (Palisades)

Mission Failed (Palisades)

Mission Failed (Palisades)
------------------------------------------
| time/                   |              |
|    fps                  | 31           |
|    iterations           | 5            |
|    time_elapsed         | 2924         |
|    total_timesteps      | 92160        |
| train/                  |              |
|    approx_kl            | 0.0103705255 |
|    clip_fraction        | 0.104        |
|    clip_range           | 0.2          |
|    entropy_loss         | -11.3        |
|    explained_variance   | 0.824        |
|    learning_rate        | 0.000487     |
|    loss                 | 0.00664      |
|    n_updates            | 20           |
|    policy_gradient_loss | -0.0069      |
|    value_loss           | 0.0123       |
------------------------------------------

Mission Failed (Palisades)

Mission Failed (Palisades)

Mission Failed (Palisades)

Mission Failed (Palisades)

Mission Failed (Palisades)

Mission Failed (Palisades)

Mission Failed (Palisades)

Mission Failed (Palisades)

Mission Failed (Palisades)

Mission Failed (Palisades)

Mission Failed (Palisades)

Mission Failed (Palisades)

Mission Failed (Palisades)

Mission Failed (Palisades)

Mission Failed (Palisades)

Mission Failed (Palisades)

Mission Failed (Palisades)

Mission Failed (Palisades)

Mission Failed (Palisades)

Mission Completed (Palisades)

Mission Failed (Palisades)

Mission Failed (Palisades)

Mission Failed (Palisades)

Mission Failed (Palisades)

Mission Failed (Palisades)

Mission Failed (Palisades)

Mission Failed (Palisades)

Mission Failed (Palisades)
Episode summary log written to examples/wildfire/data/scenarios/outputs/palisades_lr00075_563524/results_palisades_lr00075_1200_summary.csv

Mission Failed (Palisades)

Mission Failed (Palisades)

Mission Failed (Palisades)

Mission Failed (Palisades)

Mission Failed (Palisades)

Mission Completed (Palisades)

Mission Failed (Palisades)

Mission Failed (Palisades)

Mission Failed (Palisades)

Mission Failed (Palisades)

Mission Failed (Palisades)

Mission Completed (Palisades)

Mission Failed (Palisades)

Mission Failed (Palisades)

Mission Failed (Palisades)

Mission Failed (Palisades)

Mission Failed (Palisades)

Mission Failed (Palisades)

Mission Failed (Palisades)

Mission Failed (Palisades)

Mission Failed (Palisades)

Mission Failed (Palisades)

Mission Failed (Palisades)

Mission Failed (Palisades)

Mission Failed (Palisades)

Mission Failed (Palisades)

Mission Failed (Palisades)

Mission Failed (Palisades)

Mission Failed (Palisades)

Mission Failed (Palisades)

Mission Failed (Palisades)

Mission Failed (Palisades)

Mission Failed (Palisades)

Mission Failed (Palisades)

Mission Failed (Palisades)

Mission Failed (Palisades)

Mission Failed (Palisades)

Mission Failed (Palisades)
Episode summary log written to examples/wildfire/data/scenarios/outputs/palisades_lr00075_563524/results_palisades_lr00075_1300_summary.csv

Mission Failed (Palisades)

Mission Completed (Palisades)

Mission Failed (Palisades)

Mission Failed (Palisades)

Mission Failed (Palisades)

Mission Failed (Palisades)

Mission Failed (Palisades)

Mission Failed (Palisades)

Mission Failed (Palisades)

Mission Failed (Palisades)

Mission Failed (Palisades)

Mission Failed (Palisades)

Mission Failed (Palisades)

Mission Failed (Palisades)

Mission Failed (Palisades)

Mission Failed (Palisades)

Mission Failed (Palisades)

Mission Failed (Palisades)

Mission Failed (Palisades)

Mission Failed (Palisades)

Mission Failed (Palisades)

Mission Failed (Palisades)

Mission Failed (Palisades)

Mission Failed (Palisades)

Mission Failed (Palisades)

Mission Failed (Palisades)

Mission Failed (Palisades)

Mission Failed (Palisades)

Mission Failed (Palisades)

Mission Failed (Palisades)
-----------------------------------------
| time/                   |             |
|    fps                  | 31          |
|    iterations           | 6           |
|    time_elapsed         | 3532        |
|    total_timesteps      | 110592      |
| train/                  |             |
|    approx_kl            | 0.010744267 |
|    clip_fraction        | 0.115       |
|    clip_range           | 0.2         |
|    entropy_loss         | -11.3       |
|    explained_variance   | 0.784       |
|    learning_rate        | 0.000484    |
|    loss                 | -0.000943   |
|    n_updates            | 25          |
|    policy_gradient_loss | -0.00794    |
|    value_loss           | 0.0133      |
-----------------------------------------

Mission Failed (Palisades)

Mission Failed (Palisades)

Mission Failed (Palisades)

Mission Failed (Palisades)

Mission Failed (Palisades)

Mission Failed (Palisades)

Mission Failed (Palisades)

Mission Failed (Palisades)

Mission Completed (Palisades)

Mission Failed (Palisades)

Mission Failed (Palisades)

Mission Failed (Palisades)

Mission Failed (Palisades)

Mission Failed (Palisades)

Mission Failed (Palisades)

Mission Failed (Palisades)
Episode summary log written to examples/wildfire/data/scenarios/outputs/palisades_lr00075_563524/results_palisades_lr00075_1400_summary.csv

Mission Failed (Palisades)

Mission Failed (Palisades)

Mission Failed (Palisades)

Mission Failed (Palisades)

Mission Failed (Palisades)

Mission Failed (Palisades)

Mission Failed (Palisades)

Mission Failed (Palisades)

Mission Completed (Palisades)

Mission Failed (Palisades)

Mission Failed (Palisades)

Mission Failed (Palisades)

Mission Failed (Palisades)

Mission Failed (Palisades)

Mission Failed (Palisades)

Mission Failed (Palisades)

Mission Failed (Palisades)

Mission Failed (Palisades)

Mission Failed (Palisades)

Mission Failed (Palisades)

Mission Completed (Palisades)

Mission Completed (Palisades)

Mission Failed (Palisades)

Mission Failed (Palisades)

Mission Failed (Palisades)

Mission Failed (Palisades)

Mission Failed (Palisades)

Mission Failed (Palisades)

Mission Failed (Palisades)

Mission Failed (Palisades)

Mission Failed (Palisades)

Mission Completed (Palisades)

Mission Failed (Palisades)

Mission Failed (Palisades)

Mission Completed (Palisades)

Mission Failed (Palisades)

Mission Failed (Palisades)

Mission Completed (Palisades)
Episode summary log written to examples/wildfire/data/scenarios/outputs/palisades_lr00075_563524/results_palisades_lr00075_1500_summary.csv

Mission Failed (Palisades)

Mission Failed (Palisades)

Mission Failed (Palisades)

Mission Failed (Palisades)

Mission Failed (Palisades)

Mission Completed (Palisades)

Mission Failed (Palisades)

Mission Failed (Palisades)

Mission Failed (Palisades)

Mission Failed (Palisades)

Mission Failed (Palisades)

Mission Failed (Palisades)

Mission Failed (Palisades)

Mission Failed (Palisades)

Mission Failed (Palisades)

Mission Failed (Palisades)

Mission Failed (Palisades)

Mission Failed (Palisades)

Mission Failed (Palisades)

Mission Failed (Palisades)

Mission Failed (Palisades)

Mission Failed (Palisades)

Mission Failed (Palisades)

Mission Failed (Palisades)

Mission Failed (Palisades)

Mission Failed (Palisades)

Mission Failed (Palisades)

Mission Failed (Palisades)

Mission Failed (Palisades)

Mission Failed (Palisades)

Mission Failed (Palisades)

Mission Failed (Palisades)

Mission Failed (Palisades)

Mission Failed (Palisades)

Mission Failed (Palisades)

Mission Failed (Palisades)

Mission Completed (Palisades)

Mission Failed (Palisades)

Mission Failed (Palisades)

Mission Failed (Palisades)

Mission Failed (Palisades)

Mission Failed (Palisades)
Episode summary log written to examples/wildfire/data/scenarios/outputs/palisades_lr00075_563524/results_palisades_lr00075_1600_summary.csv

Mission Failed (Palisades)

Mission Failed (Palisades)

Mission Failed (Palisades)
------------------------------------------
| time/                   |              |
|    fps                  | 31           |
|    iterations           | 7            |
|    time_elapsed         | 4092         |
|    total_timesteps      | 129024       |
| train/                  |              |
|    approx_kl            | 0.0100054145 |
|    clip_fraction        | 0.112        |
|    clip_range           | 0.2          |
|    entropy_loss         | -11.3        |
|    explained_variance   | 0.788        |
|    learning_rate        | 0.000481     |
|    loss                 | -0.00159     |
|    n_updates            | 30           |
|    policy_gradient_loss | -0.00756     |
|    value_loss           | 0.0152       |
------------------------------------------

Mission Failed (Palisades)

Mission Failed (Palisades)

Mission Failed (Palisades)

Mission Completed (Palisades)

Mission Failed (Palisades)

Mission Failed (Palisades)

Mission Completed (Palisades)

Mission Failed (Palisades)

Mission Failed (Palisades)

Mission Failed (Palisades)

Mission Completed (Palisades)

Mission Failed (Palisades)

Mission Failed (Palisades)

Mission Failed (Palisades)

Mission Failed (Palisades)

Mission Failed (Palisades)

Mission Failed (Palisades)

Mission Failed (Palisades)

Mission Completed (Palisades)

Mission Failed (Palisades)

Mission Failed (Palisades)

Mission Failed (Palisades)

Mission Failed (Palisades)

Mission Failed (Palisades)

Mission Failed (Palisades)

Mission Failed (Palisades)

Mission Failed (Palisades)

Mission Failed (Palisades)

Mission Failed (Palisades)

Mission Failed (Palisades)

Mission Failed (Palisades)

Mission Failed (Palisades)

Mission Failed (Palisades)

Mission Failed (Palisades)

Mission Failed (Palisades)

Mission Failed (Palisades)

Mission Failed (Palisades)

Mission Failed (Palisades)

Mission Failed (Palisades)

Mission Failed (Palisades)

Mission Failed (Palisades)

Mission Failed (Palisades)

Mission Failed (Palisades)

Mission Failed (Palisades)

Mission Failed (Palisades)

Mission Failed (Palisades)

Mission Failed (Palisades)

Mission Failed (Palisades)
Episode summary log written to examples/wildfire/data/scenarios/outputs/palisades_lr00075_563524/results_palisades_lr00075_1700_summary.csv

Mission Failed (Palisades)

Mission Failed (Palisades)

Mission Failed (Palisades)

Mission Failed (Palisades)

Mission Failed (Palisades)

Mission Failed (Palisades)

Mission Failed (Palisades)

Mission Failed (Palisades)

Mission Failed (Palisades)

Mission Failed (Palisades)

Mission Failed (Palisades)

Mission Failed (Palisades)

Mission Failed (Palisades)

Mission Failed (Palisades)

Mission Completed (Palisades)

Mission Failed (Palisades)

Mission Failed (Palisades)

Mission Failed (Palisades)

Mission Failed (Palisades)

Mission Failed (Palisades)

Mission Failed (Palisades)

Mission Failed (Palisades)

Mission Failed (Palisades)

Mission Failed (Palisades)

Mission Failed (Palisades)

Mission Failed (Palisades)

Mission Failed (Palisades)

Mission Completed (Palisades)

Mission Failed (Palisades)

Mission Failed (Palisades)

Mission Failed (Palisades)

Mission Failed (Palisades)

Mission Failed (Palisades)

Mission Failed (Palisades)

Mission Failed (Palisades)

Mission Failed (Palisades)

Mission Failed (Palisades)

Mission Failed (Palisades)

Mission Failed (Palisades)

Mission Failed (Palisades)

Mission Failed (Palisades)

Mission Failed (Palisades)

Mission Failed (Palisades)

Mission Completed (Palisades)
Episode summary log written to examples/wildfire/data/scenarios/outputs/palisades_lr00075_563524/results_palisades_lr00075_1800_summary.csv

Mission Failed (Palisades)

Mission Failed (Palisades)

Mission Failed (Palisades)

Mission Completed (Palisades)

Mission Failed (Palisades)

Mission Failed (Palisades)

Mission Failed (Palisades)

Mission Failed (Palisades)

Mission Failed (Palisades)

Mission Completed (Palisades)

Mission Failed (Palisades)

Mission Failed (Palisades)

Mission Completed (Palisades)

Mission Failed (Palisades)

Mission Failed (Palisades)

Mission Failed (Palisades)

Mission Failed (Palisades)

Mission Failed (Palisades)

Mission Failed (Palisades)

Mission Failed (Palisades)

Mission Failed (Palisades)

Mission Failed (Palisades)
-----------------------------------------
| time/                   |             |
|    fps                  | 31          |
|    iterations           | 8           |
|    time_elapsed         | 4670        |
|    total_timesteps      | 147456      |
| train/                  |             |
|    approx_kl            | 0.010752648 |
|    clip_fraction        | 0.131       |
|    clip_range           | 0.2         |
|    entropy_loss         | -11.3       |
|    explained_variance   | 0.805       |
|    learning_rate        | 0.000477    |
|    loss                 | 1.07e-06    |
|    n_updates            | 35          |
|    policy_gradient_loss | -0.00757    |
|    value_loss           | 0.0138      |
-----------------------------------------

Mission Completed (Palisades)

Mission Failed (Palisades)

Mission Failed (Palisades)

Mission Completed (Palisades)

Mission Failed (Palisades)

Mission Failed (Palisades)

Mission Failed (Palisades)

Mission Failed (Palisades)

Mission Failed (Palisades)

Mission Completed (Palisades)

Mission Failed (Palisades)

Mission Failed (Palisades)

Mission Failed (Palisades)

Mission Failed (Palisades)

Mission Failed (Palisades)

Mission Failed (Palisades)

Mission Failed (Palisades)

Mission Failed (Palisades)

Mission Failed (Palisades)

Mission Failed (Palisades)

Mission Failed (Palisades)

Mission Failed (Palisades)

Mission Failed (Palisades)

Mission Failed (Palisades)
Episode summary log written to examples/wildfire/data/scenarios/outputs/palisades_lr00075_563524/results_palisades_lr00075_1900_summary.csv

Mission Failed (Palisades)

Mission Failed (Palisades)

Mission Failed (Palisades)

Mission Failed (Palisades)

Mission Failed (Palisades)

Mission Failed (Palisades)

Mission Failed (Palisades)

Mission Failed (Palisades)

Mission Failed (Palisades)

Mission Failed (Palisades)

Mission Failed (Palisades)

Mission Failed (Palisades)

Mission Failed (Palisades)

Mission Failed (Palisades)

Mission Failed (Palisades)

Mission Failed (Palisades)

Mission Failed (Palisades)

Mission Failed (Palisades)

Mission Failed (Palisades)

Mission Failed (Palisades)

Mission Failed (Palisades)

Mission Completed (Palisades)

Mission Failed (Palisades)

Mission Failed (Palisades)

Mission Failed (Palisades)

Mission Failed (Palisades)

Mission Failed (Palisades)

Mission Failed (Palisades)

Mission Completed (Palisades)

Mission Failed (Palisades)

Mission Failed (Palisades)

Mission Completed (Palisades)

Mission Failed (Palisades)

Mission Failed (Palisades)

Mission Failed (Palisades)

Mission Failed (Palisades)

Mission Failed (Palisades)

Mission Failed (Palisades)

Mission Failed (Palisades)

Mission Failed (Palisades)

Mission Failed (Palisades)

Mission Completed (Palisades)

Mission Failed (Palisades)
Per-step log written to examples/wildfire/data/scenarios/outputs/palisades_lr00075_563524/results_palisades_lr00075_2000_steps.csv
Decision-step log written to examples/wildfire/data/scenarios/outputs/palisades_lr00075_563524/results_palisades_lr00075_2000_decision_steps.csv
Episode summary log written to examples/wildfire/data/scenarios/outputs/palisades_lr00075_563524/results_palisades_lr00075_2000_summary.csv

Mission Failed (Palisades)

Mission Failed (Palisades)

Mission Failed (Palisades)

Mission Failed (Palisades)

Mission Failed (Palisades)

Mission Failed (Palisades)

Mission Failed (Palisades)

Mission Failed (Palisades)

Mission Failed (Palisades)

Mission Failed (Palisades)

Mission Completed (Palisades)

Mission Failed (Palisades)

Mission Failed (Palisades)

Mission Failed (Palisades)

Mission Failed (Palisades)

Mission Failed (Palisades)

Mission Failed (Palisades)

Mission Failed (Palisades)

Mission Failed (Palisades)

Mission Failed (Palisades)

Mission Failed (Palisades)

Mission Failed (Palisades)

Mission Failed (Palisades)

Mission Failed (Palisades)

Mission Failed (Palisades)

Mission Failed (Palisades)

Mission Failed (Palisades)

Mission Failed (Palisades)

Mission Failed (Palisades)

Mission Failed (Palisades)

Mission Failed (Palisades)

Mission Failed (Palisades)

Mission Failed (Palisades)

Mission Failed (Palisades)

Mission Failed (Palisades)

Mission Completed (Palisades)
-----------------------------------------
| time/                   |             |
|    fps                  | 31          |
|    iterations           | 9           |
|    time_elapsed         | 5220        |
|    total_timesteps      | 165888      |
| train/                  |             |
|    approx_kl            | 0.010032904 |
|    clip_fraction        | 0.127       |
|    clip_range           | 0.2         |
|    entropy_loss         | -11.3       |
|    explained_variance   | 0.802       |
|    learning_rate        | 0.000474    |
|    loss                 | -0.0112     |
|    n_updates            | 40          |
|    policy_gradient_loss | -0.00785    |
|    value_loss           | 0.0124      |
-----------------------------------------

Mission Failed (Palisades)

Mission Failed (Palisades)

Mission Failed (Palisades)

Mission Failed (Palisades)

Mission Failed (Palisades)

Mission Failed (Palisades)

Mission Failed (Palisades)

Mission Failed (Palisades)
Episode summary log written to examples/wildfire/data/scenarios/outputs/palisades_lr00075_563524/results_palisades_lr00075_2100_summary.csv

Mission Failed (Palisades)

Mission Failed (Palisades)

Mission Failed (Palisades)

Mission Failed (Palisades)

Mission Failed (Palisades)

Mission Failed (Palisades)

Mission Failed (Palisades)

Mission Failed (Palisades)

Mission Failed (Palisades)

Mission Failed (Palisades)

Mission Failed (Palisades)

Mission Failed (Palisades)

Mission Failed (Palisades)

Mission Completed (Palisades)

Mission Failed (Palisades)

Mission Failed (Palisades)

Mission Failed (Palisades)

Mission Failed (Palisades)

Mission Failed (Palisades)

Mission Failed (Palisades)

Mission Failed (Palisades)

Mission Failed (Palisades)

Mission Failed (Palisades)

Mission Failed (Palisades)

Mission Failed (Palisades)

Mission Failed (Palisades)

Mission Failed (Palisades)

Mission Failed (Palisades)

Mission Failed (Palisades)

Mission Failed (Palisades)

Mission Failed (Palisades)

Mission Failed (Palisades)

Mission Failed (Palisades)

Mission Failed (Palisades)

Mission Completed (Palisades)

Mission Failed (Palisades)
Episode summary log written to examples/wildfire/data/scenarios/outputs/palisades_lr00075_563524/results_palisades_lr00075_2200_summary.csv

Mission Failed (Palisades)

Mission Failed (Palisades)

Mission Failed (Palisades)

Mission Failed (Palisades)

Mission Failed (Palisades)

Mission Failed (Palisades)

Mission Failed (Palisades)

Mission Failed (Palisades)

Mission Failed (Palisades)

Mission Failed (Palisades)

Mission Failed (Palisades)

Mission Failed (Palisades)

Mission Failed (Palisades)

Mission Failed (Palisades)

Mission Failed (Palisades)

Mission Failed (Palisades)

Mission Failed (Palisades)

Mission Completed (Palisades)

Mission Failed (Palisades)

Mission Failed (Palisades)

Mission Failed (Palisades)

Mission Completed (Palisades)

Mission Failed (Palisades)

Mission Failed (Palisades)

Mission Failed (Palisades)

Mission Failed (Palisades)

Mission Failed (Palisades)

Mission Failed (Palisades)

Mission Failed (Palisades)

Mission Failed (Palisades)

Mission Failed (Palisades)

Mission Failed (Palisades)

Mission Failed (Palisades)

Mission Failed (Palisades)

Mission Failed (Palisades)

Mission Failed (Palisades)

Mission Failed (Palisades)

Mission Failed (Palisades)

Mission Completed (Palisades)

Mission Failed (Palisades)

Mission Failed (Palisades)

Mission Failed (Palisades)

Mission Failed (Palisades)

Mission Failed (Palisades)

Mission Failed (Palisades)
Episode summary log written to examples/wildfire/data/scenarios/outputs/palisades_lr00075_563524/results_palisades_lr00075_2300_summary.csv

Mission Completed (Palisades)

Mission Failed (Palisades)

Mission Failed (Palisades)

Mission Failed (Palisades)

Mission Failed (Palisades)

Mission Failed (Palisades)

Mission Failed (Palisades)

Mission Failed (Palisades)

Mission Failed (Palisades)

Mission Failed (Palisades)

Mission Completed (Palisades)

Mission Failed (Palisades)
-----------------------------------------
| time/                   |             |
|    fps                  | 31          |
|    iterations           | 10          |
|    time_elapsed         | 5782        |
|    total_timesteps      | 184320      |
| train/                  |             |
|    approx_kl            | 0.009875704 |
|    clip_fraction        | 0.111       |
|    clip_range           | 0.2         |
|    entropy_loss         | -11.3       |
|    explained_variance   | 0.825       |
|    learning_rate        | 0.000471    |
|    loss                 | 0.00171     |
|    n_updates            | 45          |
|    policy_gradient_loss | -0.00813    |
|    value_loss           | 0.0144      |
-----------------------------------------

Mission Failed (Palisades)

Mission Failed (Palisades)

Mission Failed (Palisades)

Mission Failed (Palisades)

Mission Failed (Palisades)

Mission Failed (Palisades)

Mission Failed (Palisades)

Mission Failed (Palisades)

Mission Failed (Palisades)

Mission Failed (Palisades)

Mission Failed (Palisades)

Mission Failed (Palisades)

Mission Failed (Palisades)

Mission Failed (Palisades)

Mission Failed (Palisades)

Mission Failed (Palisades)

Mission Failed (Palisades)

Mission Failed (Palisades)

Mission Failed (Palisades)

Mission Failed (Palisades)

Mission Completed (Palisades)

Mission Failed (Palisades)

Mission Failed (Palisades)

Mission Failed (Palisades)

Mission Failed (Palisades)

Mission Failed (Palisades)

Mission Failed (Palisades)

Mission Failed (Palisades)

Mission Failed (Palisades)

Mission Failed (Palisades)

Mission Failed (Palisades)

Mission Completed (Palisades)

Mission Failed (Palisades)

Mission Failed (Palisades)

Mission Failed (Palisades)

Mission Completed (Palisades)

Mission Failed (Palisades)

Mission Failed (Palisades)
Episode summary log written to examples/wildfire/data/scenarios/outputs/palisades_lr00075_563524/results_palisades_lr00075_2400_summary.csv

Mission Failed (Palisades)

Mission Failed (Palisades)

Mission Failed (Palisades)

Mission Failed (Palisades)

Mission Failed (Palisades)

Mission Failed (Palisades)

Mission Failed (Palisades)

Mission Failed (Palisades)

Mission Failed (Palisades)

Mission Failed (Palisades)

Mission Failed (Palisades)

Mission Failed (Palisades)

Mission Failed (Palisades)

Mission Failed (Palisades)

Mission Failed (Palisades)

Mission Completed (Palisades)

Mission Failed (Palisades)

Mission Completed (Palisades)

Mission Failed (Palisades)

Mission Failed (Palisades)

Mission Failed (Palisades)

Mission Failed (Palisades)

Mission Failed (Palisades)

Mission Failed (Palisades)

Mission Failed (Palisades)

Mission Failed (Palisades)

Mission Failed (Palisades)

Mission Failed (Palisades)

Mission Failed (Palisades)

Mission Failed (Palisades)

Mission Failed (Palisades)

Mission Failed (Palisades)

Mission Failed (Palisades)

Mission Failed (Palisades)

Mission Completed (Palisades)

Mission Failed (Palisades)

Mission Completed (Palisades)

Mission Failed (Palisades)

Mission Failed (Palisades)

Mission Failed (Palisades)

Mission Failed (Palisades)

Mission Failed (Palisades)

Mission Failed (Palisades)

Mission Failed (Palisades)

Mission Failed (Palisades)

Mission Failed (Palisades)

Mission Failed (Palisades)

Mission Failed (Palisades)

Mission Failed (Palisades)

Mission Failed (Palisades)
Episode summary log written to examples/wildfire/data/scenarios/outputs/palisades_lr00075_563524/results_palisades_lr00075_2500_summary.csv

Mission Failed (Palisades)

Mission Completed (Palisades)

Mission Failed (Palisades)

Mission Failed (Palisades)

Mission Failed (Palisades)

Mission Failed (Palisades)

Mission Failed (Palisades)

Mission Failed (Palisades)

Mission Failed (Palisades)

Mission Failed (Palisades)

Mission Completed (Palisades)

Mission Failed (Palisades)

Mission Failed (Palisades)

Mission Failed (Palisades)

Mission Failed (Palisades)

Mission Failed (Palisades)

Mission Failed (Palisades)

Mission Failed (Palisades)

Mission Failed (Palisades)

Mission Failed (Palisades)

Mission Failed (Palisades)

Mission Failed (Palisades)

Mission Failed (Palisades)

Mission Failed (Palisades)

Mission Failed (Palisades)
-----------------------------------------
| time/                   |             |
|    fps                  | 31          |
|    iterations           | 11          |
|    time_elapsed         | 6347        |
|    total_timesteps      | 202752      |
| train/                  |             |
|    approx_kl            | 0.010291861 |
|    clip_fraction        | 0.113       |
|    clip_range           | 0.2         |
|    entropy_loss         | -11.3       |
|    explained_variance   | 0.741       |
|    learning_rate        | 0.000468    |
|    loss                 | 0.00759     |
|    n_updates            | 50          |
|    policy_gradient_loss | -0.00808    |
|    value_loss           | 0.0215      |
-----------------------------------------

Mission Failed (Palisades)

Mission Failed (Palisades)

Mission Failed (Palisades)

Mission Failed (Palisades)

Mission Failed (Palisades)

Mission Failed (Palisades)

Mission Failed (Palisades)

Mission Failed (Palisades)

Mission Failed (Palisades)

Mission Failed (Palisades)

Mission Failed (Palisades)

Mission Failed (Palisades)

Mission Failed (Palisades)

Mission Failed (Palisades)

Mission Failed (Palisades)

Mission Failed (Palisades)

Mission Failed (Palisades)

Mission Failed (Palisades)

Mission Failed (Palisades)

Mission Failed (Palisades)

Mission Failed (Palisades)
Episode summary log written to examples/wildfire/data/scenarios/outputs/palisades_lr00075_563524/results_palisades_lr00075_2600_summary.csv

Mission Failed (Palisades)

Mission Failed (Palisades)

Mission Failed (Palisades)

Mission Failed (Palisades)

Mission Failed (Palisades)

Mission Failed (Palisades)

Mission Failed (Palisades)

Mission Failed (Palisades)

Mission Failed (Palisades)

Mission Failed (Palisades)

Mission Failed (Palisades)

Mission Failed (Palisades)

Mission Completed (Palisades)

Mission Failed (Palisades)

Mission Failed (Palisades)

Mission Failed (Palisades)

Mission Failed (Palisades)

Mission Failed (Palisades)

Mission Failed (Palisades)

Mission Failed (Palisades)

Mission Failed (Palisades)

Mission Completed (Palisades)

Mission Failed (Palisades)

Mission Failed (Palisades)

Mission Failed (Palisades)

Mission Completed (Palisades)

Mission Failed (Palisades)

Mission Failed (Palisades)

Mission Failed (Palisades)

Mission Failed (Palisades)

Mission Failed (Palisades)

Mission Failed (Palisades)

Mission Failed (Palisades)

Mission Failed (Palisades)

Mission Failed (Palisades)

Mission Failed (Palisades)

Mission Failed (Palisades)

Mission Failed (Palisades)

Mission Failed (Palisades)

Mission Failed (Palisades)

Mission Failed (Palisades)

Mission Failed (Palisades)

Mission Failed (Palisades)

Mission Failed (Palisades)

Mission Failed (Palisades)

Mission Failed (Palisades)

Mission Failed (Palisades)
Episode summary log written to examples/wildfire/data/scenarios/outputs/palisades_lr00075_563524/results_palisades_lr00075_2700_summary.csv

Mission Failed (Palisades)

Mission Failed (Palisades)

Mission Failed (Palisades)

Mission Failed (Palisades)

Mission Failed (Palisades)

Mission Failed (Palisades)

Mission Failed (Palisades)

Mission Failed (Palisades)

Mission Failed (Palisades)

Mission Failed (Palisades)

Mission Completed (Palisades)

Mission Failed (Palisades)

Mission Failed (Palisades)

Mission Failed (Palisades)

Mission Failed (Palisades)

Mission Failed (Palisades)

Mission Failed (Palisades)

Mission Failed (Palisades)

Mission Failed (Palisades)

Mission Completed (Palisades)

Mission Failed (Palisades)

Mission Failed (Palisades)

Mission Failed (Palisades)

Mission Completed (Palisades)

Mission Failed (Palisades)

Mission Failed (Palisades)

Mission Failed (Palisades)

Mission Failed (Palisades)

Mission Failed (Palisades)

Mission Failed (Palisades)

Mission Failed (Palisades)

Mission Failed (Palisades)

Mission Failed (Palisades)

Mission Failed (Palisades)

Mission Failed (Palisades)

Mission Failed (Palisades)

Mission Failed (Palisades)
-----------------------------------------
| time/                   |             |
|    fps                  | 32          |
|    iterations           | 12          |
|    time_elapsed         | 6907        |
|    total_timesteps      | 221184      |
| train/                  |             |
|    approx_kl            | 0.010447532 |
|    clip_fraction        | 0.111       |
|    clip_range           | 0.2         |
|    entropy_loss         | -11.2       |
|    explained_variance   | 0.835       |
|    learning_rate        | 0.000464    |
|    loss                 | -0.00179    |
|    n_updates            | 55          |
|    policy_gradient_loss | -0.00709    |
|    value_loss           | 0.0123      |
-----------------------------------------

Mission Failed (Palisades)

Mission Failed (Palisades)

Mission Failed (Palisades)

Mission Failed (Palisades)

Mission Failed (Palisades)

Mission Failed (Palisades)

Mission Failed (Palisades)

Mission Failed (Palisades)
Episode summary log written to examples/wildfire/data/scenarios/outputs/palisades_lr00075_563524/results_palisades_lr00075_2800_summary.csv

Mission Completed (Palisades)

Mission Completed (Palisades)

Mission Failed (Palisades)

Mission Failed (Palisades)

Mission Failed (Palisades)

Mission Failed (Palisades)

Mission Failed (Palisades)

Mission Failed (Palisades)

Mission Failed (Palisades)

Mission Failed (Palisades)

Mission Completed (Palisades)

Mission Failed (Palisades)

Mission Completed (Palisades)

Mission Failed (Palisades)

Mission Failed (Palisades)

Mission Failed (Palisades)

Mission Failed (Palisades)

Mission Failed (Palisades)

Mission Failed (Palisades)

Mission Failed (Palisades)

Mission Failed (Palisades)

Mission Failed (Palisades)

Mission Completed (Palisades)

Mission Failed (Palisades)

Mission Failed (Palisades)

Mission Failed (Palisades)

Mission Failed (Palisades)

Mission Failed (Palisades)

Mission Failed (Palisades)

Mission Failed (Palisades)

Mission Failed (Palisades)

Mission Completed (Palisades)

Mission Failed (Palisades)

Mission Failed (Palisades)

Mission Failed (Palisades)

Mission Completed (Palisades)

Mission Failed (Palisades)

Mission Failed (Palisades)

Mission Failed (Palisades)

Mission Failed (Palisades)

Mission Failed (Palisades)

Mission Failed (Palisades)

Mission Failed (Palisades)

Mission Failed (Palisades)

Mission Failed (Palisades)

Mission Failed (Palisades)

Mission Failed (Palisades)

Mission Failed (Palisades)
Episode summary log written to examples/wildfire/data/scenarios/outputs/palisades_lr00075_563524/results_palisades_lr00075_2900_summary.csv

Mission Failed (Palisades)

Mission Failed (Palisades)

Mission Failed (Palisades)

Mission Failed (Palisades)

Mission Failed (Palisades)

Mission Completed (Palisades)

Mission Failed (Palisades)

Mission Failed (Palisades)

Mission Completed (Palisades)

Mission Failed (Palisades)

Mission Completed (Palisades)

Mission Failed (Palisades)

Mission Failed (Palisades)

Mission Failed (Palisades)

Mission Failed (Palisades)

Mission Failed (Palisades)

Mission Failed (Palisades)

Mission Completed (Palisades)

Mission Completed (Palisades)

Mission Failed (Palisades)

Mission Failed (Palisades)

Mission Completed (Palisades)

Mission Failed (Palisades)

Mission Failed (Palisades)

Mission Failed (Palisades)

Mission Failed (Palisades)

Mission Failed (Palisades)

Mission Failed (Palisades)

Mission Completed (Palisades)

Mission Completed (Palisades)

Mission Failed (Palisades)

Mission Failed (Palisades)

Mission Failed (Palisades)

Mission Failed (Palisades)

Mission Failed (Palisades)

Mission Failed (Palisades)

Mission Failed (Palisades)

Mission Failed (Palisades)

Mission Failed (Palisades)

Mission Failed (Palisades)
Per-step log written to examples/wildfire/data/scenarios/outputs/palisades_lr00075_563524/results_palisades_lr00075_3000_steps.csv
Decision-step log written to examples/wildfire/data/scenarios/outputs/palisades_lr00075_563524/results_palisades_lr00075_3000_decision_steps.csv
Episode summary log written to examples/wildfire/data/scenarios/outputs/palisades_lr00075_563524/results_palisades_lr00075_3000_summary.csv

Mission Failed (Palisades)

Mission Failed (Palisades)

Mission Failed (Palisades)

Mission Failed (Palisades)

Mission Failed (Palisades)

Mission Failed (Palisades)

Mission Failed (Palisades)

Mission Failed (Palisades)

Mission Failed (Palisades)
-----------------------------------------
| time/                   |             |
|    fps                  | 31          |
|    iterations           | 13          |
|    time_elapsed         | 7493        |
|    total_timesteps      | 239616      |
| train/                  |             |
|    approx_kl            | 0.012886725 |
|    clip_fraction        | 0.145       |
|    clip_range           | 0.2         |
|    entropy_loss         | -11.2       |
|    explained_variance   | 0.817       |
|    learning_rate        | 0.000461    |
|    loss                 | 0.00284     |
|    n_updates            | 60          |
|    policy_gradient_loss | -0.00791    |
|    value_loss           | 0.0123      |
-----------------------------------------

Mission Failed (Palisades)

Mission Failed (Palisades)

Mission Failed (Palisades)

Mission Failed (Palisades)

Mission Failed (Palisades)

Mission Failed (Palisades)

Mission Failed (Palisades)

Mission Failed (Palisades)

Mission Failed (Palisades)

Mission Failed (Palisades)

Mission Failed (Palisades)

Mission Failed (Palisades)

Mission Completed (Palisades)

Mission Failed (Palisades)

Mission Failed (Palisades)

Mission Failed (Palisades)

Mission Failed (Palisades)

Mission Failed (Palisades)

Mission Failed (Palisades)

Mission Failed (Palisades)

Mission Failed (Palisades)

Mission Failed (Palisades)

Mission Failed (Palisades)

Mission Failed (Palisades)

Mission Failed (Palisades)

Mission Failed (Palisades)

Mission Failed (Palisades)

Mission Failed (Palisades)

Mission Failed (Palisades)

Mission Failed (Palisades)

Mission Failed (Palisades)

Mission Failed (Palisades)

Mission Failed (Palisades)

Mission Failed (Palisades)

Mission Failed (Palisades)

Mission Failed (Palisades)
Episode summary log written to examples/wildfire/data/scenarios/outputs/palisades_lr00075_563524/results_palisades_lr00075_3100_summary.csv

Mission Failed (Palisades)

Mission Failed (Palisades)

Mission Failed (Palisades)

Mission Failed (Palisades)

Mission Failed (Palisades)

Mission Failed (Palisades)

Mission Completed (Palisades)

Mission Failed (Palisades)

Mission Completed (Palisades)

Mission Completed (Palisades)

Mission Failed (Palisades)

Mission Failed (Palisades)

Mission Failed (Palisades)

Mission Failed (Palisades)

Mission Failed (Palisades)

Mission Failed (Palisades)

Mission Failed (Palisades)

Mission Failed (Palisades)

Mission Failed (Palisades)

Mission Failed (Palisades)

Mission Failed (Palisades)

Mission Failed (Palisades)

Mission Failed (Palisades)

Mission Failed (Palisades)

Mission Failed (Palisades)

Mission Failed (Palisades)

Mission Failed (Palisades)

Mission Failed (Palisades)

Mission Failed (Palisades)

Mission Failed (Palisades)

Mission Completed (Palisades)

Mission Failed (Palisades)

Mission Failed (Palisades)

Mission Failed (Palisades)

Mission Failed (Palisades)

Mission Completed (Palisades)

Mission Failed (Palisades)

Mission Failed (Palisades)

Mission Failed (Palisades)

Mission Failed (Palisades)

Mission Failed (Palisades)

Mission Failed (Palisades)

Mission Failed (Palisades)
Episode summary log written to examples/wildfire/data/scenarios/outputs/palisades_lr00075_563524/results_palisades_lr00075_3200_summary.csv

Mission Completed (Palisades)

Mission Failed (Palisades)

Mission Failed (Palisades)

Mission Failed (Palisades)

Mission Failed (Palisades)

Mission Failed (Palisades)

Mission Failed (Palisades)

Mission Failed (Palisades)

Mission Failed (Palisades)

Mission Failed (Palisades)

Mission Failed (Palisades)

Mission Failed (Palisades)

Mission Failed (Palisades)

Mission Failed (Palisades)

Mission Failed (Palisades)

Mission Failed (Palisades)

Mission Failed (Palisades)

Mission Failed (Palisades)

Mission Failed (Palisades)

Mission Failed (Palisades)

Mission Failed (Palisades)

Mission Failed (Palisades)

Mission Failed (Palisades)

Mission Failed (Palisades)

Mission Failed (Palisades)

Mission Failed (Palisades)

Mission Failed (Palisades)
-----------------------------------------
| time/                   |             |
|    fps                  | 32          |
|    iterations           | 14          |
|    time_elapsed         | 8035        |
|    total_timesteps      | 258048      |
| train/                  |             |
|    approx_kl            | 0.010364802 |
|    clip_fraction        | 0.12        |
|    clip_range           | 0.2         |
|    entropy_loss         | -11.2       |
|    explained_variance   | 0.827       |
|    learning_rate        | 0.000458    |
|    loss                 | 0.00672     |
|    n_updates            | 65          |
|    policy_gradient_loss | -0.0079     |
|    value_loss           | 0.0137      |
-----------------------------------------

Mission Failed (Palisades)

Mission Failed (Palisades)

Mission Failed (Palisades)

Mission Failed (Palisades)

Mission Failed (Palisades)

Mission Failed (Palisades)

Mission Failed (Palisades)

Mission Failed (Palisades)

Mission Completed (Palisades)

Mission Failed (Palisades)

Mission Failed (Palisades)

Mission Failed (Palisades)

Mission Failed (Palisades)

Mission Failed (Palisades)

Mission Failed (Palisades)

Mission Failed (Palisades)

Mission Failed (Palisades)

Mission Failed (Palisades)

Mission Failed (Palisades)

Mission Failed (Palisades)

Mission Failed (Palisades)

Mission Failed (Palisades)

Mission Failed (Palisades)

Mission Failed (Palisades)

Mission Failed (Palisades)
Episode summary log written to examples/wildfire/data/scenarios/outputs/palisades_lr00075_563524/results_palisades_lr00075_3300_summary.csv

Mission Failed (Palisades)

Mission Failed (Palisades)

Mission Failed (Palisades)

Mission Failed (Palisades)

Mission Completed (Palisades)

Mission Failed (Palisades)

Mission Failed (Palisades)

Mission Failed (Palisades)

Mission Failed (Palisades)

Mission Failed (Palisades)

Mission Failed (Palisades)

Mission Failed (Palisades)

Mission Failed (Palisades)

Mission Completed (Palisades)

Mission Failed (Palisades)

Mission Failed (Palisades)

Mission Failed (Palisades)

Mission Completed (Palisades)

Mission Failed (Palisades)

Mission Failed (Palisades)

Mission Failed (Palisades)

Mission Failed (Palisades)

Mission Failed (Palisades)

Mission Failed (Palisades)

Mission Failed (Palisades)

Mission Failed (Palisades)

Mission Failed (Palisades)

Mission Failed (Palisades)

Mission Failed (Palisades)

Mission Failed (Palisades)

Mission Failed (Palisades)

Mission Failed (Palisades)

Mission Failed (Palisades)

Mission Failed (Palisades)

Mission Failed (Palisades)

Mission Failed (Palisades)

Mission Failed (Palisades)

Mission Failed (Palisades)

Mission Failed (Palisades)

Mission Failed (Palisades)

Mission Failed (Palisades)

Mission Failed (Palisades)

Mission Failed (Palisades)
Episode summary log written to examples/wildfire/data/scenarios/outputs/palisades_lr00075_563524/results_palisades_lr00075_3400_summary.csv

Mission Failed (Palisades)

Mission Failed (Palisades)

Mission Failed (Palisades)

Mission Failed (Palisades)

Mission Failed (Palisades)

Mission Failed (Palisades)

Mission Failed (Palisades)

Mission Failed (Palisades)

Mission Failed (Palisades)

Mission Failed (Palisades)

Mission Failed (Palisades)

Mission Failed (Palisades)

Mission Completed (Palisades)

Mission Failed (Palisades)

Mission Failed (Palisades)

Mission Failed (Palisades)

Mission Failed (Palisades)

Mission Failed (Palisades)

Mission Failed (Palisades)

Mission Failed (Palisades)

Mission Failed (Palisades)

Mission Failed (Palisades)

Mission Failed (Palisades)

Mission Failed (Palisades)

Mission Failed (Palisades)

Mission Completed (Palisades)

Mission Failed (Palisades)

Mission Failed (Palisades)

Mission Failed (Palisades)

Mission Failed (Palisades)

Mission Failed (Palisades)

Mission Failed (Palisades)

Mission Failed (Palisades)

Mission Failed (Palisades)

Mission Failed (Palisades)

Mission Failed (Palisades)

Mission Failed (Palisades)

Mission Completed (Palisades)
-----------------------------------------
| time/                   |             |
|    fps                  | 32          |
|    iterations           | 15          |
|    time_elapsed         | 8588        |
|    total_timesteps      | 276480      |
| train/                  |             |
|    approx_kl            | 0.011076026 |
|    clip_fraction        | 0.121       |
|    clip_range           | 0.2         |
|    entropy_loss         | -11.2       |
|    explained_variance   | 0.813       |
|    learning_rate        | 0.000454    |
|    loss                 | -0.00253    |
|    n_updates            | 70          |
|    policy_gradient_loss | -0.00841    |
|    value_loss           | 0.0143      |
-----------------------------------------

Mission Failed (Palisades)

Mission Failed (Palisades)

Mission Failed (Palisades)

Mission Failed (Palisades)

Mission Failed (Palisades)

Mission Failed (Palisades)
Episode summary log written to examples/wildfire/data/scenarios/outputs/palisades_lr00075_563524/results_palisades_lr00075_3500_summary.csv

Mission Failed (Palisades)

Mission Failed (Palisades)

Mission Failed (Palisades)

Mission Failed (Palisades)

Mission Failed (Palisades)

Mission Completed (Palisades)

Mission Failed (Palisades)

Mission Failed (Palisades)

Mission Failed (Palisades)

Mission Failed (Palisades)

Mission Failed (Palisades)

Mission Failed (Palisades)

Mission Failed (Palisades)

Mission Failed (Palisades)

Mission Failed (Palisades)

Mission Failed (Palisades)

Mission Failed (Palisades)

Mission Failed (Palisades)

Mission Failed (Palisades)

Mission Failed (Palisades)

Mission Failed (Palisades)

Mission Failed (Palisades)

Mission Failed (Palisades)

Mission Failed (Palisades)

Mission Failed (Palisades)

Mission Failed (Palisades)

Mission Failed (Palisades)

Mission Failed (Palisades)

Mission Failed (Palisades)

Mission Failed (Palisades)

Mission Failed (Palisades)

Mission Failed (Palisades)

Mission Failed (Palisades)

Mission Failed (Palisades)

Mission Failed (Palisades)

Mission Failed (Palisades)

Mission Failed (Palisades)

Mission Failed (Palisades)

Mission Failed (Palisades)

Mission Failed (Palisades)

Mission Failed (Palisades)

Mission Failed (Palisades)

Mission Failed (Palisades)

Mission Failed (Palisades)

Mission Failed (Palisades)

Mission Failed (Palisades)

Mission Failed (Palisades)
Episode summary log written to examples/wildfire/data/scenarios/outputs/palisades_lr00075_563524/results_palisades_lr00075_3600_summary.csv

Mission Failed (Palisades)

Mission Failed (Palisades)

Mission Failed (Palisades)

Mission Failed (Palisades)

Mission Failed (Palisades)

Mission Failed (Palisades)

Mission Failed (Palisades)

Mission Failed (Palisades)

Mission Failed (Palisades)

Mission Failed (Palisades)

Mission Failed (Palisades)

Mission Failed (Palisades)

Mission Completed (Palisades)

Mission Failed (Palisades)

Mission Failed (Palisades)

Mission Failed (Palisades)

Mission Failed (Palisades)

Mission Failed (Palisades)

Mission Failed (Palisades)

Mission Failed (Palisades)

Mission Failed (Palisades)

Mission Completed (Palisades)

Mission Failed (Palisades)

Mission Failed (Palisades)

Mission Completed (Palisades)

Mission Failed (Palisades)

Mission Failed (Palisades)

Mission Failed (Palisades)

Mission Failed (Palisades)

Mission Failed (Palisades)

Mission Failed (Palisades)

Mission Failed (Palisades)

Mission Failed (Palisades)

Mission Failed (Palisades)

Mission Failed (Palisades)

Mission Failed (Palisades)

Mission Completed (Palisades)

Mission Failed (Palisades)

Mission Failed (Palisades)

Mission Failed (Palisades)
Episode summary log written to examples/wildfire/data/scenarios/outputs/palisades_lr00075_563524/results_palisades_lr00075_3700_summary.csv

Mission Failed (Palisades)

Mission Failed (Palisades)

Mission Failed (Palisades)

Mission Completed (Palisades)

Mission Failed (Palisades)

Mission Failed (Palisades)

Mission Failed (Palisades)

Mission Failed (Palisades)

Mission Failed (Palisades)

Mission Failed (Palisades)

Mission Failed (Palisades)

Mission Failed (Palisades)

Mission Failed (Palisades)
-----------------------------------------
| time/                   |             |
|    fps                  | 32          |
|    iterations           | 16          |
|    time_elapsed         | 9110        |
|    total_timesteps      | 294912      |
| train/                  |             |
|    approx_kl            | 0.010139498 |
|    clip_fraction        | 0.141       |
|    clip_range           | 0.2         |
|    entropy_loss         | -11.2       |
|    explained_variance   | 0.83        |
|    learning_rate        | 0.000451    |
|    loss                 | -0.00945    |
|    n_updates            | 75          |
|    policy_gradient_loss | -0.00848    |
|    value_loss           | 0.0131      |
-----------------------------------------

Mission Completed (Palisades)

Mission Failed (Palisades)

Mission Failed (Palisades)

Mission Failed (Palisades)

Mission Failed (Palisades)

Mission Failed (Palisades)

Mission Failed (Palisades)

Mission Failed (Palisades)

Mission Failed (Palisades)

Mission Failed (Palisades)

Mission Completed (Palisades)

Mission Failed (Palisades)

Mission Failed (Palisades)

Mission Failed (Palisades)

Mission Failed (Palisades)

Mission Failed (Palisades)

Mission Completed (Palisades)

Mission Failed (Palisades)

Mission Failed (Palisades)

Mission Failed (Palisades)

Mission Failed (Palisades)

Mission Failed (Palisades)

Mission Failed (Palisades)

Mission Failed (Palisades)

Mission Failed (Palisades)

Mission Failed (Palisades)

Mission Failed (Palisades)

Mission Failed (Palisades)
Episode summary log written to examples/wildfire/data/scenarios/outputs/palisades_lr00075_563524/results_palisades_lr00075_3800_summary.csv

Mission Completed (Palisades)

Mission Completed (Palisades)

Mission Failed (Palisades)

Mission Failed (Palisades)

Mission Failed (Palisades)

Mission Failed (Palisades)

Mission Completed (Palisades)

Mission Failed (Palisades)

Mission Failed (Palisades)

Mission Failed (Palisades)

Mission Failed (Palisades)

Mission Failed (Palisades)

Mission Failed (Palisades)

Mission Failed (Palisades)

Mission Failed (Palisades)

Mission Failed (Palisades)

Mission Failed (Palisades)

Mission Failed (Palisades)

Mission Failed (Palisades)

Mission Failed (Palisades)

Mission Failed (Palisades)

Mission Failed (Palisades)

Mission Failed (Palisades)

Mission Failed (Palisades)

Mission Failed (Palisades)

Mission Completed (Palisades)

Mission Completed (Palisades)

Mission Failed (Palisades)

Mission Failed (Palisades)

Mission Failed (Palisades)

Mission Failed (Palisades)

Mission Failed (Palisades)

Mission Failed (Palisades)

Mission Failed (Palisades)

Mission Failed (Palisades)

Mission Failed (Palisades)

Mission Failed (Palisades)

Mission Failed (Palisades)

Mission Failed (Palisades)

Mission Failed (Palisades)

Mission Failed (Palisades)

Mission Failed (Palisades)
Episode summary log written to examples/wildfire/data/scenarios/outputs/palisades_lr00075_563524/results_palisades_lr00075_3900_summary.csv

Mission Failed (Palisades)

Mission Failed (Palisades)

Mission Failed (Palisades)

Mission Failed (Palisades)

Mission Failed (Palisades)

Mission Failed (Palisades)

Mission Failed (Palisades)

Mission Failed (Palisades)

Mission Completed (Palisades)

Mission Failed (Palisades)

Mission Failed (Palisades)

Mission Completed (Palisades)

Mission Failed (Palisades)

Mission Failed (Palisades)

Mission Failed (Palisades)

Mission Failed (Palisades)

Mission Failed (Palisades)

Mission Failed (Palisades)

Mission Failed (Palisades)

Mission Failed (Palisades)

Mission Failed (Palisades)

Mission Failed (Palisades)

Mission Failed (Palisades)

Mission Failed (Palisades)

Mission Failed (Palisades)

Mission Failed (Palisades)

Mission Failed (Palisades)

Mission Failed (Palisades)

Mission Completed (Palisades)

Mission Failed (Palisades)
-----------------------------------------
| time/                   |             |
|    fps                  | 32          |
|    iterations           | 17          |
|    time_elapsed         | 9649        |
|    total_timesteps      | 313344      |
| train/                  |             |
|    approx_kl            | 0.009772951 |
|    clip_fraction        | 0.123       |
|    clip_range           | 0.2         |
|    entropy_loss         | -11.2       |
|    explained_variance   | 0.87        |
|    learning_rate        | 0.000448    |
|    loss                 | -0.00283    |
|    n_updates            | 80          |
|    policy_gradient_loss | -0.00749    |
|    value_loss           | 0.0112      |
-----------------------------------------

Mission Failed (Palisades)

Mission Failed (Palisades)

Mission Failed (Palisades)

Mission Failed (Palisades)

Mission Failed (Palisades)

Mission Completed (Palisades)

Mission Failed (Palisades)

Mission Failed (Palisades)

Mission Failed (Palisades)

Mission Failed (Palisades)
Per-step log written to examples/wildfire/data/scenarios/outputs/palisades_lr00075_563524/results_palisades_lr00075_4000_steps.csv
Decision-step log written to examples/wildfire/data/scenarios/outputs/palisades_lr00075_563524/results_palisades_lr00075_4000_decision_steps.csv
Episode summary log written to examples/wildfire/data/scenarios/outputs/palisades_lr00075_563524/results_palisades_lr00075_4000_summary.csv

Mission Completed (Palisades)

Mission Failed (Palisades)

Mission Failed (Palisades)

Mission Failed (Palisades)

Mission Failed (Palisades)

Mission Failed (Palisades)

Mission Failed (Palisades)

Mission Failed (Palisades)

Mission Failed (Palisades)

Mission Failed (Palisades)

Mission Failed (Palisades)

Mission Failed (Palisades)

Mission Failed (Palisades)

Mission Failed (Palisades)

Mission Failed (Palisades)

Mission Failed (Palisades)

Mission Failed (Palisades)

Mission Failed (Palisades)

Mission Completed (Palisades)

Mission Failed (Palisades)

Mission Failed (Palisades)

Mission Failed (Palisades)

Mission Failed (Palisades)

Mission Failed (Palisades)

Mission Failed (Palisades)

Mission Failed (Palisades)

Mission Failed (Palisades)

Mission Failed (Palisades)

Mission Completed (Palisades)

Mission Failed (Palisades)

Mission Failed (Palisades)

Mission Failed (Palisades)

Mission Failed (Palisades)

Mission Failed (Palisades)
Episode summary log written to examples/wildfire/data/scenarios/outputs/palisades_lr00075_563524/results_palisades_lr00075_4100_summary.csv

Mission Failed (Palisades)

Mission Failed (Palisades)

Mission Failed (Palisades)

Mission Failed (Palisades)

Mission Failed (Palisades)

Mission Failed (Palisades)

Mission Completed (Palisades)

Mission Failed (Palisades)

Mission Failed (Palisades)

Mission Completed (Palisades)

Mission Failed (Palisades)

Mission Failed (Palisades)

Mission Failed (Palisades)

Mission Failed (Palisades)

Mission Failed (Palisades)

Mission Failed (Palisades)

Mission Failed (Palisades)

Mission Failed (Palisades)

Mission Failed (Palisades)

Mission Failed (Palisades)

Mission Failed (Palisades)

Mission Completed (Palisades)

Mission Failed (Palisades)

Mission Failed (Palisades)

Mission Completed (Palisades)

Mission Failed (Palisades)

Mission Failed (Palisades)

Mission Failed (Palisades)

Mission Failed (Palisades)

Mission Failed (Palisades)

Mission Failed (Palisades)

Mission Failed (Palisades)

Mission Failed (Palisades)

Mission Failed (Palisades)

Mission Failed (Palisades)

Mission Failed (Palisades)

Mission Failed (Palisades)

Mission Completed (Palisades)

Mission Failed (Palisades)

Mission Failed (Palisades)

Mission Failed (Palisades)

Mission Failed (Palisades)

Mission Failed (Palisades)
Episode summary log written to examples/wildfire/data/scenarios/outputs/palisades_lr00075_563524/results_palisades_lr00075_4200_summary.csv

Mission Failed (Palisades)

Mission Failed (Palisades)

Mission Failed (Palisades)

Mission Failed (Palisades)

Mission Failed (Palisades)

Mission Failed (Palisades)

Mission Failed (Palisades)

Mission Failed (Palisades)

Mission Failed (Palisades)
-----------------------------------------
| time/                   |             |
|    fps                  | 32          |
|    iterations           | 18          |
|    time_elapsed         | 10169       |
|    total_timesteps      | 331776      |
| train/                  |             |
|    approx_kl            | 0.011187525 |
|    clip_fraction        | 0.128       |
|    clip_range           | 0.2         |
|    entropy_loss         | -11.2       |
|    explained_variance   | 0.855       |
|    learning_rate        | 0.000444    |
|    loss                 | 0.00423     |
|    n_updates            | 85          |
|    policy_gradient_loss | -0.00647    |
|    value_loss           | 0.0121      |
-----------------------------------------

Mission Failed (Palisades)

Mission Completed (Palisades)

Mission Completed (Palisades)

Mission Failed (Palisades)

Mission Failed (Palisades)

Mission Failed (Palisades)

Mission Failed (Palisades)

Mission Failed (Palisades)

Mission Failed (Palisades)

Mission Failed (Palisades)

Mission Failed (Palisades)

Mission Failed (Palisades)

Mission Failed (Palisades)

Mission Completed (Palisades)

Mission Failed (Palisades)

Mission Completed (Palisades)

Mission Failed (Palisades)

Mission Failed (Palisades)

Mission Failed (Palisades)

Mission Failed (Palisades)

Mission Completed (Palisades)

Mission Failed (Palisades)

Mission Failed (Palisades)

Mission Failed (Palisades)

Mission Failed (Palisades)

Mission Completed (Palisades)

Mission Completed (Palisades)

Mission Failed (Palisades)

Mission Failed (Palisades)

Mission Failed (Palisades)

Mission Failed (Palisades)

Mission Failed (Palisades)

Mission Failed (Palisades)

Mission Failed (Palisades)

Mission Completed (Palisades)

Mission Failed (Palisades)

Mission Failed (Palisades)

Mission Failed (Palisades)

Mission Failed (Palisades)

Mission Failed (Palisades)

Mission Failed (Palisades)
Episode summary log written to examples/wildfire/data/scenarios/outputs/palisades_lr00075_563524/results_palisades_lr00075_4300_summary.csv

Mission Completed (Palisades)

Mission Failed (Palisades)

Mission Failed (Palisades)

Mission Failed (Palisades)

Mission Failed (Palisades)

Mission Failed (Palisades)

Mission Failed (Palisades)

Mission Failed (Palisades)

Mission Failed (Palisades)

Mission Failed (Palisades)

Mission Failed (Palisades)

Mission Failed (Palisades)

Mission Failed (Palisades)

Mission Failed (Palisades)

Mission Failed (Palisades)

Mission Failed (Palisades)

Mission Failed (Palisades)

Mission Failed (Palisades)

Mission Failed (Palisades)

Mission Failed (Palisades)

Mission Failed (Palisades)

Mission Failed (Palisades)

Mission Completed (Palisades)

Mission Failed (Palisades)

Mission Failed (Palisades)

Mission Failed (Palisades)

Mission Failed (Palisades)

Mission Failed (Palisades)

Mission Failed (Palisades)

Mission Failed (Palisades)

Mission Completed (Palisades)

Mission Failed (Palisades)

Mission Failed (Palisades)

Mission Failed (Palisades)

Mission Failed (Palisades)

Mission Failed (Palisades)

Mission Failed (Palisades)

Mission Failed (Palisades)

Mission Completed (Palisades)

Mission Failed (Palisades)

Mission Failed (Palisades)

Mission Failed (Palisades)

Mission Failed (Palisades)

Mission Failed (Palisades)

Mission Failed (Palisades)
Episode summary log written to examples/wildfire/data/scenarios/outputs/palisades_lr00075_563524/results_palisades_lr00075_4400_summary.csv

Mission Failed (Palisades)

Mission Failed (Palisades)

Mission Failed (Palisades)

Mission Failed (Palisades)

Mission Failed (Palisades)

Mission Failed (Palisades)

Mission Failed (Palisades)

Mission Failed (Palisades)

Mission Failed (Palisades)

Mission Failed (Palisades)

Mission Failed (Palisades)

Mission Failed (Palisades)

Mission Failed (Palisades)

Mission Failed (Palisades)

Mission Failed (Palisades)

Mission Failed (Palisades)

Mission Failed (Palisades)

Mission Failed (Palisades)

Mission Failed (Palisades)

Mission Failed (Palisades)

Mission Failed (Palisades)

Mission Failed (Palisades)

Mission Failed (Palisades)
-----------------------------------------
| time/                   |             |
|    fps                  | 32          |
|    iterations           | 19          |
|    time_elapsed         | 10715       |
|    total_timesteps      | 350208      |
| train/                  |             |
|    approx_kl            | 0.011869624 |
|    clip_fraction        | 0.146       |
|    clip_range           | 0.2         |
|    entropy_loss         | -11.2       |
|    explained_variance   | 0.861       |
|    learning_rate        | 0.000441    |
|    loss                 | -0.00123    |
|    n_updates            | 90          |
|    policy_gradient_loss | -0.00869    |
|    value_loss           | 0.0106      |
-----------------------------------------

Mission Failed (Palisades)

Mission Failed (Palisades)

Mission Failed (Palisades)

Mission Failed (Palisades)

Mission Failed (Palisades)

Mission Failed (Palisades)

Mission Failed (Palisades)

Mission Failed (Palisades)

Mission Completed (Palisades)

Mission Failed (Palisades)

Mission Failed (Palisades)

Mission Failed (Palisades)

Mission Failed (Palisades)

Mission Failed (Palisades)

Mission Failed (Palisades)

Mission Failed (Palisades)

Mission Failed (Palisades)

Mission Failed (Palisades)

Mission Failed (Palisades)
Episode summary log written to examples/wildfire/data/scenarios/outputs/palisades_lr00075_563524/results_palisades_lr00075_4500_summary.csv

Mission Failed (Palisades)

Mission Completed (Palisades)

Mission Failed (Palisades)

Mission Failed (Palisades)

Mission Failed (Palisades)

Mission Failed (Palisades)

Mission Failed (Palisades)

Mission Failed (Palisades)

Mission Failed (Palisades)

Mission Failed (Palisades)

Mission Failed (Palisades)

Mission Failed (Palisades)

Mission Completed (Palisades)

Mission Failed (Palisades)

Mission Failed (Palisades)

Mission Failed (Palisades)

Mission Failed (Palisades)

Mission Failed (Palisades)

Mission Failed (Palisades)

Mission Failed (Palisades)

Mission Failed (Palisades)

Mission Failed (Palisades)

Mission Failed (Palisades)

Mission Failed (Palisades)

Mission Failed (Palisades)

Mission Failed (Palisades)

Mission Completed (Palisades)

Mission Failed (Palisades)

Mission Failed (Palisades)

Mission Failed (Palisades)

Mission Failed (Palisades)

Mission Failed (Palisades)

Mission Failed (Palisades)

Mission Failed (Palisades)

Mission Failed (Palisades)

Mission Failed (Palisades)

Mission Failed (Palisades)

Mission Failed (Palisades)

Mission Failed (Palisades)

Mission Failed (Palisades)

Mission Failed (Palisades)
Episode summary log written to examples/wildfire/data/scenarios/outputs/palisades_lr00075_563524/results_palisades_lr00075_4600_summary.csv

Mission Failed (Palisades)

Mission Failed (Palisades)

Mission Failed (Palisades)

Mission Failed (Palisades)

Mission Failed (Palisades)

Mission Completed (Palisades)

Mission Failed (Palisades)

Mission Failed (Palisades)

Mission Failed (Palisades)

Mission Failed (Palisades)

Mission Failed (Palisades)

Mission Failed (Palisades)

Mission Failed (Palisades)

Mission Failed (Palisades)

Mission Failed (Palisades)

Mission Failed (Palisades)

Mission Failed (Palisades)

Mission Failed (Palisades)

Mission Failed (Palisades)

Mission Failed (Palisades)

Mission Failed (Palisades)

Mission Failed (Palisades)

Mission Failed (Palisades)

Mission Failed (Palisades)

Mission Failed (Palisades)

Mission Completed (Palisades)

Mission Failed (Palisades)

Mission Failed (Palisades)

Mission Failed (Palisades)

Mission Failed (Palisades)

Mission Completed (Palisades)

Mission Failed (Palisades)

Mission Completed (Palisades)

Mission Completed (Palisades)

Mission Completed (Palisades)

Mission Failed (Palisades)

Mission Failed (Palisades)

Mission Completed (Palisades)
-----------------------------------------
| time/                   |             |
|    fps                  | 32          |
|    iterations           | 20          |
|    time_elapsed         | 11244       |
|    total_timesteps      | 368640      |
| train/                  |             |
|    approx_kl            | 0.012322354 |
|    clip_fraction        | 0.154       |
|    clip_range           | 0.2         |
|    entropy_loss         | -11.2       |
|    explained_variance   | 0.876       |
|    learning_rate        | 0.000437    |
|    loss                 | -0.0114     |
|    n_updates            | 95          |
|    policy_gradient_loss | -0.00739    |
|    value_loss           | 0.0107      |
-----------------------------------------

Mission Failed (Palisades)

Mission Failed (Palisades)
Episode summary log written to examples/wildfire/data/scenarios/outputs/palisades_lr00075_563524/results_palisades_lr00075_4700_summary.csv

Mission Failed (Palisades)

Mission Failed (Palisades)

Mission Failed (Palisades)

Mission Failed (Palisades)

Mission Failed (Palisades)

Mission Failed (Palisades)

Mission Failed (Palisades)

Mission Failed (Palisades)

Mission Failed (Palisades)

Mission Failed (Palisades)

Mission Failed (Palisades)

Mission Failed (Palisades)

Mission Failed (Palisades)

Mission Failed (Palisades)

Mission Failed (Palisades)

Mission Failed (Palisades)

Mission Failed (Palisades)

Mission Failed (Palisades)

Mission Failed (Palisades)

Mission Failed (Palisades)

Mission Failed (Palisades)

Mission Failed (Palisades)

Mission Failed (Palisades)

Mission Failed (Palisades)

Mission Failed (Palisades)

Mission Failed (Palisades)

Mission Failed (Palisades)

Mission Failed (Palisades)

Mission Failed (Palisades)

Mission Failed (Palisades)

Mission Failed (Palisades)

Mission Failed (Palisades)

Mission Failed (Palisades)

Mission Failed (Palisades)

Mission Failed (Palisades)

Mission Failed (Palisades)

Mission Completed (Palisades)

Mission Failed (Palisades)

Mission Failed (Palisades)
Episode summary log written to examples/wildfire/data/scenarios/outputs/palisades_lr00075_563524/results_palisades_lr00075_4800_summary.csv

Mission Failed (Palisades)

Mission Failed (Palisades)

Mission Completed (Palisades)

Mission Failed (Palisades)

Mission Failed (Palisades)

Mission Failed (Palisades)

Mission Failed (Palisades)

Mission Failed (Palisades)

Mission Failed (Palisades)

Mission Failed (Palisades)

Mission Failed (Palisades)

Mission Failed (Palisades)

Mission Completed (Palisades)

Mission Failed (Palisades)

Mission Failed (Palisades)

Mission Failed (Palisades)

Mission Failed (Palisades)

Mission Failed (Palisades)

Mission Completed (Palisades)

Mission Failed (Palisades)

Mission Failed (Palisades)

Mission Failed (Palisades)

Mission Failed (Palisades)

Mission Completed (Palisades)

Mission Failed (Palisades)

Mission Failed (Palisades)

Mission Failed (Palisades)

Mission Failed (Palisades)

Mission Failed (Palisades)

Mission Failed (Palisades)

Mission Failed (Palisades)

Mission Failed (Palisades)

Mission Failed (Palisades)

Mission Failed (Palisades)

Mission Failed (Palisades)

Mission Failed (Palisades)

Mission Failed (Palisades)

Mission Failed (Palisades)

Mission Failed (Palisades)

Mission Failed (Palisades)

Mission Failed (Palisades)

Mission Failed (Palisades)

Mission Completed (Palisades)
Episode summary log written to examples/wildfire/data/scenarios/outputs/palisades_lr00075_563524/results_palisades_lr00075_4900_summary.csv

Mission Failed (Palisades)

Mission Failed (Palisades)

Mission Failed (Palisades)

Mission Failed (Palisades)

Mission Failed (Palisades)

Mission Failed (Palisades)

Mission Failed (Palisades)

Mission Failed (Palisades)

Mission Completed (Palisades)

Mission Completed (Palisades)

Mission Failed (Palisades)

Mission Failed (Palisades)

Mission Failed (Palisades)

Mission Failed (Palisades)

Mission Failed (Palisades)
------------------------------------------
| time/                   |              |
|    fps                  | 32           |
|    iterations           | 21           |
|    time_elapsed         | 11784        |
|    total_timesteps      | 387072       |
| train/                  |              |
|    approx_kl            | 0.0107133025 |
|    clip_fraction        | 0.127        |
|    clip_range           | 0.2          |
|    entropy_loss         | -11.1        |
|    explained_variance   | 0.854        |
|    learning_rate        | 0.000434     |
|    loss                 | -0.00321     |
|    n_updates            | 100          |
|    policy_gradient_loss | -0.00835     |
|    value_loss           | 0.012        |
------------------------------------------

Mission Failed (Palisades)

Mission Failed (Palisades)

Mission Failed (Palisades)

Mission Failed (Palisades)

Mission Failed (Palisades)

Mission Failed (Palisades)

Mission Failed (Palisades)

Mission Failed (Palisades)

Mission Failed (Palisades)

Mission Failed (Palisades)

Mission Failed (Palisades)

Mission Failed (Palisades)

Mission Failed (Palisades)

Mission Failed (Palisades)

Mission Failed (Palisades)

Mission Failed (Palisades)

Mission Failed (Palisades)
Per-step log written to examples/wildfire/data/scenarios/outputs/palisades_lr00075_563524/results_palisades_lr00075_5000_steps.csv
Decision-step log written to examples/wildfire/data/scenarios/outputs/palisades_lr00075_563524/results_palisades_lr00075_5000_decision_steps.csv
Episode summary log written to examples/wildfire/data/scenarios/outputs/palisades_lr00075_563524/results_palisades_lr00075_5000_summary.csv

Mission Completed (Palisades)

Mission Failed (Palisades)

Mission Failed (Palisades)

Mission Failed (Palisades)

Mission Failed (Palisades)

Mission Failed (Palisades)

Mission Failed (Palisades)

Mission Failed (Palisades)

Mission Completed (Palisades)

Mission Failed (Palisades)

Mission Completed (Palisades)

Mission Failed (Palisades)

Mission Failed (Palisades)

Mission Failed (Palisades)

Mission Failed (Palisades)

Mission Failed (Palisades)

Mission Failed (Palisades)

Mission Failed (Palisades)

Mission Failed (Palisades)

Mission Failed (Palisades)

Mission Completed (Palisades)

Mission Failed (Palisades)

Mission Completed (Palisades)

Mission Failed (Palisades)

Mission Failed (Palisades)

Mission Failed (Palisades)

Mission Failed (Palisades)

Mission Failed (Palisades)

Mission Failed (Palisades)

Mission Failed (Palisades)

Mission Failed (Palisades)

Mission Failed (Palisades)

Mission Failed (Palisades)

Mission Failed (Palisades)

Mission Failed (Palisades)

Mission Failed (Palisades)

Mission Failed (Palisades)

Mission Failed (Palisades)

Mission Failed (Palisades)

Mission Failed (Palisades)

Mission Failed (Palisades)

Mission Failed (Palisades)

Mission Failed (Palisades)

Mission Failed (Palisades)
Episode summary log written to examples/wildfire/data/scenarios/outputs/palisades_lr00075_563524/results_palisades_lr00075_5100_summary.csv

Mission Failed (Palisades)

Mission Failed (Palisades)

Mission Failed (Palisades)

Mission Completed (Palisades)

Mission Failed (Palisades)

Mission Failed (Palisades)

Mission Failed (Palisades)

Mission Failed (Palisades)

Mission Failed (Palisades)

Mission Failed (Palisades)

Mission Failed (Palisades)

Mission Failed (Palisades)

Mission Failed (Palisades)

Mission Failed (Palisades)

Mission Failed (Palisades)

Mission Failed (Palisades)

Mission Failed (Palisades)

Mission Failed (Palisades)

Mission Failed (Palisades)

Mission Failed (Palisades)

Mission Failed (Palisades)

Mission Failed (Palisades)

Mission Failed (Palisades)

Mission Failed (Palisades)

Mission Failed (Palisades)

Mission Failed (Palisades)

Mission Failed (Palisades)

Mission Failed (Palisades)

Mission Failed (Palisades)

Mission Failed (Palisades)

Mission Failed (Palisades)

Mission Failed (Palisades)
-----------------------------------------
| time/                   |             |
|    fps                  | 32          |
|    iterations           | 22          |
|    time_elapsed         | 12320       |
|    total_timesteps      | 405504      |
| train/                  |             |
|    approx_kl            | 0.010547032 |
|    clip_fraction        | 0.128       |
|    clip_range           | 0.2         |
|    entropy_loss         | -11.1       |
|    explained_variance   | 0.859       |
|    learning_rate        | 0.000431    |
|    loss                 | -0.00662    |
|    n_updates            | 105         |
|    policy_gradient_loss | -0.00829    |
|    value_loss           | 0.012       |
-----------------------------------------

Mission Failed (Palisades)

Mission Failed (Palisades)

Mission Failed (Palisades)
Episode summary log written to examples/wildfire/data/scenarios/outputs/palisades_lr00075_563524/results_palisades_lr00075_5200_summary.csv

Mission Failed (Palisades)

Mission Failed (Palisades)

Mission Completed (Palisades)

Mission Failed (Palisades)

Mission Failed (Palisades)

Mission Failed (Palisades)

Mission Completed (Palisades)

Mission Failed (Palisades)

Mission Failed (Palisades)

Mission Failed (Palisades)

Mission Failed (Palisades)

Mission Failed (Palisades)

Mission Failed (Palisades)

Mission Completed (Palisades)

Mission Failed (Palisades)

Mission Failed (Palisades)

Mission Failed (Palisades)

Mission Failed (Palisades)

Mission Failed (Palisades)

Mission Failed (Palisades)

Mission Failed (Palisades)

Mission Failed (Palisades)

Mission Failed (Palisades)

Mission Failed (Palisades)

Mission Failed (Palisades)

Mission Failed (Palisades)

Mission Failed (Palisades)

Mission Completed (Palisades)

Mission Failed (Palisades)

Mission Failed (Palisades)

Mission Failed (Palisades)

Mission Failed (Palisades)

Mission Failed (Palisades)

Mission Failed (Palisades)

Mission Failed (Palisades)

Mission Failed (Palisades)

Mission Failed (Palisades)

Mission Failed (Palisades)

Mission Failed (Palisades)
Episode summary log written to examples/wildfire/data/scenarios/outputs/palisades_lr00075_563524/results_palisades_lr00075_5300_summary.csv

Mission Failed (Palisades)

Mission Failed (Palisades)

Mission Failed (Palisades)

Mission Completed (Palisades)

Mission Failed (Palisades)

Mission Failed (Palisades)

Mission Failed (Palisades)

Mission Failed (Palisades)

Mission Failed (Palisades)

Mission Failed (Palisades)

Mission Failed (Palisades)

Mission Failed (Palisades)

Mission Failed (Palisades)

Mission Failed (Palisades)

Mission Failed (Palisades)

Mission Completed (Palisades)

Mission Failed (Palisades)

Mission Failed (Palisades)

Mission Failed (Palisades)

Mission Failed (Palisades)

Mission Failed (Palisades)

Mission Failed (Palisades)

Mission Failed (Palisades)

Mission Failed (Palisades)

Mission Failed (Palisades)

Mission Failed (Palisades)

Mission Failed (Palisades)

Mission Failed (Palisades)

Mission Failed (Palisades)

Mission Completed (Palisades)

Mission Failed (Palisades)

Mission Completed (Palisades)

Mission Failed (Palisades)

Mission Failed (Palisades)

Mission Failed (Palisades)

Mission Failed (Palisades)
Episode summary log written to examples/wildfire/data/scenarios/outputs/palisades_lr00075_563524/results_palisades_lr00075_5400_summary.csv

Mission Failed (Palisades)

Mission Failed (Palisades)

Mission Failed (Palisades)

Mission Failed (Palisades)

Mission Completed (Palisades)

Mission Failed (Palisades)

Mission Failed (Palisades)

Mission Failed (Palisades)

Mission Failed (Palisades)

Mission Failed (Palisades)

Mission Failed (Palisades)

Mission Failed (Palisades)

Mission Failed (Palisades)

Mission Failed (Palisades)

Mission Failed (Palisades)

Mission Failed (Palisades)

Mission Failed (Palisades)

Mission Failed (Palisades)

Mission Failed (Palisades)

Mission Failed (Palisades)

Mission Failed (Palisades)
----------------------------------------
| time/                   |            |
|    fps                  | 32         |
|    iterations           | 23         |
|    time_elapsed         | 12858      |
|    total_timesteps      | 423936     |
| train/                  |            |
|    approx_kl            | 0.01141129 |
|    clip_fraction        | 0.148      |
|    clip_range           | 0.2        |
|    entropy_loss         | -11.1      |
|    explained_variance   | 0.835      |
|    learning_rate        | 0.000427   |
|    loss                 | -0.00186   |
|    n_updates            | 110        |
|    policy_gradient_loss | -0.00729   |
|    value_loss           | 0.0131     |
----------------------------------------

Mission Completed (Palisades)

Mission Failed (Palisades)

Mission Failed (Palisades)

Mission Failed (Palisades)

Mission Completed (Palisades)

Mission Failed (Palisades)

Mission Failed (Palisades)

Mission Failed (Palisades)

Mission Failed (Palisades)

Mission Failed (Palisades)

Mission Failed (Palisades)

Mission Failed (Palisades)

Mission Failed (Palisades)

Mission Failed (Palisades)

Mission Failed (Palisades)

Mission Failed (Palisades)

Mission Failed (Palisades)

Mission Failed (Palisades)

Mission Failed (Palisades)
Episode summary log written to examples/wildfire/data/scenarios/outputs/palisades_lr00075_563524/results_palisades_lr00075_5500_summary.csv

Mission Failed (Palisades)

Mission Failed (Palisades)

Mission Failed (Palisades)

Mission Failed (Palisades)

Mission Completed (Palisades)

Mission Failed (Palisades)

Mission Completed (Palisades)

Mission Failed (Palisades)

Mission Failed (Palisades)

Mission Failed (Palisades)

Mission Failed (Palisades)

Mission Failed (Palisades)

Mission Failed (Palisades)

Mission Completed (Palisades)

Mission Failed (Palisades)

Mission Completed (Palisades)

Mission Failed (Palisades)

Mission Failed (Palisades)

Mission Failed (Palisades)

Mission Failed (Palisades)

Mission Failed (Palisades)

Mission Failed (Palisades)

Mission Failed (Palisades)

Mission Failed (Palisades)

Mission Failed (Palisades)

Mission Failed (Palisades)

Mission Failed (Palisades)

Mission Failed (Palisades)

Mission Failed (Palisades)

Mission Failed (Palisades)

Mission Completed (Palisades)

Mission Failed (Palisades)

Mission Completed (Palisades)

Mission Completed (Palisades)

Mission Failed (Palisades)

Mission Failed (Palisades)

Mission Failed (Palisades)

Mission Failed (Palisades)

Mission Failed (Palisades)
Episode summary log written to examples/wildfire/data/scenarios/outputs/palisades_lr00075_563524/results_palisades_lr00075_5600_summary.csv

Mission Failed (Palisades)

Mission Failed (Palisades)

Mission Failed (Palisades)

Mission Failed (Palisades)

Mission Failed (Palisades)

Mission Failed (Palisades)

Mission Failed (Palisades)

Mission Failed (Palisades)

Mission Failed (Palisades)

Mission Failed (Palisades)

Mission Failed (Palisades)

Mission Failed (Palisades)

Mission Failed (Palisades)

Mission Failed (Palisades)

Mission Failed (Palisades)

Mission Failed (Palisades)

Mission Failed (Palisades)

Mission Failed (Palisades)

Mission Failed (Palisades)

Mission Failed (Palisades)

Mission Failed (Palisades)

Mission Failed (Palisades)

Mission Failed (Palisades)

Mission Completed (Palisades)

Mission Completed (Palisades)

Mission Failed (Palisades)

Mission Failed (Palisades)

Mission Failed (Palisades)

Mission Failed (Palisades)
-----------------------------------------
| time/                   |             |
|    fps                  | 33          |
|    iterations           | 24          |
|    time_elapsed         | 13388       |
|    total_timesteps      | 442368      |
| train/                  |             |
|    approx_kl            | 0.012717843 |
|    clip_fraction        | 0.163       |
|    clip_range           | 0.2         |
|    entropy_loss         | -11.1       |
|    explained_variance   | 0.826       |
|    learning_rate        | 0.000424    |
|    loss                 | 0.00132     |
|    n_updates            | 115         |
|    policy_gradient_loss | -0.00823    |
|    value_loss           | 0.0132      |
-----------------------------------------

Mission Failed (Palisades)

Mission Failed (Palisades)

Mission Failed (Palisades)

Mission Completed (Palisades)
Episode summary log written to examples/wildfire/data/scenarios/outputs/palisades_lr00075_563524/results_palisades_lr00075_5700_summary.csv

Mission Completed (Palisades)

Mission Failed (Palisades)

Mission Completed (Palisades)

Mission Failed (Palisades)

Mission Failed (Palisades)

Mission Failed (Palisades)

Mission Failed (Palisades)

Mission Failed (Palisades)

Mission Failed (Palisades)

Mission Failed (Palisades)

Mission Failed (Palisades)

Mission Failed (Palisades)

Mission Failed (Palisades)

Mission Failed (Palisades)

Mission Failed (Palisades)

Mission Failed (Palisades)

Mission Failed (Palisades)

Mission Failed (Palisades)

Mission Failed (Palisades)

Mission Failed (Palisades)

Mission Failed (Palisades)

Mission Failed (Palisades)

Mission Failed (Palisades)

Mission Failed (Palisades)

Mission Failed (Palisades)

Mission Completed (Palisades)

Mission Completed (Palisades)

Mission Failed (Palisades)

Mission Failed (Palisades)

Mission Failed (Palisades)

Mission Failed (Palisades)

Mission Failed (Palisades)

Mission Failed (Palisades)

Mission Failed (Palisades)

Mission Failed (Palisades)

Mission Failed (Palisades)

Mission Failed (Palisades)
Episode summary log written to examples/wildfire/data/scenarios/outputs/palisades_lr00075_563524/results_palisades_lr00075_5800_summary.csv

Mission Completed (Palisades)

Mission Failed (Palisades)

Mission Failed (Palisades)

Mission Failed (Palisades)

Mission Failed (Palisades)

Mission Completed (Palisades)

Mission Failed (Palisades)

Mission Failed (Palisades)

Mission Failed (Palisades)

Mission Failed (Palisades)

Mission Failed (Palisades)

Mission Failed (Palisades)

Mission Failed (Palisades)

Mission Failed (Palisades)

Mission Failed (Palisades)

Mission Failed (Palisades)

Mission Failed (Palisades)

Mission Completed (Palisades)

Mission Failed (Palisades)

Mission Completed (Palisades)

Mission Completed (Palisades)

Mission Failed (Palisades)

Mission Failed (Palisades)

Mission Failed (Palisades)

Mission Failed (Palisades)

Mission Failed (Palisades)

Mission Failed (Palisades)

Mission Failed (Palisades)

Mission Failed (Palisades)

Mission Failed (Palisades)

Mission Failed (Palisades)

Mission Failed (Palisades)

Mission Failed (Palisades)

Mission Failed (Palisades)

Mission Failed (Palisades)

Mission Completed (Palisades)

Mission Failed (Palisades)

Mission Completed (Palisades)

Mission Failed (Palisades)

Mission Failed (Palisades)

Mission Failed (Palisades)
Episode summary log written to examples/wildfire/data/scenarios/outputs/palisades_lr00075_563524/results_palisades_lr00075_5900_summary.csv

Mission Failed (Palisades)

Mission Failed (Palisades)

Mission Failed (Palisades)

Mission Completed (Palisades)

Mission Failed (Palisades)

Mission Failed (Palisades)
-----------------------------------------
| time/                   |             |
|    fps                  | 33          |
|    iterations           | 25          |
|    time_elapsed         | 13907       |
|    total_timesteps      | 460800      |
| train/                  |             |
|    approx_kl            | 0.009740368 |
|    clip_fraction        | 0.1         |
|    clip_range           | 0.2         |
|    entropy_loss         | -11.1       |
|    explained_variance   | 0.825       |
|    learning_rate        | 0.00042     |
|    loss                 | 0.00341     |
|    n_updates            | 120         |
|    policy_gradient_loss | -0.00754    |
|    value_loss           | 0.0186      |
-----------------------------------------

Mission Failed (Palisades)

Mission Failed (Palisades)

Mission Failed (Palisades)

Mission Failed (Palisades)

Mission Failed (Palisades)

Mission Failed (Palisades)

Mission Failed (Palisades)

Mission Failed (Palisades)

Mission Failed (Palisades)

Mission Completed (Palisades)

Mission Completed (Palisades)

Mission Failed (Palisades)

Mission Failed (Palisades)

Mission Failed (Palisades)

Mission Failed (Palisades)

Mission Failed (Palisades)

Mission Failed (Palisades)

Mission Failed (Palisades)

Mission Failed (Palisades)

Mission Failed (Palisades)

Mission Failed (Palisades)

Mission Completed (Palisades)

Mission Failed (Palisades)

Mission Failed (Palisades)

Mission Failed (Palisades)

Mission Failed (Palisades)

Mission Failed (Palisades)

Mission Failed (Palisades)

Mission Failed (Palisades)

Mission Failed (Palisades)

Mission Failed (Palisades)

Mission Failed (Palisades)

Mission Failed (Palisades)

Mission Failed (Palisades)

Mission Failed (Palisades)
Per-step log written to examples/wildfire/data/scenarios/outputs/palisades_lr00075_563524/results_palisades_lr00075_6000_steps.csv
Decision-step log written to examples/wildfire/data/scenarios/outputs/palisades_lr00075_563524/results_palisades_lr00075_6000_decision_steps.csv
Episode summary log written to examples/wildfire/data/scenarios/outputs/palisades_lr00075_563524/results_palisades_lr00075_6000_summary.csv

Mission Failed (Palisades)

Mission Failed (Palisades)

Mission Failed (Palisades)

Mission Failed (Palisades)

Mission Failed (Palisades)

Mission Failed (Palisades)

Mission Failed (Palisades)

Mission Completed (Palisades)

Mission Failed (Palisades)

Mission Failed (Palisades)

Mission Completed (Palisades)

Mission Failed (Palisades)

Mission Failed (Palisades)

Mission Failed (Palisades)

Mission Failed (Palisades)

Mission Failed (Palisades)

Mission Failed (Palisades)

Mission Failed (Palisades)

Mission Failed (Palisades)

Mission Completed (Palisades)

Mission Failed (Palisades)

Mission Failed (Palisades)

Mission Failed (Palisades)

Mission Failed (Palisades)

Mission Completed (Palisades)

Mission Failed (Palisades)

Mission Failed (Palisades)

Mission Failed (Palisades)

Mission Failed (Palisades)

Mission Failed (Palisades)

Mission Failed (Palisades)

Mission Failed (Palisades)

Mission Failed (Palisades)

Mission Failed (Palisades)

Mission Failed (Palisades)

Mission Failed (Palisades)

Mission Failed (Palisades)

Mission Failed (Palisades)

Mission Failed (Palisades)

Mission Failed (Palisades)

Mission Failed (Palisades)

Mission Failed (Palisades)

Mission Failed (Palisades)

Mission Failed (Palisades)
Episode summary log written to examples/wildfire/data/scenarios/outputs/palisades_lr00075_563524/results_palisades_lr00075_6100_summary.csv

Mission Failed (Palisades)

Mission Failed (Palisades)

Mission Failed (Palisades)

Mission Failed (Palisades)

Mission Failed (Palisades)

Mission Failed (Palisades)

Mission Completed (Palisades)

Mission Failed (Palisades)

Mission Failed (Palisades)

Mission Failed (Palisades)

Mission Failed (Palisades)

Mission Failed (Palisades)

Mission Failed (Palisades)

Mission Failed (Palisades)

Mission Failed (Palisades)

Mission Failed (Palisades)

Mission Failed (Palisades)

Mission Failed (Palisades)

Mission Completed (Palisades)

Mission Failed (Palisades)

Mission Failed (Palisades)

Mission Failed (Palisades)

Mission Failed (Palisades)

Mission Failed (Palisades)

Mission Failed (Palisades)

Mission Failed (Palisades)

Mission Failed (Palisades)

Mission Failed (Palisades)
-----------------------------------------
| time/                   |             |
|    fps                  | 33          |
|    iterations           | 26          |
|    time_elapsed         | 14454       |
|    total_timesteps      | 479232      |
| train/                  |             |
|    approx_kl            | 0.010255354 |
|    clip_fraction        | 0.111       |
|    clip_range           | 0.2         |
|    entropy_loss         | -11.1       |
|    explained_variance   | 0.776       |
|    learning_rate        | 0.000417    |
|    loss                 | 0.00749     |
|    n_updates            | 125         |
|    policy_gradient_loss | -0.0086     |
|    value_loss           | 0.0184      |
-----------------------------------------

Mission Failed (Palisades)

Mission Failed (Palisades)

Mission Failed (Palisades)

Mission Failed (Palisades)

Mission Failed (Palisades)

Mission Failed (Palisades)

Mission Failed (Palisades)

Mission Failed (Palisades)

Mission Completed (Palisades)

Mission Failed (Palisades)

Mission Failed (Palisades)

Mission Failed (Palisades)

Mission Completed (Palisades)

Mission Failed (Palisades)
Episode summary log written to examples/wildfire/data/scenarios/outputs/palisades_lr00075_563524/results_palisades_lr00075_6200_summary.csv

Mission Failed (Palisades)

Mission Failed (Palisades)

Mission Failed (Palisades)

Mission Failed (Palisades)

Mission Failed (Palisades)

Mission Failed (Palisades)

Mission Failed (Palisades)

Mission Failed (Palisades)

Mission Completed (Palisades)

Mission Failed (Palisades)

Mission Failed (Palisades)

Mission Failed (Palisades)

Mission Failed (Palisades)

Mission Completed (Palisades)

Mission Failed (Palisades)

Mission Failed (Palisades)

Mission Completed (Palisades)

Mission Failed (Palisades)

Mission Failed (Palisades)

Mission Failed (Palisades)

Mission Failed (Palisades)

Mission Failed (Palisades)

Mission Failed (Palisades)

Mission Failed (Palisades)

Mission Failed (Palisades)

Mission Failed (Palisades)

Mission Failed (Palisades)

Mission Failed (Palisades)

Mission Failed (Palisades)

Mission Failed (Palisades)

Mission Failed (Palisades)

Mission Failed (Palisades)

Mission Failed (Palisades)

Mission Failed (Palisades)

Mission Failed (Palisades)

Mission Completed (Palisades)

Mission Failed (Palisades)

Mission Failed (Palisades)

Mission Failed (Palisades)
Episode summary log written to examples/wildfire/data/scenarios/outputs/palisades_lr00075_563524/results_palisades_lr00075_6300_summary.csv

Mission Failed (Palisades)

Mission Failed (Palisades)

Mission Failed (Palisades)

Mission Failed (Palisades)

Mission Completed (Palisades)

Mission Failed (Palisades)

Mission Failed (Palisades)

Mission Failed (Palisades)

Mission Failed (Palisades)

Mission Failed (Palisades)

Mission Failed (Palisades)

Mission Failed (Palisades)

Mission Failed (Palisades)

Mission Completed (Palisades)

Mission Failed (Palisades)

Mission Failed (Palisades)

Mission Failed (Palisades)

Mission Failed (Palisades)

Mission Failed (Palisades)

Mission Failed (Palisades)

Mission Failed (Palisades)

Mission Failed (Palisades)

Mission Failed (Palisades)

Mission Failed (Palisades)

Mission Failed (Palisades)

Mission Failed (Palisades)

Mission Failed (Palisades)

Mission Failed (Palisades)

Mission Failed (Palisades)

Mission Failed (Palisades)

Mission Failed (Palisades)

Mission Failed (Palisades)

Mission Failed (Palisades)

Mission Failed (Palisades)

Mission Failed (Palisades)

Mission Failed (Palisades)
Episode summary log written to examples/wildfire/data/scenarios/outputs/palisades_lr00075_563524/results_palisades_lr00075_6400_summary.csv

Mission Failed (Palisades)

Mission Failed (Palisades)

Mission Failed (Palisades)
-----------------------------------------
| time/                   |             |
|    fps                  | 33          |
|    iterations           | 27          |
|    time_elapsed         | 14977       |
|    total_timesteps      | 497664      |
| train/                  |             |
|    approx_kl            | 0.011595994 |
|    clip_fraction        | 0.131       |
|    clip_range           | 0.2         |
|    entropy_loss         | -11.1       |
|    explained_variance   | 0.818       |
|    learning_rate        | 0.000413    |
|    loss                 | -0.00966    |
|    n_updates            | 130         |
|    policy_gradient_loss | -0.00852    |
|    value_loss           | 0.016       |
-----------------------------------------

Mission Completed (Palisades)

Mission Completed (Palisades)

Mission Failed (Palisades)

Mission Failed (Palisades)

Mission Failed (Palisades)

Mission Failed (Palisades)

Mission Completed (Palisades)

Mission Failed (Palisades)

Mission Failed (Palisades)

Mission Failed (Palisades)

Mission Failed (Palisades)

Mission Failed (Palisades)

Mission Failed (Palisades)

Mission Failed (Palisades)

Mission Failed (Palisades)

Mission Failed (Palisades)

Mission Failed (Palisades)

Mission Completed (Palisades)

Mission Completed (Palisades)

Mission Failed (Palisades)

Mission Failed (Palisades)

Mission Failed (Palisades)

Mission Completed (Palisades)

Mission Failed (Palisades)

Mission Failed (Palisades)

Mission Failed (Palisades)

Mission Failed (Palisades)

Mission Failed (Palisades)

Mission Failed (Palisades)

Mission Failed (Palisades)

Mission Failed (Palisades)

Mission Completed (Palisades)

Mission Failed (Palisades)

Mission Failed (Palisades)

Mission Failed (Palisades)

Mission Failed (Palisades)

Mission Failed (Palisades)
Episode summary log written to examples/wildfire/data/scenarios/outputs/palisades_lr00075_563524/results_palisades_lr00075_6500_summary.csv

Mission Completed (Palisades)

Mission Failed (Palisades)

Mission Failed (Palisades)

Mission Failed (Palisades)

Mission Failed (Palisades)

Mission Failed (Palisades)

Mission Failed (Palisades)

Mission Failed (Palisades)

Mission Failed (Palisades)

Mission Failed (Palisades)

Mission Failed (Palisades)

Mission Failed (Palisades)

Mission Failed (Palisades)

Mission Failed (Palisades)

Mission Failed (Palisades)

Mission Failed (Palisades)

Mission Failed (Palisades)

Mission Failed (Palisades)

Mission Failed (Palisades)

Mission Failed (Palisades)

Mission Failed (Palisades)

Mission Failed (Palisades)

Mission Failed (Palisades)

Mission Failed (Palisades)

Mission Failed (Palisades)

Mission Failed (Palisades)

Mission Failed (Palisades)

Mission Failed (Palisades)

Mission Failed (Palisades)

Mission Failed (Palisades)

Mission Failed (Palisades)

Mission Failed (Palisades)

Mission Failed (Palisades)

Mission Completed (Palisades)
Episode summary log written to examples/wildfire/data/scenarios/outputs/palisades_lr00075_563524/results_palisades_lr00075_6600_summary.csv

Mission Failed (Palisades)

Mission Failed (Palisades)

Mission Failed (Palisades)

Mission Failed (Palisades)

Mission Failed (Palisades)

Mission Failed (Palisades)

Mission Failed (Palisades)

Mission Failed (Palisades)

Mission Failed (Palisades)

Mission Failed (Palisades)

Mission Failed (Palisades)

Mission Failed (Palisades)

Mission Failed (Palisades)

Mission Failed (Palisades)

Mission Failed (Palisades)

Mission Failed (Palisades)

Mission Failed (Palisades)

Mission Failed (Palisades)

Mission Failed (Palisades)

Mission Failed (Palisades)

Mission Failed (Palisades)

Mission Failed (Palisades)

Mission Failed (Palisades)

Mission Completed (Palisades)

Mission Failed (Palisades)

Mission Failed (Palisades)

Mission Completed (Palisades)

Mission Failed (Palisades)

Mission Failed (Palisades)

Mission Failed (Palisades)

Mission Failed (Palisades)

Mission Failed (Palisades)
-----------------------------------------
| time/                   |             |
|    fps                  | 33          |
|    iterations           | 28          |
|    time_elapsed         | 15529       |
|    total_timesteps      | 516096      |
| train/                  |             |
|    approx_kl            | 0.012496355 |
|    clip_fraction        | 0.153       |
|    clip_range           | 0.2         |
|    entropy_loss         | -11.1       |
|    explained_variance   | 0.815       |
|    learning_rate        | 0.00041     |
|    loss                 | -0.000586   |
|    n_updates            | 135         |
|    policy_gradient_loss | -0.0074     |
|    value_loss           | 0.0126      |
-----------------------------------------

Mission Completed (Palisades)

Mission Failed (Palisades)

Mission Failed (Palisades)

Mission Failed (Palisades)

Mission Failed (Palisades)

Mission Failed (Palisades)

Mission Failed (Palisades)

Mission Failed (Palisades)

Mission Failed (Palisades)

Mission Failed (Palisades)

Mission Failed (Palisades)

Mission Failed (Palisades)

Mission Failed (Palisades)

Mission Failed (Palisades)

Mission Failed (Palisades)

Mission Failed (Palisades)

Mission Failed (Palisades)

Mission Failed (Palisades)

Mission Failed (Palisades)
Episode summary log written to examples/wildfire/data/scenarios/outputs/palisades_lr00075_563524/results_palisades_lr00075_6700_summary.csv

Mission Failed (Palisades)

Mission Failed (Palisades)

Mission Failed (Palisades)

Mission Failed (Palisades)

Mission Completed (Palisades)

Mission Failed (Palisades)

Mission Failed (Palisades)

Mission Failed (Palisades)

Mission Failed (Palisades)

Mission Failed (Palisades)

Mission Failed (Palisades)

Mission Completed (Palisades)

Mission Failed (Palisades)

Mission Failed (Palisades)

Mission Failed (Palisades)

Mission Failed (Palisades)

Mission Failed (Palisades)

Mission Failed (Palisades)

Mission Failed (Palisades)

Mission Failed (Palisades)

Mission Failed (Palisades)

Mission Failed (Palisades)

Mission Failed (Palisades)

Mission Failed (Palisades)

Mission Failed (Palisades)

Mission Failed (Palisades)

Mission Failed (Palisades)

Mission Failed (Palisades)

Mission Failed (Palisades)

Mission Failed (Palisades)

Mission Failed (Palisades)

Mission Failed (Palisades)

Mission Failed (Palisades)

Mission Completed (Palisades)

Mission Completed (Palisades)

Mission Failed (Palisades)

Mission Failed (Palisades)

Mission Failed (Palisades)

Mission Failed (Palisades)

Mission Failed (Palisades)
Episode summary log written to examples/wildfire/data/scenarios/outputs/palisades_lr00075_563524/results_palisades_lr00075_6800_summary.csv

Mission Failed (Palisades)

Mission Failed (Palisades)

Mission Failed (Palisades)

Mission Failed (Palisades)

Mission Failed (Palisades)

Mission Completed (Palisades)

Mission Failed (Palisades)

Mission Completed (Palisades)

Mission Failed (Palisades)

Mission Failed (Palisades)

Mission Failed (Palisades)

Mission Failed (Palisades)

Mission Completed (Palisades)

Mission Failed (Palisades)

Mission Failed (Palisades)

Mission Failed (Palisades)

Mission Failed (Palisades)

Mission Failed (Palisades)

Mission Failed (Palisades)

Mission Failed (Palisades)

Mission Failed (Palisades)

Mission Failed (Palisades)

Mission Failed (Palisades)

Mission Failed (Palisades)

Mission Failed (Palisades)

Mission Failed (Palisades)

Mission Failed (Palisades)

Mission Completed (Palisades)

Mission Failed (Palisades)

Mission Failed (Palisades)

Mission Failed (Palisades)

Mission Failed (Palisades)

Mission Failed (Palisades)

Mission Failed (Palisades)

Mission Failed (Palisades)
Episode summary log written to examples/wildfire/data/scenarios/outputs/palisades_lr00075_563524/results_palisades_lr00075_6900_summary.csv

Mission Failed (Palisades)

Mission Failed (Palisades)

Mission Failed (Palisades)
-----------------------------------------
| time/                   |             |
|    fps                  | 33          |
|    iterations           | 29          |
|    time_elapsed         | 16068       |
|    total_timesteps      | 534528      |
| train/                  |             |
|    approx_kl            | 0.011852819 |
|    clip_fraction        | 0.175       |
|    clip_range           | 0.2         |
|    entropy_loss         | -11.1       |
|    explained_variance   | 0.826       |
|    learning_rate        | 0.000407    |
|    loss                 | 0.00203     |
|    n_updates            | 140         |
|    policy_gradient_loss | -0.00651    |
|    value_loss           | 0.0125      |
-----------------------------------------

Mission Failed (Palisades)

Mission Failed (Palisades)

Mission Failed (Palisades)

Mission Failed (Palisades)

Mission Failed (Palisades)

Mission Completed (Palisades)

Mission Failed (Palisades)

Mission Failed (Palisades)

Mission Failed (Palisades)

Mission Failed (Palisades)

Mission Failed (Palisades)

Mission Failed (Palisades)

Mission Failed (Palisades)

Mission Failed (Palisades)

Mission Failed (Palisades)

Mission Completed (Palisades)

Mission Failed (Palisades)

Mission Completed (Palisades)

Mission Failed (Palisades)

Mission Failed (Palisades)

Mission Failed (Palisades)

Mission Failed (Palisades)

Mission Failed (Palisades)

Mission Failed (Palisades)

Mission Failed (Palisades)

Mission Failed (Palisades)

Mission Failed (Palisades)

Mission Failed (Palisades)

Mission Failed (Palisades)

Mission Failed (Palisades)

Mission Failed (Palisades)

Mission Failed (Palisades)
Per-step log written to examples/wildfire/data/scenarios/outputs/palisades_lr00075_563524/results_palisades_lr00075_7000_steps.csv
Decision-step log written to examples/wildfire/data/scenarios/outputs/palisades_lr00075_563524/results_palisades_lr00075_7000_decision_steps.csv
Episode summary log written to examples/wildfire/data/scenarios/outputs/palisades_lr00075_563524/results_palisades_lr00075_7000_summary.csv

Mission Failed (Palisades)

Mission Failed (Palisades)

Mission Failed (Palisades)

Mission Completed (Palisades)

Mission Failed (Palisades)

Mission Failed (Palisades)

Mission Failed (Palisades)

Mission Failed (Palisades)

Mission Failed (Palisades)

Mission Failed (Palisades)

Mission Failed (Palisades)

Mission Completed (Palisades)

Mission Failed (Palisades)

Mission Failed (Palisades)

Mission Failed (Palisades)

Mission Failed (Palisades)

Mission Failed (Palisades)

Mission Failed (Palisades)

Mission Completed (Palisades)

Mission Failed (Palisades)

Mission Failed (Palisades)

Mission Failed (Palisades)

Mission Failed (Palisades)

Mission Failed (Palisades)

Mission Failed (Palisades)

Mission Failed (Palisades)

Mission Failed (Palisades)

Mission Failed (Palisades)

Mission Failed (Palisades)

Mission Failed (Palisades)

Mission Failed (Palisades)

Mission Failed (Palisades)

Mission Completed (Palisades)

Mission Failed (Palisades)

Mission Failed (Palisades)

Mission Failed (Palisades)

Mission Failed (Palisades)

Mission Failed (Palisades)

Mission Failed (Palisades)

Mission Failed (Palisades)

Mission Failed (Palisades)

Mission Failed (Palisades)

Mission Failed (Palisades)

Mission Failed (Palisades)

Mission Failed (Palisades)
Episode summary log written to examples/wildfire/data/scenarios/outputs/palisades_lr00075_563524/results_palisades_lr00075_7100_summary.csv

Mission Failed (Palisades)

Mission Failed (Palisades)

Mission Failed (Palisades)

Mission Failed (Palisades)

Mission Failed (Palisades)

Mission Failed (Palisades)

Mission Failed (Palisades)

Mission Failed (Palisades)

Mission Failed (Palisades)

Mission Failed (Palisades)

Mission Completed (Palisades)

Mission Completed (Palisades)

Mission Failed (Palisades)

Mission Failed (Palisades)

Mission Completed (Palisades)

Mission Failed (Palisades)

Mission Failed (Palisades)

Mission Failed (Palisades)

Mission Failed (Palisades)

Mission Failed (Palisades)

Mission Completed (Palisades)

Mission Failed (Palisades)

Mission Failed (Palisades)

Mission Failed (Palisades)
-----------------------------------------
| time/                   |             |
|    fps                  | 33          |
|    iterations           | 30          |
|    time_elapsed         | 16614       |
|    total_timesteps      | 552960      |
| train/                  |             |
|    approx_kl            | 0.011328365 |
|    clip_fraction        | 0.136       |
|    clip_range           | 0.2         |
|    entropy_loss         | -11.1       |
|    explained_variance   | 0.83        |
|    learning_rate        | 0.000403    |
|    loss                 | -0.0109     |
|    n_updates            | 145         |
|    policy_gradient_loss | -0.00783    |
|    value_loss           | 0.013       |
-----------------------------------------

Mission Failed (Palisades)

Mission Failed (Palisades)

Mission Failed (Palisades)

Mission Failed (Palisades)

Mission Completed (Palisades)

Mission Failed (Palisades)

Mission Failed (Palisades)

Mission Failed (Palisades)

Mission Completed (Palisades)

Mission Failed (Palisades)

Mission Failed (Palisades)

Mission Failed (Palisades)

Mission Failed (Palisades)

Mission Failed (Palisades)

Mission Failed (Palisades)

Mission Completed (Palisades)

Mission Failed (Palisades)

Mission Completed (Palisades)

Mission Failed (Palisades)

Mission Failed (Palisades)
Episode summary log written to examples/wildfire/data/scenarios/outputs/palisades_lr00075_563524/results_palisades_lr00075_7200_summary.csv

Mission Failed (Palisades)

Mission Failed (Palisades)

Mission Failed (Palisades)

Mission Failed (Palisades)

Mission Failed (Palisades)

Mission Failed (Palisades)

Mission Failed (Palisades)

Mission Failed (Palisades)

Mission Failed (Palisades)

Mission Failed (Palisades)

Mission Failed (Palisades)

Mission Failed (Palisades)

Mission Failed (Palisades)

Mission Failed (Palisades)

Mission Failed (Palisades)

Mission Failed (Palisades)

Mission Failed (Palisades)

Mission Failed (Palisades)

Mission Failed (Palisades)

Mission Failed (Palisades)

Mission Failed (Palisades)

Mission Failed (Palisades)

Mission Failed (Palisades)

Mission Completed (Palisades)

Mission Failed (Palisades)

Mission Failed (Palisades)
Episode summary log written to examples/wildfire/data/scenarios/outputs/palisades_lr00075_563524/results_palisades_lr00075_7300_summary.csv

Mission Failed (Palisades)

Mission Failed (Palisades)

Mission Failed (Palisades)

Mission Failed (Palisades)

Mission Failed (Palisades)

Mission Failed (Palisades)

Mission Failed (Palisades)

Mission Failed (Palisades)

Mission Failed (Palisades)

Mission Failed (Palisades)

Mission Failed (Palisades)

Mission Completed (Palisades)

Mission Failed (Palisades)

Mission Failed (Palisades)

Mission Failed (Palisades)

Mission Failed (Palisades)

Mission Completed (Palisades)

Mission Failed (Palisades)

Mission Completed (Palisades)

Mission Failed (Palisades)

Mission Failed (Palisades)

Mission Failed (Palisades)

Mission Failed (Palisades)

Mission Failed (Palisades)

Mission Failed (Palisades)

Mission Failed (Palisades)

Mission Failed (Palisades)

Mission Failed (Palisades)

Mission Failed (Palisades)

Mission Failed (Palisades)

Mission Failed (Palisades)

Mission Failed (Palisades)

Mission Failed (Palisades)
Episode summary log written to examples/wildfire/data/scenarios/outputs/palisades_lr00075_563524/results_palisades_lr00075_7400_summary.csv

Mission Failed (Palisades)

Mission Failed (Palisades)

Mission Failed (Palisades)

Mission Failed (Palisades)

Mission Failed (Palisades)
-----------------------------------------
| time/                   |             |
|    fps                  | 33          |
|    iterations           | 31          |
|    time_elapsed         | 17139       |
|    total_timesteps      | 571392      |
| train/                  |             |
|    approx_kl            | 0.011243324 |
|    clip_fraction        | 0.14        |
|    clip_range           | 0.2         |
|    entropy_loss         | -11.1       |
|    explained_variance   | 0.824       |
|    learning_rate        | 0.000399    |
|    loss                 | -0.00791    |
|    n_updates            | 150         |
|    policy_gradient_loss | -0.00893    |
|    value_loss           | 0.0134      |
-----------------------------------------

Mission Failed (Palisades)

Mission Failed (Palisades)

Mission Failed (Palisades)

Mission Failed (Palisades)

Mission Failed (Palisades)

Mission Failed (Palisades)

Mission Failed (Palisades)

Mission Failed (Palisades)

Mission Failed (Palisades)

Mission Failed (Palisades)

Mission Failed (Palisades)

Mission Failed (Palisades)

Mission Completed (Palisades)

Mission Failed (Palisades)

Mission Failed (Palisades)

Mission Failed (Palisades)

Mission Completed (Palisades)

Mission Failed (Palisades)

Mission Failed (Palisades)

Mission Failed (Palisades)

Mission Failed (Palisades)

Mission Failed (Palisades)

Mission Failed (Palisades)

Mission Failed (Palisades)

Mission Failed (Palisades)

Mission Failed (Palisades)

Mission Failed (Palisades)

Mission Failed (Palisades)

Mission Failed (Palisades)
Episode summary log written to examples/wildfire/data/scenarios/outputs/palisades_lr00075_563524/results_palisades_lr00075_7500_summary.csv

Mission Failed (Palisades)

Mission Failed (Palisades)

Mission Failed (Palisades)

Mission Completed (Palisades)

Mission Failed (Palisades)

Mission Failed (Palisades)

Mission Failed (Palisades)

Mission Failed (Palisades)

Mission Failed (Palisades)

Mission Failed (Palisades)

Mission Failed (Palisades)

Mission Completed (Palisades)

Mission Failed (Palisades)

Mission Failed (Palisades)

Mission Failed (Palisades)

Mission Failed (Palisades)

Mission Failed (Palisades)

Mission Failed (Palisades)

Mission Failed (Palisades)

Mission Failed (Palisades)

Mission Failed (Palisades)

Mission Failed (Palisades)

Mission Failed (Palisades)

Mission Failed (Palisades)

Mission Failed (Palisades)

Mission Completed (Palisades)

Mission Failed (Palisades)

Mission Failed (Palisades)

Mission Failed (Palisades)

Mission Failed (Palisades)

Mission Failed (Palisades)

Mission Failed (Palisades)

Mission Failed (Palisades)

Mission Failed (Palisades)

Mission Failed (Palisades)

Mission Failed (Palisades)

Mission Failed (Palisades)

Mission Completed (Palisades)

Mission Failed (Palisades)

Mission Failed (Palisades)

Mission Completed (Palisades)
Episode summary log written to examples/wildfire/data/scenarios/outputs/palisades_lr00075_563524/results_palisades_lr00075_7600_summary.csv

Mission Failed (Palisades)

Mission Failed (Palisades)

Mission Failed (Palisades)

Mission Failed (Palisades)

Mission Failed (Palisades)

Mission Failed (Palisades)

Mission Failed (Palisades)

Mission Failed (Palisades)

Mission Failed (Palisades)

Mission Failed (Palisades)

Mission Failed (Palisades)

Mission Failed (Palisades)

Mission Failed (Palisades)

Mission Completed (Palisades)

Mission Failed (Palisades)

Mission Failed (Palisades)

Mission Failed (Palisades)

Mission Failed (Palisades)

Mission Failed (Palisades)

Mission Failed (Palisades)

Mission Failed (Palisades)

Mission Failed (Palisades)
-----------------------------------------
| time/                   |             |
|    fps                  | 33          |
|    iterations           | 32          |
|    time_elapsed         | 17665       |
|    total_timesteps      | 589824      |
| train/                  |             |
|    approx_kl            | 0.011906642 |
|    clip_fraction        | 0.144       |
|    clip_range           | 0.2         |
|    entropy_loss         | -11.1       |
|    explained_variance   | 0.804       |
|    learning_rate        | 0.000396    |
|    loss                 | 0.000904    |
|    n_updates            | 155         |
|    policy_gradient_loss | -0.00772    |
|    value_loss           | 0.0137      |
-----------------------------------------

Mission Failed (Palisades)

Mission Failed (Palisades)

Mission Failed (Palisades)

Mission Failed (Palisades)

Mission Failed (Palisades)

Mission Failed (Palisades)

Mission Failed (Palisades)

Mission Failed (Palisades)

Mission Failed (Palisades)
Episode summary log written to examples/wildfire/data/scenarios/outputs/palisades_lr00075_563524/results_palisades_lr00075_7700_summary.csv

Mission Failed (Palisades)

Mission Failed (Palisades)

Mission Failed (Palisades)

Mission Failed (Palisades)

Mission Failed (Palisades)

Mission Failed (Palisades)

Mission Failed (Palisades)

Mission Failed (Palisades)

Mission Failed (Palisades)

Mission Failed (Palisades)

Mission Failed (Palisades)

Mission Failed (Palisades)

Mission Failed (Palisades)

Mission Failed (Palisades)

Mission Failed (Palisades)

Mission Failed (Palisades)

Mission Failed (Palisades)

Mission Failed (Palisades)

Mission Failed (Palisades)

Mission Failed (Palisades)

Mission Failed (Palisades)

Mission Failed (Palisades)

Mission Failed (Palisades)

Mission Failed (Palisades)

Mission Failed (Palisades)

Mission Failed (Palisades)

Mission Failed (Palisades)

Mission Failed (Palisades)

Mission Failed (Palisades)

Mission Failed (Palisades)

Mission Failed (Palisades)

Mission Failed (Palisades)

Mission Failed (Palisades)

Mission Failed (Palisades)

Mission Failed (Palisades)

Mission Failed (Palisades)

Mission Failed (Palisades)

Mission Failed (Palisades)

Mission Failed (Palisades)
Episode summary log written to examples/wildfire/data/scenarios/outputs/palisades_lr00075_563524/results_palisades_lr00075_7800_summary.csv

Mission Failed (Palisades)

Mission Failed (Palisades)

Mission Completed (Palisades)

Mission Failed (Palisades)

Mission Failed (Palisades)

Mission Failed (Palisades)

Mission Failed (Palisades)

Mission Failed (Palisades)

Mission Failed (Palisades)

Mission Failed (Palisades)

Mission Failed (Palisades)

Mission Failed (Palisades)

Mission Failed (Palisades)

Mission Failed (Palisades)

Mission Failed (Palisades)

Mission Completed (Palisades)

Mission Failed (Palisades)

Mission Failed (Palisades)

Mission Completed (Palisades)

Mission Failed (Palisades)

Mission Failed (Palisades)

Mission Failed (Palisades)

Mission Failed (Palisades)

Mission Failed (Palisades)

Mission Completed (Palisades)

Mission Failed (Palisades)

Mission Failed (Palisades)

Mission Failed (Palisades)

Mission Failed (Palisades)

Mission Failed (Palisades)

Mission Completed (Palisades)
Episode summary log written to examples/wildfire/data/scenarios/outputs/palisades_lr00075_563524/results_palisades_lr00075_7900_summary.csv
-----------------------------------------
| time/                   |             |
|    fps                  | 33          |
|    iterations           | 33          |
|    time_elapsed         | 18216       |
|    total_timesteps      | 608256      |
| train/                  |             |
|    approx_kl            | 0.010966234 |
|    clip_fraction        | 0.143       |
|    clip_range           | 0.2         |
|    entropy_loss         | -11         |
|    explained_variance   | 0.822       |
|    learning_rate        | 0.000392    |
|    loss                 | 0.000115    |
|    n_updates            | 160         |
|    policy_gradient_loss | -0.00767    |
|    value_loss           | 0.0136      |
-----------------------------------------

Mission Failed (Palisades)

Mission Failed (Palisades)

Mission Failed (Palisades)

Mission Failed (Palisades)

Mission Failed (Palisades)

Mission Failed (Palisades)

Mission Completed (Palisades)

Mission Failed (Palisades)

Mission Failed (Palisades)

Mission Failed (Palisades)

Mission Failed (Palisades)

Mission Failed (Palisades)

Mission Failed (Palisades)

Mission Failed (Palisades)

Mission Failed (Palisades)

Mission Failed (Palisades)

Mission Failed (Palisades)

Mission Failed (Palisades)

Mission Failed (Palisades)

Mission Failed (Palisades)

Mission Failed (Palisades)

Mission Failed (Palisades)

Mission Failed (Palisades)

Mission Failed (Palisades)

Mission Failed (Palisades)

Mission Failed (Palisades)

Mission Failed (Palisades)

Mission Failed (Palisades)

Mission Completed (Palisades)

Mission Completed (Palisades)

Mission Completed (Palisades)

Mission Failed (Palisades)

Mission Failed (Palisades)

Mission Failed (Palisades)

Mission Failed (Palisades)

Mission Failed (Palisades)

Mission Failed (Palisades)

Mission Failed (Palisades)

Mission Failed (Palisades)

Mission Failed (Palisades)

Mission Failed (Palisades)
Per-step log written to examples/wildfire/data/scenarios/outputs/palisades_lr00075_563524/results_palisades_lr00075_8000_steps.csv
Decision-step log written to examples/wildfire/data/scenarios/outputs/palisades_lr00075_563524/results_palisades_lr00075_8000_decision_steps.csv
Episode summary log written to examples/wildfire/data/scenarios/outputs/palisades_lr00075_563524/results_palisades_lr00075_8000_summary.csv

Mission Failed (Palisades)

Mission Failed (Palisades)

Mission Failed (Palisades)

Mission Failed (Palisades)

Mission Failed (Palisades)

Mission Failed (Palisades)

Mission Failed (Palisades)

Mission Completed (Palisades)

Mission Completed (Palisades)

Mission Completed (Palisades)

Mission Failed (Palisades)

Mission Failed (Palisades)

Mission Failed (Palisades)

Mission Failed (Palisades)

Mission Failed (Palisades)

Mission Failed (Palisades)

Mission Failed (Palisades)

Mission Failed (Palisades)

Mission Failed (Palisades)

Mission Failed (Palisades)

Mission Failed (Palisades)

Mission Failed (Palisades)

Mission Failed (Palisades)

Mission Failed (Palisades)

Mission Failed (Palisades)

Mission Failed (Palisades)

Mission Failed (Palisades)

Mission Failed (Palisades)

Mission Failed (Palisades)

Mission Failed (Palisades)

Mission Failed (Palisades)

Mission Failed (Palisades)

Mission Failed (Palisades)

Mission Failed (Palisades)

Mission Failed (Palisades)

Mission Failed (Palisades)

Mission Completed (Palisades)

Mission Failed (Palisades)
Episode summary log written to examples/wildfire/data/scenarios/outputs/palisades_lr00075_563524/results_palisades_lr00075_8100_summary.csv

Mission Failed (Palisades)

Mission Failed (Palisades)

Mission Failed (Palisades)

Mission Failed (Palisades)

Mission Failed (Palisades)

Mission Failed (Palisades)

Mission Failed (Palisades)

Mission Failed (Palisades)

Mission Failed (Palisades)

Mission Failed (Palisades)

Mission Failed (Palisades)

Mission Failed (Palisades)

Mission Failed (Palisades)

Mission Failed (Palisades)

Mission Failed (Palisades)

Mission Failed (Palisades)

Mission Failed (Palisades)

Mission Failed (Palisades)

Mission Failed (Palisades)

Mission Failed (Palisades)

Mission Failed (Palisades)

Mission Completed (Palisades)

Mission Failed (Palisades)

Mission Failed (Palisades)

Mission Failed (Palisades)
-----------------------------------------
| time/                   |             |
|    fps                  | 33          |
|    iterations           | 34          |
|    time_elapsed         | 18756       |
|    total_timesteps      | 626688      |
| train/                  |             |
|    approx_kl            | 0.012101139 |
|    clip_fraction        | 0.14        |
|    clip_range           | 0.2         |
|    entropy_loss         | -11         |
|    explained_variance   | 0.78        |
|    learning_rate        | 0.000389    |
|    loss                 | 0.000134    |
|    n_updates            | 165         |
|    policy_gradient_loss | -0.00951    |
|    value_loss           | 0.0153      |
-----------------------------------------

Mission Failed (Palisades)

Mission Failed (Palisades)

Mission Failed (Palisades)

Mission Failed (Palisades)

Mission Failed (Palisades)

Mission Failed (Palisades)

Mission Failed (Palisades)

Mission Failed (Palisades)

Mission Failed (Palisades)

Mission Failed (Palisades)

Mission Completed (Palisades)

Mission Failed (Palisades)
Episode summary log written to examples/wildfire/data/scenarios/outputs/palisades_lr00075_563524/results_palisades_lr00075_8200_summary.csv

Mission Failed (Palisades)

Mission Failed (Palisades)

Mission Failed (Palisades)

Mission Failed (Palisades)

Mission Completed (Palisades)

Mission Failed (Palisades)

Mission Failed (Palisades)

Mission Failed (Palisades)

Mission Failed (Palisades)

Mission Failed (Palisades)

Mission Failed (Palisades)

Mission Failed (Palisades)

Mission Failed (Palisades)

Mission Failed (Palisades)

Mission Failed (Palisades)

Mission Failed (Palisades)

Mission Failed (Palisades)

Mission Failed (Palisades)

Mission Failed (Palisades)

Mission Failed (Palisades)

Mission Failed (Palisades)

Mission Failed (Palisades)

Mission Failed (Palisades)

Mission Completed (Palisades)

Mission Completed (Palisades)

Mission Failed (Palisades)

Mission Failed (Palisades)

Mission Failed (Palisades)

Mission Failed (Palisades)

Mission Failed (Palisades)

Mission Failed (Palisades)

Mission Failed (Palisades)

Mission Failed (Palisades)

Mission Failed (Palisades)

Mission Failed (Palisades)

Mission Failed (Palisades)

Mission Failed (Palisades)
Episode summary log written to examples/wildfire/data/scenarios/outputs/palisades_lr00075_563524/results_palisades_lr00075_8300_summary.csv

Mission Failed (Palisades)

Mission Failed (Palisades)

Mission Failed (Palisades)

Mission Completed (Palisades)

Mission Failed (Palisades)

Mission Failed (Palisades)

Mission Failed (Palisades)

Mission Failed (Palisades)

Mission Failed (Palisades)

Mission Failed (Palisades)

Mission Failed (Palisades)

Mission Failed (Palisades)

Mission Failed (Palisades)

Mission Failed (Palisades)

Mission Failed (Palisades)

Mission Failed (Palisades)

Mission Failed (Palisades)

Mission Failed (Palisades)

Mission Failed (Palisades)

Mission Completed (Palisades)

Mission Completed (Palisades)

Mission Failed (Palisades)

Mission Failed (Palisades)

Mission Failed (Palisades)

Mission Failed (Palisades)

Mission Failed (Palisades)

Mission Failed (Palisades)

Mission Failed (Palisades)

Mission Failed (Palisades)

Mission Completed (Palisades)

Mission Failed (Palisades)

Mission Failed (Palisades)

Mission Failed (Palisades)

Mission Completed (Palisades)

Mission Failed (Palisades)

Mission Completed (Palisades)
Episode summary log written to examples/wildfire/data/scenarios/outputs/palisades_lr00075_563524/results_palisades_lr00075_8400_summary.csv

Mission Completed (Palisades)

Mission Failed (Palisades)

Mission Failed (Palisades)

Mission Completed (Palisades)

Mission Failed (Palisades)

Mission Failed (Palisades)
-----------------------------------------
| time/                   |             |
|    fps                  | 33          |
|    iterations           | 35          |
|    time_elapsed         | 19286       |
|    total_timesteps      | 645120      |
| train/                  |             |
|    approx_kl            | 0.011782779 |
|    clip_fraction        | 0.16        |
|    clip_range           | 0.2         |
|    entropy_loss         | -11         |
|    explained_variance   | 0.824       |
|    learning_rate        | 0.000385    |
|    loss                 | -0.00234    |
|    n_updates            | 170         |
|    policy_gradient_loss | -0.00886    |
|    value_loss           | 0.0138      |
-----------------------------------------

Mission Failed (Palisades)

Mission Failed (Palisades)

Mission Failed (Palisades)

Mission Failed (Palisades)

Mission Completed (Palisades)

Mission Completed (Palisades)

Mission Failed (Palisades)

Mission Failed (Palisades)

Mission Failed (Palisades)

Mission Failed (Palisades)

Mission Completed (Palisades)

Mission Failed (Palisades)

Mission Failed (Palisades)

Mission Failed (Palisades)

Mission Failed (Palisades)

Mission Failed (Palisades)

Mission Failed (Palisades)

Mission Completed (Palisades)

Mission Failed (Palisades)

Mission Failed (Palisades)

Mission Failed (Palisades)

Mission Completed (Palisades)

Mission Failed (Palisades)

Mission Failed (Palisades)
Episode summary log written to examples/wildfire/data/scenarios/outputs/palisades_lr00075_563524/results_palisades_lr00075_8500_summary.csv

Mission Failed (Palisades)

Mission Failed (Palisades)

Mission Completed (Palisades)

Mission Failed (Palisades)

Mission Failed (Palisades)

Mission Failed (Palisades)

Mission Failed (Palisades)

Mission Failed (Palisades)

Mission Completed (Palisades)

Mission Failed (Palisades)

Mission Failed (Palisades)

Mission Failed (Palisades)

Mission Completed (Palisades)

Mission Failed (Palisades)

Mission Failed (Palisades)

Mission Failed (Palisades)

Mission Failed (Palisades)

Mission Failed (Palisades)

Mission Failed (Palisades)

Mission Failed (Palisades)

Mission Failed (Palisades)

Mission Failed (Palisades)

Mission Failed (Palisades)

Mission Failed (Palisades)

Mission Failed (Palisades)

Mission Failed (Palisades)

Mission Failed (Palisades)

Mission Failed (Palisades)

Mission Failed (Palisades)

Mission Failed (Palisades)

Mission Failed (Palisades)

Mission Failed (Palisades)

Mission Failed (Palisades)

Mission Failed (Palisades)
Episode summary log written to examples/wildfire/data/scenarios/outputs/palisades_lr00075_563524/results_palisades_lr00075_8600_summary.csv

Mission Failed (Palisades)

Mission Failed (Palisades)

Mission Failed (Palisades)

Mission Failed (Palisades)

Mission Failed (Palisades)

Mission Failed (Palisades)

Mission Failed (Palisades)

Mission Failed (Palisades)

Mission Failed (Palisades)

Mission Failed (Palisades)

Mission Failed (Palisades)

Mission Failed (Palisades)

Mission Failed (Palisades)

Mission Failed (Palisades)

Mission Failed (Palisades)

Mission Failed (Palisades)

Mission Failed (Palisades)

Mission Failed (Palisades)

Mission Completed (Palisades)

Mission Failed (Palisades)

Mission Failed (Palisades)

Mission Failed (Palisades)

Mission Failed (Palisades)

Mission Failed (Palisades)

Mission Failed (Palisades)

Mission Failed (Palisades)

Mission Failed (Palisades)

Mission Failed (Palisades)

Mission Failed (Palisades)

Mission Failed (Palisades)
-----------------------------------------
| time/                   |             |
|    fps                  | 33          |
|    iterations           | 36          |
|    time_elapsed         | 19815       |
|    total_timesteps      | 663552      |
| train/                  |             |
|    approx_kl            | 0.011243232 |
|    clip_fraction        | 0.15        |
|    clip_range           | 0.2         |
|    entropy_loss         | -11         |
|    explained_variance   | 0.821       |
|    learning_rate        | 0.000382    |
|    loss                 | -0.00358    |
|    n_updates            | 175         |
|    policy_gradient_loss | -0.00912    |
|    value_loss           | 0.0118      |
-----------------------------------------

Mission Completed (Palisades)

Mission Failed (Palisades)

Mission Failed (Palisades)

Mission Failed (Palisades)

Mission Failed (Palisades)

Mission Failed (Palisades)

Mission Failed (Palisades)
Episode summary log written to examples/wildfire/data/scenarios/outputs/palisades_lr00075_563524/results_palisades_lr00075_8700_summary.csv

Mission Failed (Palisades)

Mission Failed (Palisades)

Mission Completed (Palisades)

Mission Failed (Palisades)

Mission Failed (Palisades)

Mission Failed (Palisades)

Mission Completed (Palisades)

Mission Failed (Palisades)

Mission Failed (Palisades)

Mission Completed (Palisades)

Mission Failed (Palisades)

Mission Failed (Palisades)

Mission Failed (Palisades)

Mission Failed (Palisades)

Mission Failed (Palisades)

Mission Failed (Palisades)

Mission Failed (Palisades)

Mission Completed (Palisades)

Mission Failed (Palisades)

Mission Failed (Palisades)

Mission Failed (Palisades)

Mission Completed (Palisades)

Mission Failed (Palisades)

Mission Failed (Palisades)

Mission Failed (Palisades)

Mission Failed (Palisades)

Mission Failed (Palisades)

Mission Failed (Palisades)

Mission Failed (Palisades)

Mission Failed (Palisades)

Mission Failed (Palisades)

Mission Failed (Palisades)

Mission Failed (Palisades)

Mission Failed (Palisades)

Mission Failed (Palisades)

Mission Failed (Palisades)

Mission Failed (Palisades)

Mission Failed (Palisades)

Mission Failed (Palisades)

Mission Failed (Palisades)
Episode summary log written to examples/wildfire/data/scenarios/outputs/palisades_lr00075_563524/results_palisades_lr00075_8800_summary.csv

Mission Failed (Palisades)

Mission Failed (Palisades)

Mission Failed (Palisades)

Mission Completed (Palisades)

Mission Failed (Palisades)

Mission Failed (Palisades)

Mission Failed (Palisades)

Mission Failed (Palisades)

Mission Failed (Palisades)

Mission Failed (Palisades)

Mission Failed (Palisades)

Mission Failed (Palisades)

Mission Failed (Palisades)

Mission Failed (Palisades)

Mission Failed (Palisades)

Mission Failed (Palisades)

Mission Failed (Palisades)

Mission Failed (Palisades)

Mission Failed (Palisades)

Mission Failed (Palisades)

Mission Failed (Palisades)

Mission Failed (Palisades)

Mission Failed (Palisades)

Mission Failed (Palisades)

Mission Failed (Palisades)

Mission Failed (Palisades)

Mission Failed (Palisades)

Mission Failed (Palisades)

Mission Failed (Palisades)

Mission Failed (Palisades)

Mission Failed (Palisades)

Mission Failed (Palisades)

Mission Failed (Palisades)

Mission Failed (Palisades)

Mission Failed (Palisades)

Mission Failed (Palisades)

Mission Failed (Palisades)

Mission Failed (Palisades)

Mission Failed (Palisades)

Mission Failed (Palisades)

Mission Failed (Palisades)
Episode summary log written to examples/wildfire/data/scenarios/outputs/palisades_lr00075_563524/results_palisades_lr00075_8900_summary.csv

Mission Failed (Palisades)

Mission Failed (Palisades)

Mission Failed (Palisades)

Mission Completed (Palisades)

Mission Failed (Palisades)

Mission Completed (Palisades)

Mission Failed (Palisades)
-----------------------------------------
| time/                   |             |
|    fps                  | 33          |
|    iterations           | 37          |
|    time_elapsed         | 20380       |
|    total_timesteps      | 681984      |
| train/                  |             |
|    approx_kl            | 0.011239566 |
|    clip_fraction        | 0.143       |
|    clip_range           | 0.2         |
|    entropy_loss         | -11         |
|    explained_variance   | 0.835       |
|    learning_rate        | 0.000378    |
|    loss                 | -0.00639    |
|    n_updates            | 180         |
|    policy_gradient_loss | -0.00761    |
|    value_loss           | 0.0128      |
-----------------------------------------

Mission Failed (Palisades)

Mission Failed (Palisades)

Mission Failed (Palisades)

Mission Failed (Palisades)

Mission Failed (Palisades)

Mission Failed (Palisades)

Mission Failed (Palisades)

Mission Failed (Palisades)

Mission Failed (Palisades)

Mission Failed (Palisades)

Mission Failed (Palisades)

Mission Failed (Palisades)

Mission Failed (Palisades)

Mission Failed (Palisades)

Mission Failed (Palisades)

Mission Failed (Palisades)

Mission Failed (Palisades)

Mission Failed (Palisades)

Mission Failed (Palisades)

Mission Failed (Palisades)

Mission Failed (Palisades)

Mission Failed (Palisades)

Mission Failed (Palisades)

Mission Failed (Palisades)

Mission Failed (Palisades)

Mission Failed (Palisades)

Mission Failed (Palisades)

Mission Failed (Palisades)

Mission Failed (Palisades)

Mission Failed (Palisades)

Mission Failed (Palisades)

Mission Failed (Palisades)

Mission Failed (Palisades)

Mission Failed (Palisades)

Mission Failed (Palisades)

Mission Failed (Palisades)

Mission Failed (Palisades)

Mission Failed (Palisades)

Mission Failed (Palisades)
Per-step log written to examples/wildfire/data/scenarios/outputs/palisades_lr00075_563524/results_palisades_lr00075_9000_steps.csv
Decision-step log written to examples/wildfire/data/scenarios/outputs/palisades_lr00075_563524/results_palisades_lr00075_9000_decision_steps.csv
Episode summary log written to examples/wildfire/data/scenarios/outputs/palisades_lr00075_563524/results_palisades_lr00075_9000_summary.csv

Mission Failed (Palisades)

Mission Failed (Palisades)

Mission Failed (Palisades)

Mission Failed (Palisades)

Mission Failed (Palisades)

Mission Failed (Palisades)

Mission Failed (Palisades)

Mission Failed (Palisades)

Mission Failed (Palisades)

Mission Failed (Palisades)

Mission Failed (Palisades)

Mission Failed (Palisades)

Mission Failed (Palisades)

Mission Failed (Palisades)

Mission Failed (Palisades)

Mission Failed (Palisades)

Mission Failed (Palisades)

Mission Failed (Palisades)

Mission Failed (Palisades)

Mission Failed (Palisades)

Mission Failed (Palisades)

Mission Failed (Palisades)

Mission Failed (Palisades)

Mission Failed (Palisades)

Mission Failed (Palisades)

Mission Failed (Palisades)

Mission Failed (Palisades)

Mission Failed (Palisades)

Mission Completed (Palisades)

Mission Completed (Palisades)

Mission Completed (Palisades)

Mission Failed (Palisades)

Mission Failed (Palisades)

Mission Failed (Palisades)

Mission Failed (Palisades)

Mission Failed (Palisades)

Mission Failed (Palisades)

Mission Failed (Palisades)

Mission Failed (Palisades)

Mission Failed (Palisades)
Episode summary log written to examples/wildfire/data/scenarios/outputs/palisades_lr00075_563524/results_palisades_lr00075_9100_summary.csv

Mission Failed (Palisades)

Mission Failed (Palisades)

Mission Failed (Palisades)

Mission Failed (Palisades)

Mission Failed (Palisades)

Mission Failed (Palisades)

Mission Completed (Palisades)

Mission Failed (Palisades)

Mission Failed (Palisades)

Mission Failed (Palisades)

Mission Failed (Palisades)

Mission Failed (Palisades)

Mission Failed (Palisades)

Mission Failed (Palisades)

Mission Completed (Palisades)

Mission Completed (Palisades)

Mission Failed (Palisades)
-----------------------------------------
| time/                   |             |
|    fps                  | 33          |
|    iterations           | 38          |
|    time_elapsed         | 20927       |
|    total_timesteps      | 700416      |
| train/                  |             |
|    approx_kl            | 0.011550034 |
|    clip_fraction        | 0.158       |
|    clip_range           | 0.2         |
|    entropy_loss         | -11         |
|    explained_variance   | 0.846       |
|    learning_rate        | 0.000374    |
|    loss                 | -0.00263    |
|    n_updates            | 185         |
|    policy_gradient_loss | -0.00786    |
|    value_loss           | 0.0123      |
-----------------------------------------

Mission Failed (Palisades)

Mission Failed (Palisades)

Mission Failed (Palisades)

Mission Failed (Palisades)

Mission Failed (Palisades)

Mission Failed (Palisades)

Mission Failed (Palisades)

Mission Failed (Palisades)

Mission Failed (Palisades)

Mission Failed (Palisades)

Mission Failed (Palisades)

Mission Failed (Palisades)

Mission Completed (Palisades)
Episode summary log written to examples/wildfire/data/scenarios/outputs/palisades_lr00075_563524/results_palisades_lr00075_9200_summary.csv

Mission Failed (Palisades)

Mission Failed (Palisades)

Mission Failed (Palisades)

Mission Failed (Palisades)

Mission Failed (Palisades)

Mission Failed (Palisades)

Mission Failed (Palisades)

Mission Failed (Palisades)

Mission Failed (Palisades)

Mission Failed (Palisades)

Mission Failed (Palisades)

Mission Failed (Palisades)

Mission Failed (Palisades)

Mission Failed (Palisades)

Mission Failed (Palisades)

Mission Completed (Palisades)

Mission Failed (Palisades)

Mission Failed (Palisades)

Mission Completed (Palisades)

Mission Failed (Palisades)

Mission Completed (Palisades)

Mission Failed (Palisades)

Mission Failed (Palisades)

Mission Failed (Palisades)

Mission Completed (Palisades)

Mission Failed (Palisades)

Mission Failed (Palisades)

Mission Failed (Palisades)

Mission Failed (Palisades)

Mission Failed (Palisades)

Mission Completed (Palisades)

Mission Failed (Palisades)

Mission Failed (Palisades)

Mission Failed (Palisades)
Episode summary log written to examples/wildfire/data/scenarios/outputs/palisades_lr00075_563524/results_palisades_lr00075_9300_summary.csv

Mission Failed (Palisades)

Mission Failed (Palisades)

Mission Failed (Palisades)

Mission Failed (Palisades)

Mission Failed (Palisades)

Mission Failed (Palisades)

Mission Completed (Palisades)

Mission Completed (Palisades)

Mission Failed (Palisades)

Mission Failed (Palisades)

Mission Completed (Palisades)

Mission Failed (Palisades)

Mission Failed (Palisades)

Mission Completed (Palisades)

Mission Failed (Palisades)

Mission Failed (Palisades)

Mission Completed (Palisades)

Mission Failed (Palisades)

Mission Failed (Palisades)

Mission Completed (Palisades)

Mission Failed (Palisades)

Mission Failed (Palisades)

Mission Failed (Palisades)

Mission Completed (Palisades)

Mission Failed (Palisades)

Mission Failed (Palisades)

Mission Failed (Palisades)

Mission Completed (Palisades)

Mission Completed (Palisades)

Mission Failed (Palisades)
Episode summary log written to examples/wildfire/data/scenarios/outputs/palisades_lr00075_563524/results_palisades_lr00075_9400_summary.csv

Mission Failed (Palisades)

Mission Failed (Palisades)

Mission Failed (Palisades)

Mission Failed (Palisades)

Mission Failed (Palisades)

Mission Failed (Palisades)

Mission Completed (Palisades)

Mission Failed (Palisades)

Mission Completed (Palisades)

Mission Failed (Palisades)

Mission Failed (Palisades)

Mission Failed (Palisades)

Mission Failed (Palisades)

Mission Failed (Palisades)

Mission Completed (Palisades)

Mission Failed (Palisades)

Mission Failed (Palisades)

Mission Completed (Palisades)
-----------------------------------------
| time/                   |             |
|    fps                  | 33          |
|    iterations           | 39          |
|    time_elapsed         | 21444       |
|    total_timesteps      | 718848      |
| train/                  |             |
|    approx_kl            | 0.012096089 |
|    clip_fraction        | 0.146       |
|    clip_range           | 0.2         |
|    entropy_loss         | -11         |
|    explained_variance   | 0.844       |
|    learning_rate        | 0.000371    |
|    loss                 | 0.00162     |
|    n_updates            | 190         |
|    policy_gradient_loss | -0.00868    |
|    value_loss           | 0.0119      |
-----------------------------------------

Mission Completed (Palisades)

Mission Completed (Palisades)

Mission Failed (Palisades)

Mission Failed (Palisades)

Mission Failed (Palisades)

Mission Failed (Palisades)

Mission Failed (Palisades)

Mission Failed (Palisades)

Mission Completed (Palisades)

Mission Failed (Palisades)

Mission Failed (Palisades)

Mission Failed (Palisades)

Mission Completed (Palisades)

Mission Failed (Palisades)

Mission Failed (Palisades)

Mission Failed (Palisades)

Mission Failed (Palisades)

Mission Failed (Palisades)

Mission Failed (Palisades)

Mission Failed (Palisades)

Mission Failed (Palisades)

Mission Failed (Palisades)

Mission Completed (Palisades)

Mission Failed (Palisades)

Mission Failed (Palisades)
Episode summary log written to examples/wildfire/data/scenarios/outputs/palisades_lr00075_563524/results_palisades_lr00075_9500_summary.csv

Mission Failed (Palisades)

Mission Failed (Palisades)

Mission Completed (Palisades)

Mission Failed (Palisades)

Mission Failed (Palisades)

Mission Failed (Palisades)

Mission Completed (Palisades)

Mission Failed (Palisades)

Mission Failed (Palisades)

Mission Completed (Palisades)

Mission Failed (Palisades)

Mission Failed (Palisades)

Mission Completed (Palisades)

Mission Failed (Palisades)

Mission Failed (Palisades)

Mission Failed (Palisades)

Mission Failed (Palisades)

Mission Failed (Palisades)

Mission Failed (Palisades)

Mission Failed (Palisades)

Mission Failed (Palisades)

Mission Failed (Palisades)

Mission Failed (Palisades)

Mission Failed (Palisades)

Mission Failed (Palisades)

Mission Failed (Palisades)

Mission Failed (Palisades)

Mission Failed (Palisades)

Mission Failed (Palisades)

Mission Failed (Palisades)

Mission Failed (Palisades)

Mission Failed (Palisades)

Mission Failed (Palisades)

Mission Failed (Palisades)

Mission Failed (Palisades)
Episode summary log written to examples/wildfire/data/scenarios/outputs/palisades_lr00075_563524/results_palisades_lr00075_9600_summary.csv

Mission Completed (Palisades)

Mission Failed (Palisades)

Mission Failed (Palisades)

Mission Failed (Palisades)

Mission Failed (Palisades)

Mission Completed (Palisades)

Mission Failed (Palisades)

Mission Failed (Palisades)

Mission Failed (Palisades)

Mission Failed (Palisades)

Mission Failed (Palisades)

Mission Completed (Palisades)

Mission Completed (Palisades)

Mission Failed (Palisades)

Mission Failed (Palisades)

Mission Failed (Palisades)

Mission Failed (Palisades)

Mission Failed (Palisades)

Mission Failed (Palisades)

Mission Failed (Palisades)

Mission Failed (Palisades)

Mission Failed (Palisades)

Mission Failed (Palisades)

Mission Failed (Palisades)

Mission Failed (Palisades)

Mission Failed (Palisades)

Mission Failed (Palisades)

Mission Failed (Palisades)

Mission Failed (Palisades)

Mission Completed (Palisades)

Mission Failed (Palisades)

Mission Failed (Palisades)
-----------------------------------------
| time/                   |             |
|    fps                  | 33          |
|    iterations           | 40          |
|    time_elapsed         | 21978       |
|    total_timesteps      | 737280      |
| train/                  |             |
|    approx_kl            | 0.012444466 |
|    clip_fraction        | 0.152       |
|    clip_range           | 0.2         |
|    entropy_loss         | -11         |
|    explained_variance   | 0.827       |
|    learning_rate        | 0.000367    |
|    loss                 | -0.00237    |
|    n_updates            | 195         |
|    policy_gradient_loss | -0.00848    |
|    value_loss           | 0.0119      |
-----------------------------------------

Mission Failed (Palisades)

Mission Failed (Palisades)

Mission Failed (Palisades)
Episode summary log written to examples/wildfire/data/scenarios/outputs/palisades_lr00075_563524/results_palisades_lr00075_9700_summary.csv

Mission Failed (Palisades)

Mission Failed (Palisades)

Mission Failed (Palisades)

Mission Failed (Palisades)

Mission Failed (Palisades)

Mission Failed (Palisades)

Mission Failed (Palisades)

Mission Failed (Palisades)

Mission Failed (Palisades)

Mission Completed (Palisades)

Mission Failed (Palisades)

Mission Failed (Palisades)

Mission Failed (Palisades)

Mission Failed (Palisades)

Mission Failed (Palisades)

Mission Failed (Palisades)

Mission Failed (Palisades)

Mission Completed (Palisades)

Mission Failed (Palisades)

Mission Failed (Palisades)

Mission Failed (Palisades)

Mission Failed (Palisades)

Mission Failed (Palisades)

Mission Failed (Palisades)

Mission Completed (Palisades)

Mission Failed (Palisades)

Mission Failed (Palisades)

Mission Failed (Palisades)

Mission Failed (Palisades)

Mission Failed (Palisades)

Mission Failed (Palisades)

Mission Failed (Palisades)

Mission Failed (Palisades)

Mission Completed (Palisades)

Mission Failed (Palisades)
Episode summary log written to examples/wildfire/data/scenarios/outputs/palisades_lr00075_563524/results_palisades_lr00075_9800_summary.csv

Mission Failed (Palisades)

Mission Failed (Palisades)

Mission Failed (Palisades)

Mission Failed (Palisades)

Mission Failed (Palisades)

Mission Failed (Palisades)

Mission Failed (Palisades)

Mission Completed (Palisades)

Mission Failed (Palisades)

Mission Failed (Palisades)

Mission Failed (Palisades)

Mission Failed (Palisades)

Mission Failed (Palisades)

Mission Completed (Palisades)

Mission Failed (Palisades)

Mission Failed (Palisades)

Mission Failed (Palisades)

Mission Failed (Palisades)

Mission Failed (Palisades)

Mission Failed (Palisades)

Mission Completed (Palisades)

Mission Failed (Palisades)

Mission Failed (Palisades)

Mission Failed (Palisades)

Mission Failed (Palisades)

Mission Failed (Palisades)

Mission Failed (Palisades)

Mission Failed (Palisades)

Mission Failed (Palisades)

Mission Failed (Palisades)

Mission Failed (Palisades)

Mission Failed (Palisades)

Mission Failed (Palisades)

Mission Failed (Palisades)

Mission Completed (Palisades)

Mission Failed (Palisades)

Mission Failed (Palisades)

Mission Failed (Palisades)

Mission Failed (Palisades)

Mission Failed (Palisades)
Episode summary log written to examples/wildfire/data/scenarios/outputs/palisades_lr00075_563524/results_palisades_lr00075_9900_summary.csv

Mission Failed (Palisades)

Mission Failed (Palisades)

Mission Failed (Palisades)

Mission Failed (Palisades)

Mission Failed (Palisades)

Mission Failed (Palisades)

Mission Failed (Palisades)

Mission Failed (Palisades)

Mission Failed (Palisades)

Mission Failed (Palisades)

Mission Failed (Palisades)
------------------------------------------
| time/                   |              |
|    fps                  | 33           |
|    iterations           | 41           |
|    time_elapsed         | 22503        |
|    total_timesteps      | 755712       |
| train/                  |              |
|    approx_kl            | 0.0112030385 |
|    clip_fraction        | 0.151        |
|    clip_range           | 0.2          |
|    entropy_loss         | -11          |
|    explained_variance   | 0.852        |
|    learning_rate        | 0.000364     |
|    loss                 | -0.00561     |
|    n_updates            | 200          |
|    policy_gradient_loss | -0.00886     |
|    value_loss           | 0.0114       |
------------------------------------------

Mission Failed (Palisades)

Mission Failed (Palisades)

Mission Completed (Palisades)

Mission Failed (Palisades)

Mission Failed (Palisades)

Mission Failed (Palisades)

Mission Failed (Palisades)

Mission Failed (Palisades)

Mission Failed (Palisades)

Mission Failed (Palisades)

Mission Failed (Palisades)

Mission Failed (Palisades)

Mission Failed (Palisades)

Mission Failed (Palisades)

Mission Failed (Palisades)

Mission Failed (Palisades)

Mission Failed (Palisades)

Mission Failed (Palisades)

Mission Failed (Palisades)

Mission Failed (Palisades)

Mission Failed (Palisades)

Mission Failed (Palisades)

Mission Completed (Palisades)

Mission Failed (Palisades)

Mission Failed (Palisades)

Mission Failed (Palisades)
Per-step log written to examples/wildfire/data/scenarios/outputs/palisades_lr00075_563524/results_palisades_lr00075_10000_steps.csv
Decision-step log written to examples/wildfire/data/scenarios/outputs/palisades_lr00075_563524/results_palisades_lr00075_10000_decision_steps.csv
Episode summary log written to examples/wildfire/data/scenarios/outputs/palisades_lr00075_563524/results_palisades_lr00075_10000_summary.csv

Mission Failed (Palisades)

Mission Failed (Palisades)

Mission Failed (Palisades)

Mission Failed (Palisades)

Mission Failed (Palisades)

Mission Failed (Palisades)

Mission Failed (Palisades)

Mission Failed (Palisades)

Mission Failed (Palisades)

Mission Failed (Palisades)

Mission Failed (Palisades)

Mission Completed (Palisades)

Mission Failed (Palisades)

Mission Failed (Palisades)

Mission Failed (Palisades)

Mission Failed (Palisades)

Mission Failed (Palisades)

Mission Failed (Palisades)

Mission Failed (Palisades)

Mission Failed (Palisades)

Mission Failed (Palisades)

Mission Failed (Palisades)

Mission Failed (Palisades)

Mission Completed (Palisades)

Mission Failed (Palisades)

Mission Failed (Palisades)

Mission Failed (Palisades)

Mission Failed (Palisades)

Mission Failed (Palisades)

Mission Completed (Palisades)

Mission Failed (Palisades)

Mission Failed (Palisades)

Mission Failed (Palisades)

Mission Failed (Palisades)

Mission Failed (Palisades)

Mission Failed (Palisades)
Episode summary log written to examples/wildfire/data/scenarios/outputs/palisades_lr00075_563524/results_palisades_lr00075_10100_summary.csv

Mission Failed (Palisades)

Mission Failed (Palisades)

Mission Failed (Palisades)

Mission Failed (Palisades)

Mission Completed (Palisades)

Mission Failed (Palisades)

Mission Failed (Palisades)

Mission Failed (Palisades)

Mission Failed (Palisades)

Mission Failed (Palisades)

Mission Failed (Palisades)

Mission Failed (Palisades)

Mission Completed (Palisades)

Mission Failed (Palisades)

Mission Failed (Palisades)

Mission Failed (Palisades)

Mission Failed (Palisades)

Mission Failed (Palisades)

Mission Failed (Palisades)

Mission Failed (Palisades)

Mission Failed (Palisades)

Mission Failed (Palisades)

Mission Failed (Palisades)

Mission Failed (Palisades)

Mission Failed (Palisades)

Mission Completed (Palisades)

Mission Failed (Palisades)

Mission Failed (Palisades)

Mission Failed (Palisades)

Mission Failed (Palisades)

Mission Failed (Palisades)

Mission Failed (Palisades)

Mission Completed (Palisades)

Mission Failed (Palisades)

Mission Failed (Palisades)

Mission Failed (Palisades)

Mission Failed (Palisades)

Mission Failed (Palisades)
-----------------------------------------
| time/                   |             |
|    fps                  | 33          |
|    iterations           | 42          |
|    time_elapsed         | 23041       |
|    total_timesteps      | 774144      |
| train/                  |             |
|    approx_kl            | 0.011665567 |
|    clip_fraction        | 0.147       |
|    clip_range           | 0.2         |
|    entropy_loss         | -10.9       |
|    explained_variance   | 0.856       |
|    learning_rate        | 0.00036     |
|    loss                 | -0.00382    |
|    n_updates            | 205         |
|    policy_gradient_loss | -0.0102     |
|    value_loss           | 0.0119      |
-----------------------------------------

Mission Failed (Palisades)
Episode summary log written to examples/wildfire/data/scenarios/outputs/palisades_lr00075_563524/results_palisades_lr00075_10200_summary.csv

Mission Completed (Palisades)

Mission Completed (Palisades)

Mission Failed (Palisades)

Mission Failed (Palisades)

Mission Failed (Palisades)

Mission Failed (Palisades)

Mission Failed (Palisades)

Mission Failed (Palisades)

Mission Completed (Palisades)

Mission Completed (Palisades)

Mission Failed (Palisades)

Mission Completed (Palisades)

Mission Failed (Palisades)

Mission Failed (Palisades)

Mission Completed (Palisades)

Mission Failed (Palisades)

Mission Failed (Palisades)

Mission Failed (Palisades)

Mission Failed (Palisades)

Mission Failed (Palisades)

Mission Failed (Palisades)

Mission Failed (Palisades)

Mission Failed (Palisades)

Mission Failed (Palisades)

Mission Failed (Palisades)

Mission Failed (Palisades)

Mission Failed (Palisades)

Mission Failed (Palisades)
Episode summary log written to examples/wildfire/data/scenarios/outputs/palisades_lr00075_563524/results_palisades_lr00075_10300_summary.csv

Mission Failed (Palisades)

Mission Failed (Palisades)

Mission Completed (Palisades)

Mission Failed (Palisades)

Mission Completed (Palisades)

Mission Failed (Palisades)

Mission Failed (Palisades)

Mission Failed (Palisades)

Mission Failed (Palisades)

Mission Failed (Palisades)

Mission Failed (Palisades)

Mission Failed (Palisades)

Mission Failed (Palisades)

Mission Failed (Palisades)

Mission Failed (Palisades)

Mission Failed (Palisades)

Mission Failed (Palisades)

Mission Failed (Palisades)

Mission Failed (Palisades)

Mission Failed (Palisades)

Mission Failed (Palisades)

Mission Completed (Palisades)

Mission Failed (Palisades)

Mission Failed (Palisades)

Mission Failed (Palisades)

Mission Failed (Palisades)

Mission Failed (Palisades)

Mission Completed (Palisades)

Mission Failed (Palisades)

Mission Completed (Palisades)

Mission Failed (Palisades)

Mission Failed (Palisades)

Mission Failed (Palisades)
Episode summary log written to examples/wildfire/data/scenarios/outputs/palisades_lr00075_563524/results_palisades_lr00075_10400_summary.csv

Mission Failed (Palisades)

Mission Failed (Palisades)

Mission Failed (Palisades)

Mission Failed (Palisades)

Mission Completed (Palisades)

Mission Failed (Palisades)

Mission Failed (Palisades)

Mission Failed (Palisades)

Mission Failed (Palisades)

Mission Failed (Palisades)

Mission Failed (Palisades)

Mission Failed (Palisades)

Mission Failed (Palisades)

Mission Failed (Palisades)

Mission Failed (Palisades)

Mission Completed (Palisades)

Mission Failed (Palisades)

Mission Failed (Palisades)
-----------------------------------------
| time/                   |             |
|    fps                  | 33          |
|    iterations           | 43          |
|    time_elapsed         | 23576       |
|    total_timesteps      | 792576      |
| train/                  |             |
|    approx_kl            | 0.011047277 |
|    clip_fraction        | 0.136       |
|    clip_range           | 0.2         |
|    entropy_loss         | -10.9       |
|    explained_variance   | 0.865       |
|    learning_rate        | 0.000356    |
|    loss                 | 0.0014      |
|    n_updates            | 210         |
|    policy_gradient_loss | -0.00869    |
|    value_loss           | 0.0119      |
-----------------------------------------

Mission Failed (Palisades)

Mission Failed (Palisades)

Mission Failed (Palisades)

Mission Failed (Palisades)

Mission Failed (Palisades)

Mission Failed (Palisades)

Mission Failed (Palisades)

Mission Failed (Palisades)

Mission Failed (Palisades)

Mission Completed (Palisades)

Mission Failed (Palisades)

Mission Failed (Palisades)

Mission Failed (Palisades)

Mission Completed (Palisades)

Mission Failed (Palisades)
Episode summary log written to examples/wildfire/data/scenarios/outputs/palisades_lr00075_563524/results_palisades_lr00075_10500_summary.csv

Mission Failed (Palisades)

Mission Completed (Palisades)

Mission Failed (Palisades)

Mission Failed (Palisades)

Mission Failed (Palisades)

Mission Failed (Palisades)

Mission Failed (Palisades)

Mission Failed (Palisades)

Mission Failed (Palisades)

Mission Failed (Palisades)

Mission Failed (Palisades)

Mission Failed (Palisades)

Mission Failed (Palisades)

Mission Failed (Palisades)

Mission Failed (Palisades)

Mission Failed (Palisades)

Mission Failed (Palisades)

Mission Failed (Palisades)

Mission Failed (Palisades)

Mission Failed (Palisades)

Mission Failed (Palisades)

Mission Failed (Palisades)

Mission Failed (Palisades)

Mission Failed (Palisades)

Mission Failed (Palisades)

Mission Failed (Palisades)

Mission Completed (Palisades)
Episode summary log written to examples/wildfire/data/scenarios/outputs/palisades_lr00075_563524/results_palisades_lr00075_10600_summary.csv

Mission Failed (Palisades)

Mission Failed (Palisades)

Mission Failed (Palisades)

Mission Failed (Palisades)

Mission Failed (Palisades)

Mission Failed (Palisades)

Mission Failed (Palisades)

Mission Failed (Palisades)

Mission Failed (Palisades)

Mission Failed (Palisades)

Mission Failed (Palisades)

Mission Failed (Palisades)

Mission Failed (Palisades)

Mission Failed (Palisades)

Mission Failed (Palisades)

Mission Failed (Palisades)

Mission Failed (Palisades)

Mission Failed (Palisades)

Mission Failed (Palisades)

Mission Failed (Palisades)

Mission Completed (Palisades)

Mission Failed (Palisades)

Mission Failed (Palisades)

Mission Failed (Palisades)

Mission Failed (Palisades)

Mission Failed (Palisades)

Mission Failed (Palisades)

Mission Failed (Palisades)

Mission Failed (Palisades)

Mission Completed (Palisades)

Mission Failed (Palisades)

Mission Failed (Palisades)

Mission Failed (Palisades)
Episode summary log written to examples/wildfire/data/scenarios/outputs/palisades_lr00075_563524/results_palisades_lr00075_10700_summary.csv

Mission Failed (Palisades)

Mission Failed (Palisades)

Mission Failed (Palisades)
-----------------------------------------
| time/                   |             |
|    fps                  | 33          |
|    iterations           | 44          |
|    time_elapsed         | 24104       |
|    total_timesteps      | 811008      |
| train/                  |             |
|    approx_kl            | 0.011041072 |
|    clip_fraction        | 0.134       |
|    clip_range           | 0.2         |
|    entropy_loss         | -10.9       |
|    explained_variance   | 0.829       |
|    learning_rate        | 0.000352    |
|    loss                 | 0.0039      |
|    n_updates            | 215         |
|    policy_gradient_loss | -0.00936    |
|    value_loss           | 0.0135      |
-----------------------------------------

Mission Failed (Palisades)

Mission Failed (Palisades)

Mission Failed (Palisades)

Mission Failed (Palisades)

Mission Failed (Palisades)

Mission Failed (Palisades)

Mission Failed (Palisades)

Mission Failed (Palisades)

Mission Failed (Palisades)

Mission Failed (Palisades)

Mission Failed (Palisades)

Mission Failed (Palisades)

Mission Failed (Palisades)

Mission Failed (Palisades)

Mission Failed (Palisades)

Mission Failed (Palisades)

Mission Failed (Palisades)

Mission Failed (Palisades)

Mission Failed (Palisades)

Mission Failed (Palisades)

Mission Failed (Palisades)

Mission Failed (Palisades)

Mission Failed (Palisades)

Mission Failed (Palisades)

Mission Failed (Palisades)

Mission Failed (Palisades)

Mission Completed (Palisades)

Mission Failed (Palisades)

Mission Failed (Palisades)

Mission Failed (Palisades)

Mission Failed (Palisades)

Mission Failed (Palisades)

Mission Failed (Palisades)
Episode summary log written to examples/wildfire/data/scenarios/outputs/palisades_lr00075_563524/results_palisades_lr00075_10800_summary.csv

Mission Completed (Palisades)

Mission Failed (Palisades)

Mission Failed (Palisades)

Mission Failed (Palisades)

Mission Failed (Palisades)

Mission Failed (Palisades)

Mission Failed (Palisades)

Mission Failed (Palisades)

Mission Failed (Palisades)

Mission Failed (Palisades)

Mission Failed (Palisades)

Mission Failed (Palisades)

Mission Failed (Palisades)

Mission Failed (Palisades)

Mission Failed (Palisades)

Mission Failed (Palisades)

Mission Completed (Palisades)

Mission Failed (Palisades)

Mission Failed (Palisades)

Mission Failed (Palisades)

Mission Failed (Palisades)

Mission Failed (Palisades)

Mission Failed (Palisades)

Mission Failed (Palisades)

Mission Failed (Palisades)

Mission Failed (Palisades)

Mission Failed (Palisades)

Mission Failed (Palisades)
Episode summary log written to examples/wildfire/data/scenarios/outputs/palisades_lr00075_563524/results_palisades_lr00075_10900_summary.csv

Mission Failed (Palisades)

Mission Failed (Palisades)

Mission Failed (Palisades)

Mission Failed (Palisades)

Mission Completed (Palisades)

Mission Failed (Palisades)

Mission Failed (Palisades)

Mission Completed (Palisades)

Mission Failed (Palisades)

Mission Failed (Palisades)

Mission Completed (Palisades)

Mission Failed (Palisades)

Mission Completed (Palisades)

Mission Failed (Palisades)

Mission Failed (Palisades)

Mission Failed (Palisades)

Mission Failed (Palisades)

Mission Failed (Palisades)

Mission Failed (Palisades)

Mission Failed (Palisades)

Mission Failed (Palisades)

Mission Completed (Palisades)
-----------------------------------------
| time/                   |             |
|    fps                  | 33          |
|    iterations           | 45          |
|    time_elapsed         | 24632       |
|    total_timesteps      | 829440      |
| train/                  |             |
|    approx_kl            | 0.011165616 |
|    clip_fraction        | 0.126       |
|    clip_range           | 0.2         |
|    entropy_loss         | -10.9       |
|    explained_variance   | 0.827       |
|    learning_rate        | 0.000349    |
|    loss                 | -0.00508    |
|    n_updates            | 220         |
|    policy_gradient_loss | -0.00866    |
|    value_loss           | 0.0129      |
-----------------------------------------

Mission Failed (Palisades)

Mission Failed (Palisades)

Mission Failed (Palisades)

Mission Failed (Palisades)

Mission Failed (Palisades)

Mission Failed (Palisades)

Mission Failed (Palisades)

Mission Failed (Palisades)

Mission Failed (Palisades)

Mission Failed (Palisades)

Mission Failed (Palisades)
Per-step log written to examples/wildfire/data/scenarios/outputs/palisades_lr00075_563524/results_palisades_lr00075_11000_steps.csv
Decision-step log written to examples/wildfire/data/scenarios/outputs/palisades_lr00075_563524/results_palisades_lr00075_11000_decision_steps.csv
Episode summary log written to examples/wildfire/data/scenarios/outputs/palisades_lr00075_563524/results_palisades_lr00075_11000_summary.csv

Mission Failed (Palisades)

Mission Failed (Palisades)

Mission Failed (Palisades)

Mission Failed (Palisades)

Mission Failed (Palisades)

Mission Failed (Palisades)

Mission Failed (Palisades)

Mission Completed (Palisades)

Mission Completed (Palisades)

Mission Failed (Palisades)

Mission Failed (Palisades)

Mission Failed (Palisades)

Mission Completed (Palisades)

Mission Failed (Palisades)

Mission Completed (Palisades)

Mission Failed (Palisades)

Mission Failed (Palisades)

Mission Failed (Palisades)

Mission Failed (Palisades)

Mission Failed (Palisades)

Mission Failed (Palisades)

Mission Failed (Palisades)

Mission Failed (Palisades)

Mission Completed (Palisades)

Mission Failed (Palisades)

Mission Failed (Palisades)

Mission Failed (Palisades)

Mission Completed (Palisades)

Mission Failed (Palisades)

Mission Failed (Palisades)

Mission Failed (Palisades)

Mission Failed (Palisades)

Mission Failed (Palisades)

Mission Failed (Palisades)

Mission Failed (Palisades)

Mission Failed (Palisades)

Mission Failed (Palisades)

Mission Failed (Palisades)

Mission Failed (Palisades)
Episode summary log written to examples/wildfire/data/scenarios/outputs/palisades_lr00075_563524/results_palisades_lr00075_11100_summary.csv

Mission Failed (Palisades)

Mission Failed (Palisades)

Mission Failed (Palisades)

Mission Completed (Palisades)

Mission Completed (Palisades)

Mission Failed (Palisades)

Mission Failed (Palisades)

Mission Failed (Palisades)

Mission Failed (Palisades)

Mission Failed (Palisades)

Mission Failed (Palisades)

Mission Failed (Palisades)

Mission Failed (Palisades)

Mission Failed (Palisades)

Mission Failed (Palisades)

Mission Failed (Palisades)

Mission Completed (Palisades)

Mission Failed (Palisades)

Mission Failed (Palisades)

Mission Failed (Palisades)

Mission Failed (Palisades)

Mission Failed (Palisades)

Mission Failed (Palisades)

Mission Failed (Palisades)

Mission Failed (Palisades)

Mission Failed (Palisades)

Mission Failed (Palisades)

Mission Failed (Palisades)

Mission Failed (Palisades)

Mission Failed (Palisades)

Mission Failed (Palisades)

Mission Failed (Palisades)

Mission Failed (Palisades)

Mission Failed (Palisades)

Mission Completed (Palisades)

Mission Failed (Palisades)

Mission Failed (Palisades)
Episode summary log written to examples/wildfire/data/scenarios/outputs/palisades_lr00075_563524/results_palisades_lr00075_11200_summary.csv

Mission Failed (Palisades)

Mission Completed (Palisades)

Mission Failed (Palisades)
-----------------------------------------
| time/                   |             |
|    fps                  | 33          |
|    iterations           | 46          |
|    time_elapsed         | 25159       |
|    total_timesteps      | 847872      |
| train/                  |             |
|    approx_kl            | 0.011609337 |
|    clip_fraction        | 0.15        |
|    clip_range           | 0.2         |
|    entropy_loss         | -10.9       |
|    explained_variance   | 0.849       |
|    learning_rate        | 0.000345    |
|    loss                 | -0.0123     |
|    n_updates            | 225         |
|    policy_gradient_loss | -0.00991    |
|    value_loss           | 0.0111      |
-----------------------------------------

Mission Failed (Palisades)

Mission Failed (Palisades)

Mission Failed (Palisades)

Mission Failed (Palisades)

Mission Failed (Palisades)

Mission Failed (Palisades)

Mission Failed (Palisades)

Mission Failed (Palisades)

Mission Failed (Palisades)

Mission Failed (Palisades)

Mission Failed (Palisades)

Mission Failed (Palisades)

Mission Failed (Palisades)

Mission Failed (Palisades)

Mission Failed (Palisades)

Mission Failed (Palisades)

Mission Completed (Palisades)

Mission Completed (Palisades)

Mission Completed (Palisades)

Mission Failed (Palisades)

Mission Failed (Palisades)

Mission Completed (Palisades)

Mission Failed (Palisades)

Mission Failed (Palisades)

Mission Failed (Palisades)

Mission Failed (Palisades)

Mission Failed (Palisades)

Mission Failed (Palisades)

Mission Completed (Palisades)

Mission Failed (Palisades)

Mission Failed (Palisades)

Mission Failed (Palisades)
Episode summary log written to examples/wildfire/data/scenarios/outputs/palisades_lr00075_563524/results_palisades_lr00075_11300_summary.csv

Mission Completed (Palisades)

Mission Failed (Palisades)

Mission Failed (Palisades)

Mission Failed (Palisades)

Mission Failed (Palisades)

Mission Failed (Palisades)

Mission Completed (Palisades)

Mission Failed (Palisades)

Mission Failed (Palisades)

Mission Failed (Palisades)

Mission Failed (Palisades)

Mission Failed (Palisades)

Mission Failed (Palisades)

Mission Completed (Palisades)

Mission Failed (Palisades)

Mission Failed (Palisades)

Mission Failed (Palisades)

Mission Failed (Palisades)

Mission Failed (Palisades)

Mission Failed (Palisades)

Mission Failed (Palisades)

Mission Failed (Palisades)

Mission Completed (Palisades)

Mission Failed (Palisades)

Mission Failed (Palisades)

Mission Failed (Palisades)
Episode summary log written to examples/wildfire/data/scenarios/outputs/palisades_lr00075_563524/results_palisades_lr00075_11400_summary.csv

Mission Failed (Palisades)

Mission Failed (Palisades)

Mission Failed (Palisades)

Mission Failed (Palisades)

Mission Failed (Palisades)

Mission Failed (Palisades)

Mission Failed (Palisades)

Mission Failed (Palisades)

Mission Failed (Palisades)

Mission Failed (Palisades)

Mission Failed (Palisades)

Mission Failed (Palisades)

Mission Failed (Palisades)

Mission Failed (Palisades)

Mission Failed (Palisades)

Mission Failed (Palisades)

Mission Failed (Palisades)

Mission Failed (Palisades)

Mission Completed (Palisades)

Mission Failed (Palisades)

Mission Failed (Palisades)

Mission Failed (Palisades)

Mission Failed (Palisades)

Mission Completed (Palisades)

Mission Failed (Palisades)

Mission Failed (Palisades)

Mission Failed (Palisades)

Mission Failed (Palisades)
------------------------------------------
| time/                   |              |
|    fps                  | 33           |
|    iterations           | 47           |
|    time_elapsed         | 25692        |
|    total_timesteps      | 866304       |
| train/                  |              |
|    approx_kl            | 0.0124482615 |
|    clip_fraction        | 0.153        |
|    clip_range           | 0.2          |
|    entropy_loss         | -10.9        |
|    explained_variance   | 0.844        |
|    learning_rate        | 0.000341     |
|    loss                 | -0.0043      |
|    n_updates            | 230          |
|    policy_gradient_loss | -0.011       |
|    value_loss           | 0.0123       |
------------------------------------------

Mission Failed (Palisades)

Mission Failed (Palisades)

Mission Completed (Palisades)

Mission Failed (Palisades)

Mission Failed (Palisades)

Mission Failed (Palisades)

Mission Failed (Palisades)
Episode summary log written to examples/wildfire/data/scenarios/outputs/palisades_lr00075_563524/results_palisades_lr00075_11500_summary.csv

Mission Failed (Palisades)

Mission Failed (Palisades)

Mission Failed (Palisades)

Mission Failed (Palisades)

Mission Failed (Palisades)

Mission Failed (Palisades)

Mission Failed (Palisades)

Mission Failed (Palisades)

Mission Completed (Palisades)

Mission Failed (Palisades)

Mission Failed (Palisades)

Mission Failed (Palisades)

Mission Failed (Palisades)

Mission Failed (Palisades)

Mission Completed (Palisades)

Mission Completed (Palisades)

Mission Failed (Palisades)

Mission Failed (Palisades)

Mission Failed (Palisades)

Mission Failed (Palisades)

Mission Failed (Palisades)

Mission Failed (Palisades)

Mission Failed (Palisades)

Mission Completed (Palisades)

Mission Failed (Palisades)

Mission Failed (Palisades)

Mission Failed (Palisades)

Mission Failed (Palisades)

Mission Failed (Palisades)

Mission Failed (Palisades)

Mission Failed (Palisades)

Mission Failed (Palisades)

Mission Completed (Palisades)

Mission Failed (Palisades)

Mission Failed (Palisades)

Mission Failed (Palisades)
Episode summary log written to examples/wildfire/data/scenarios/outputs/palisades_lr00075_563524/results_palisades_lr00075_11600_summary.csv

Mission Failed (Palisades)

Mission Completed (Palisades)

Mission Failed (Palisades)

Mission Failed (Palisades)

Mission Failed (Palisades)

Mission Failed (Palisades)

Mission Failed (Palisades)

Mission Failed (Palisades)

Mission Failed (Palisades)

Mission Failed (Palisades)

Mission Failed (Palisades)

Mission Failed (Palisades)

Mission Failed (Palisades)

Mission Failed (Palisades)

Mission Failed (Palisades)

Mission Failed (Palisades)

Mission Failed (Palisades)

Mission Failed (Palisades)

Mission Failed (Palisades)

Mission Failed (Palisades)

Mission Completed (Palisades)

Mission Failed (Palisades)

Mission Failed (Palisades)

Mission Failed (Palisades)

Mission Failed (Palisades)

Mission Failed (Palisades)

Mission Failed (Palisades)
Episode summary log written to examples/wildfire/data/scenarios/outputs/palisades_lr00075_563524/results_palisades_lr00075_11700_summary.csv

Mission Failed (Palisades)

Mission Failed (Palisades)

Mission Failed (Palisades)

Mission Failed (Palisades)

Mission Failed (Palisades)

Mission Failed (Palisades)

Mission Failed (Palisades)

Mission Failed (Palisades)

Mission Failed (Palisades)

Mission Completed (Palisades)

Mission Failed (Palisades)

Mission Failed (Palisades)

Mission Failed (Palisades)

Mission Failed (Palisades)

Mission Failed (Palisades)
-----------------------------------------
| time/                   |             |
|    fps                  | 33          |
|    iterations           | 48          |
|    time_elapsed         | 26225       |
|    total_timesteps      | 884736      |
| train/                  |             |
|    approx_kl            | 0.012200487 |
|    clip_fraction        | 0.151       |
|    clip_range           | 0.2         |
|    entropy_loss         | -10.9       |
|    explained_variance   | 0.864       |
|    learning_rate        | 0.000337    |
|    loss                 | -0.00831    |
|    n_updates            | 235         |
|    policy_gradient_loss | -0.00937    |
|    value_loss           | 0.0105      |
-----------------------------------------

Mission Failed (Palisades)

Mission Failed (Palisades)

Mission Failed (Palisades)

Mission Failed (Palisades)

Mission Failed (Palisades)

Mission Failed (Palisades)

Mission Failed (Palisades)

Mission Completed (Palisades)

Mission Failed (Palisades)

Mission Failed (Palisades)

Mission Failed (Palisades)

Mission Failed (Palisades)

Mission Failed (Palisades)

Mission Failed (Palisades)

Mission Failed (Palisades)

Mission Failed (Palisades)

Mission Failed (Palisades)

Mission Failed (Palisades)

Mission Failed (Palisades)

Mission Failed (Palisades)

Mission Failed (Palisades)

Mission Completed (Palisades)

Mission Failed (Palisades)
Episode summary log written to examples/wildfire/data/scenarios/outputs/palisades_lr00075_563524/results_palisades_lr00075_11800_summary.csv

Mission Failed (Palisades)

Mission Failed (Palisades)

Mission Completed (Palisades)

Mission Failed (Palisades)

Mission Failed (Palisades)

Mission Completed (Palisades)

Mission Failed (Palisades)

Mission Failed (Palisades)

Mission Failed (Palisades)

Mission Failed (Palisades)

Mission Failed (Palisades)

Mission Failed (Palisades)

Mission Failed (Palisades)

Mission Completed (Palisades)

Mission Failed (Palisades)

Mission Failed (Palisades)

Mission Failed (Palisades)

Mission Failed (Palisades)

Mission Failed (Palisades)

Mission Failed (Palisades)

Mission Failed (Palisades)

Mission Failed (Palisades)

Mission Failed (Palisades)

Mission Failed (Palisades)

Mission Completed (Palisades)

Mission Failed (Palisades)

Mission Failed (Palisades)

Mission Failed (Palisades)

Mission Failed (Palisades)

Mission Failed (Palisades)

Mission Failed (Palisades)

Mission Failed (Palisades)
Episode summary log written to examples/wildfire/data/scenarios/outputs/palisades_lr00075_563524/results_palisades_lr00075_11900_summary.csv

Mission Failed (Palisades)

Mission Failed (Palisades)

Mission Failed (Palisades)

Mission Failed (Palisades)

Mission Completed (Palisades)

Mission Failed (Palisades)

Mission Failed (Palisades)

Mission Failed (Palisades)

Mission Failed (Palisades)

Mission Failed (Palisades)

Mission Failed (Palisades)

Mission Failed (Palisades)

Mission Failed (Palisades)

Mission Completed (Palisades)

Mission Failed (Palisades)

Mission Failed (Palisades)

Mission Failed (Palisades)

Mission Failed (Palisades)

Mission Failed (Palisades)

Mission Failed (Palisades)

Mission Failed (Palisades)

Mission Completed (Palisades)

Mission Completed (Palisades)

Mission Failed (Palisades)

Mission Completed (Palisades)

Mission Failed (Palisades)

Mission Failed (Palisades)

Mission Failed (Palisades)

Mission Failed (Palisades)

Mission Failed (Palisades)

Mission Failed (Palisades)

Mission Failed (Palisades)

Mission Failed (Palisades)

Mission Failed (Palisades)

Mission Failed (Palisades)

Mission Failed (Palisades)

Mission Completed (Palisades)
-----------------------------------------
| time/                   |             |
|    fps                  | 33          |
|    iterations           | 49          |
|    time_elapsed         | 26758       |
|    total_timesteps      | 903168      |
| train/                  |             |
|    approx_kl            | 0.011521526 |
|    clip_fraction        | 0.157       |
|    clip_range           | 0.2         |
|    entropy_loss         | -10.9       |
|    explained_variance   | 0.841       |
|    learning_rate        | 0.000334    |
|    loss                 | -0.00402    |
|    n_updates            | 240         |
|    policy_gradient_loss | -0.0102     |
|    value_loss           | 0.012       |
-----------------------------------------

Mission Failed (Palisades)

Mission Failed (Palisades)

Mission Completed (Palisades)

Mission Failed (Palisades)
Per-step log written to examples/wildfire/data/scenarios/outputs/palisades_lr00075_563524/results_palisades_lr00075_12000_steps.csv
Decision-step log written to examples/wildfire/data/scenarios/outputs/palisades_lr00075_563524/results_palisades_lr00075_12000_decision_steps.csv
Episode summary log written to examples/wildfire/data/scenarios/outputs/palisades_lr00075_563524/results_palisades_lr00075_12000_summary.csv

Mission Failed (Palisades)

Mission Failed (Palisades)

Mission Failed (Palisades)

Mission Failed (Palisades)

Mission Completed (Palisades)

Mission Failed (Palisades)

Mission Failed (Palisades)

Mission Failed (Palisades)

Mission Failed (Palisades)

Mission Failed (Palisades)

Mission Failed (Palisades)

Mission Failed (Palisades)

Mission Failed (Palisades)

Mission Failed (Palisades)

Mission Failed (Palisades)

Mission Failed (Palisades)

Mission Failed (Palisades)

Mission Failed (Palisades)

Mission Failed (Palisades)

Mission Failed (Palisades)

Mission Failed (Palisades)

Mission Failed (Palisades)

Mission Failed (Palisades)

Mission Failed (Palisades)

Mission Failed (Palisades)

Mission Failed (Palisades)

Mission Failed (Palisades)

Mission Failed (Palisades)

Mission Failed (Palisades)

Mission Failed (Palisades)

Mission Failed (Palisades)

Mission Failed (Palisades)

Mission Failed (Palisades)
Episode summary log written to examples/wildfire/data/scenarios/outputs/palisades_lr00075_563524/results_palisades_lr00075_12100_summary.csv

Mission Failed (Palisades)

Mission Failed (Palisades)

Mission Failed (Palisades)

Mission Failed (Palisades)

Mission Completed (Palisades)

Mission Failed (Palisades)

Mission Failed (Palisades)

Mission Failed (Palisades)

Mission Failed (Palisades)

Mission Failed (Palisades)

Mission Failed (Palisades)

Mission Failed (Palisades)

Mission Failed (Palisades)

Mission Failed (Palisades)

Mission Failed (Palisades)

Mission Failed (Palisades)

Mission Failed (Palisades)

Mission Failed (Palisades)

Mission Failed (Palisades)

Mission Failed (Palisades)

Mission Failed (Palisades)

Mission Failed (Palisades)

Mission Failed (Palisades)

Mission Failed (Palisades)

Mission Failed (Palisades)

Mission Failed (Palisades)

Mission Failed (Palisades)

Mission Failed (Palisades)

Mission Failed (Palisades)

Mission Completed (Palisades)
Episode summary log written to examples/wildfire/data/scenarios/outputs/palisades_lr00075_563524/results_palisades_lr00075_12200_summary.csv

Mission Failed (Palisades)

Mission Failed (Palisades)

Mission Failed (Palisades)

Mission Completed (Palisades)

Mission Failed (Palisades)

Mission Failed (Palisades)

Mission Completed (Palisades)

Mission Failed (Palisades)

Mission Failed (Palisades)

Mission Failed (Palisades)

Mission Failed (Palisades)

Mission Completed (Palisades)

Mission Failed (Palisades)

Mission Failed (Palisades)

Mission Failed (Palisades)

Mission Failed (Palisades)

Mission Failed (Palisades)

Mission Failed (Palisades)

Mission Failed (Palisades)

Mission Failed (Palisades)
----------------------------------------
| time/                   |            |
|    fps                  | 33         |
|    iterations           | 50         |
|    time_elapsed         | 27310      |
|    total_timesteps      | 921600     |
| train/                  |            |
|    approx_kl            | 0.01125102 |
|    clip_fraction        | 0.148      |
|    clip_range           | 0.2        |
|    entropy_loss         | -10.9      |
|    explained_variance   | 0.853      |
|    learning_rate        | 0.00033    |
|    loss                 | -0.00186   |
|    n_updates            | 245        |
|    policy_gradient_loss | -0.0087    |
|    value_loss           | 0.0113     |
----------------------------------------

Mission Failed (Palisades)

Mission Failed (Palisades)

Mission Failed (Palisades)

Mission Completed (Palisades)

Mission Failed (Palisades)

Mission Failed (Palisades)

Mission Failed (Palisades)

Mission Failed (Palisades)

Mission Failed (Palisades)

Mission Failed (Palisades)

Mission Completed (Palisades)

Mission Failed (Palisades)

Mission Completed (Palisades)

Mission Failed (Palisades)

Mission Failed (Palisades)

Mission Failed (Palisades)

Mission Failed (Palisades)
Episode summary log written to examples/wildfire/data/scenarios/outputs/palisades_lr00075_563524/results_palisades_lr00075_12300_summary.csv

Mission Failed (Palisades)

Mission Failed (Palisades)

Mission Failed (Palisades)

Mission Failed (Palisades)

Mission Failed (Palisades)

Mission Failed (Palisades)

Mission Failed (Palisades)

Mission Failed (Palisades)

Mission Failed (Palisades)

Mission Completed (Palisades)

Mission Failed (Palisades)

Mission Completed (Palisades)

Mission Failed (Palisades)

Mission Failed (Palisades)

Mission Failed (Palisades)

Mission Failed (Palisades)

Mission Completed (Palisades)

Mission Failed (Palisades)

Mission Failed (Palisades)

Mission Failed (Palisades)

Mission Failed (Palisades)

Mission Failed (Palisades)

Mission Failed (Palisades)

Mission Failed (Palisades)

Mission Completed (Palisades)

Mission Failed (Palisades)

Mission Completed (Palisades)

Mission Failed (Palisades)

Mission Failed (Palisades)

Mission Failed (Palisades)

Mission Failed (Palisades)

Mission Completed (Palisades)

Mission Failed (Palisades)

Mission Failed (Palisades)

Mission Failed (Palisades)

Mission Failed (Palisades)

Mission Failed (Palisades)

Mission Failed (Palisades)
Episode summary log written to examples/wildfire/data/scenarios/outputs/palisades_lr00075_563524/results_palisades_lr00075_12400_summary.csv

Mission Failed (Palisades)

Mission Failed (Palisades)

Mission Failed (Palisades)

Mission Failed (Palisades)

Mission Failed (Palisades)

Mission Failed (Palisades)

Mission Failed (Palisades)

Mission Failed (Palisades)

Mission Failed (Palisades)

Mission Failed (Palisades)

Mission Failed (Palisades)

Mission Failed (Palisades)

Mission Completed (Palisades)

Mission Failed (Palisades)

Mission Failed (Palisades)

Mission Failed (Palisades)

Mission Failed (Palisades)

Mission Failed (Palisades)

Mission Failed (Palisades)

Mission Completed (Palisades)

Mission Failed (Palisades)

Mission Failed (Palisades)

Mission Failed (Palisades)

Mission Failed (Palisades)

Mission Failed (Palisades)

Mission Failed (Palisades)

Mission Completed (Palisades)

Mission Failed (Palisades)

Mission Completed (Palisades)

Mission Failed (Palisades)

Mission Failed (Palisades)

Mission Failed (Palisades)

Mission Failed (Palisades)

Mission Failed (Palisades)

Mission Failed (Palisades)

Mission Failed (Palisades)

Mission Failed (Palisades)

Mission Failed (Palisades)

Mission Failed (Palisades)

Mission Failed (Palisades)
Episode summary log written to examples/wildfire/data/scenarios/outputs/palisades_lr00075_563524/results_palisades_lr00075_12500_summary.csv

Mission Failed (Palisades)

Mission Failed (Palisades)

Mission Failed (Palisades)

Mission Failed (Palisades)
----------------------------------------
| time/                   |            |
|    fps                  | 33         |
|    iterations           | 51         |
|    time_elapsed         | 27836      |
|    total_timesteps      | 940032     |
| train/                  |            |
|    approx_kl            | 0.01063443 |
|    clip_fraction        | 0.139      |
|    clip_range           | 0.2        |
|    entropy_loss         | -10.9      |
|    explained_variance   | 0.851      |
|    learning_rate        | 0.000326   |
|    loss                 | -0.000307  |
|    n_updates            | 250        |
|    policy_gradient_loss | -0.0106    |
|    value_loss           | 0.0115     |
----------------------------------------

Mission Failed (Palisades)

Mission Failed (Palisades)

Mission Failed (Palisades)

Mission Failed (Palisades)

Mission Failed (Palisades)

Mission Failed (Palisades)

Mission Failed (Palisades)

Mission Failed (Palisades)

Mission Failed (Palisades)

Mission Failed (Palisades)

Mission Failed (Palisades)

Mission Failed (Palisades)

Mission Failed (Palisades)

Mission Completed (Palisades)

Mission Failed (Palisades)

Mission Failed (Palisades)

Mission Failed (Palisades)

Mission Failed (Palisades)

Mission Failed (Palisades)

Mission Failed (Palisades)

Mission Failed (Palisades)

Mission Failed (Palisades)

Mission Failed (Palisades)

Mission Failed (Palisades)

Mission Failed (Palisades)

Mission Completed (Palisades)

Mission Failed (Palisades)

Mission Failed (Palisades)

Mission Failed (Palisades)

Mission Failed (Palisades)
Episode summary log written to examples/wildfire/data/scenarios/outputs/palisades_lr00075_563524/results_palisades_lr00075_12600_summary.csv

Mission Failed (Palisades)

Mission Completed (Palisades)

Mission Completed (Palisades)

Mission Failed (Palisades)

Mission Failed (Palisades)

Mission Failed (Palisades)

Mission Failed (Palisades)

Mission Completed (Palisades)

Mission Completed (Palisades)

Mission Failed (Palisades)

Mission Failed (Palisades)

Mission Failed (Palisades)

Mission Failed (Palisades)

Mission Failed (Palisades)

Mission Failed (Palisades)

Mission Completed (Palisades)

Mission Failed (Palisades)

Mission Failed (Palisades)

Mission Failed (Palisades)

Mission Failed (Palisades)

Mission Failed (Palisades)

Mission Completed (Palisades)

Mission Failed (Palisades)

Mission Failed (Palisades)

Mission Failed (Palisades)

Mission Failed (Palisades)

Mission Failed (Palisades)

Mission Failed (Palisades)

Mission Failed (Palisades)

Mission Failed (Palisades)

Mission Failed (Palisades)

Mission Failed (Palisades)

Mission Failed (Palisades)

Mission Failed (Palisades)

Mission Failed (Palisades)

Mission Failed (Palisades)

Mission Failed (Palisades)

Mission Completed (Palisades)
Episode summary log written to examples/wildfire/data/scenarios/outputs/palisades_lr00075_563524/results_palisades_lr00075_12700_summary.csv

Mission Failed (Palisades)

Mission Failed (Palisades)

Mission Failed (Palisades)

Mission Failed (Palisades)

Mission Failed (Palisades)

Mission Failed (Palisades)

Mission Completed (Palisades)

Mission Completed (Palisades)

Mission Failed (Palisades)

Mission Failed (Palisades)

Mission Failed (Palisades)

Mission Failed (Palisades)

Mission Failed (Palisades)

Mission Failed (Palisades)

Mission Failed (Palisades)

Mission Failed (Palisades)

Mission Failed (Palisades)

Mission Failed (Palisades)

Mission Failed (Palisades)

Mission Failed (Palisades)

Mission Failed (Palisades)

Mission Failed (Palisades)

Mission Failed (Palisades)
----------------------------------------
| time/                   |            |
|    fps                  | 33         |
|    iterations           | 52         |
|    time_elapsed         | 28389      |
|    total_timesteps      | 958464     |
| train/                  |            |
|    approx_kl            | 0.01193774 |
|    clip_fraction        | 0.146      |
|    clip_range           | 0.2        |
|    entropy_loss         | -10.8      |
|    explained_variance   | 0.846      |
|    learning_rate        | 0.000322   |
|    loss                 | -0.000167  |
|    n_updates            | 255        |
|    policy_gradient_loss | -0.0108    |
|    value_loss           | 0.0125     |
----------------------------------------

Mission Failed (Palisades)

Mission Failed (Palisades)

Mission Failed (Palisades)

Mission Failed (Palisades)

Mission Failed (Palisades)

Mission Failed (Palisades)

Mission Failed (Palisades)

Mission Failed (Palisades)

Mission Failed (Palisades)

Mission Failed (Palisades)

Mission Failed (Palisades)

Mission Failed (Palisades)

Mission Failed (Palisades)
Episode summary log written to examples/wildfire/data/scenarios/outputs/palisades_lr00075_563524/results_palisades_lr00075_12800_summary.csv

Mission Failed (Palisades)

Mission Failed (Palisades)

Mission Failed (Palisades)

Mission Failed (Palisades)

Mission Failed (Palisades)

Mission Failed (Palisades)

Mission Failed (Palisades)

Mission Failed (Palisades)

Mission Failed (Palisades)

Mission Failed (Palisades)

Mission Completed (Palisades)

Mission Failed (Palisades)

Mission Failed (Palisades)

Mission Failed (Palisades)

Mission Failed (Palisades)

Mission Failed (Palisades)

Mission Failed (Palisades)

Mission Failed (Palisades)

Mission Failed (Palisades)

Mission Failed (Palisades)

Mission Failed (Palisades)

Mission Failed (Palisades)

Mission Failed (Palisades)

Mission Failed (Palisades)

Mission Failed (Palisades)

Mission Failed (Palisades)

Mission Failed (Palisades)

Mission Failed (Palisades)

Mission Failed (Palisades)

Mission Failed (Palisades)

Mission Failed (Palisades)

Mission Failed (Palisades)

Mission Failed (Palisades)

Mission Failed (Palisades)

Mission Completed (Palisades)
Episode summary log written to examples/wildfire/data/scenarios/outputs/palisades_lr00075_563524/results_palisades_lr00075_12900_summary.csv

Mission Failed (Palisades)

Mission Completed (Palisades)

Mission Failed (Palisades)

Mission Failed (Palisades)

Mission Failed (Palisades)

Mission Failed (Palisades)

Mission Failed (Palisades)

Mission Failed (Palisades)

Mission Failed (Palisades)

Mission Failed (Palisades)

Mission Failed (Palisades)

Mission Failed (Palisades)

Mission Failed (Palisades)

Mission Failed (Palisades)

Mission Failed (Palisades)

Mission Completed (Palisades)

Mission Completed (Palisades)

Mission Failed (Palisades)

Mission Failed (Palisades)

Mission Failed (Palisades)

Mission Failed (Palisades)

Mission Failed (Palisades)

Mission Completed (Palisades)

Mission Failed (Palisades)

Mission Failed (Palisades)

Mission Failed (Palisades)

Mission Failed (Palisades)

Mission Failed (Palisades)

Mission Failed (Palisades)

Mission Failed (Palisades)

Mission Failed (Palisades)

Mission Failed (Palisades)

Mission Failed (Palisades)

Mission Failed (Palisades)

Mission Failed (Palisades)

Mission Failed (Palisades)
Per-step log written to examples/wildfire/data/scenarios/outputs/palisades_lr00075_563524/results_palisades_lr00075_13000_steps.csv
Decision-step log written to examples/wildfire/data/scenarios/outputs/palisades_lr00075_563524/results_palisades_lr00075_13000_decision_steps.csv
Episode summary log written to examples/wildfire/data/scenarios/outputs/palisades_lr00075_563524/results_palisades_lr00075_13000_summary.csv
-----------------------------------------
| time/                   |             |
|    fps                  | 33          |
|    iterations           | 53          |
|    time_elapsed         | 28934       |
|    total_timesteps      | 976896      |
| train/                  |             |
|    approx_kl            | 0.012550543 |
|    clip_fraction        | 0.142       |
|    clip_range           | 0.2         |
|    entropy_loss         | -10.8       |
|    explained_variance   | 0.848       |
|    learning_rate        | 0.000318    |
|    loss                 | 0.00444     |
|    n_updates            | 260         |
|    policy_gradient_loss | -0.00987    |
|    value_loss           | 0.012       |
-----------------------------------------

Mission Failed (Palisades)

Mission Failed (Palisades)

Mission Failed (Palisades)

Mission Failed (Palisades)

Mission Failed (Palisades)

Mission Failed (Palisades)

Mission Failed (Palisades)

Mission Completed (Palisades)

Mission Failed (Palisades)

Mission Failed (Palisades)

Mission Failed (Palisades)

Mission Failed (Palisades)

Mission Failed (Palisades)

Mission Failed (Palisades)

Mission Failed (Palisades)

Mission Failed (Palisades)

Mission Failed (Palisades)

Mission Failed (Palisades)

Mission Failed (Palisades)

Mission Failed (Palisades)

Mission Completed (Palisades)

Mission Failed (Palisades)

Mission Failed (Palisades)

Mission Failed (Palisades)

Mission Failed (Palisades)

Mission Failed (Palisades)

Mission Failed (Palisades)

Mission Failed (Palisades)

Mission Failed (Palisades)

Mission Failed (Palisades)

Mission Completed (Palisades)

Mission Failed (Palisades)

Mission Failed (Palisades)

Mission Failed (Palisades)

Mission Failed (Palisades)

Mission Failed (Palisades)

Mission Failed (Palisades)

Mission Failed (Palisades)

Mission Failed (Palisades)

Mission Completed (Palisades)
Episode summary log written to examples/wildfire/data/scenarios/outputs/palisades_lr00075_563524/results_palisades_lr00075_13100_summary.csv

Mission Failed (Palisades)

Mission Failed (Palisades)

Mission Failed (Palisades)

Mission Failed (Palisades)

Mission Failed (Palisades)

Mission Failed (Palisades)

Mission Failed (Palisades)

Mission Failed (Palisades)

Mission Failed (Palisades)

Mission Failed (Palisades)

Mission Failed (Palisades)

Mission Failed (Palisades)

Mission Failed (Palisades)

Mission Completed (Palisades)

Mission Failed (Palisades)

Mission Failed (Palisades)

Mission Failed (Palisades)

Mission Failed (Palisades)

Mission Failed (Palisades)

Mission Failed (Palisades)

Mission Failed (Palisades)

Mission Failed (Palisades)

Mission Failed (Palisades)

Mission Failed (Palisades)

Mission Failed (Palisades)

Mission Failed (Palisades)

Mission Failed (Palisades)

Mission Completed (Palisades)

Mission Completed (Palisades)

Mission Failed (Palisades)

Mission Failed (Palisades)

Mission Failed (Palisades)

Mission Failed (Palisades)

Mission Completed (Palisades)

Mission Failed (Palisades)

Mission Failed (Palisades)

Mission Failed (Palisades)

Mission Failed (Palisades)

Mission Failed (Palisades)

Mission Failed (Palisades)
Episode summary log written to examples/wildfire/data/scenarios/outputs/palisades_lr00075_563524/results_palisades_lr00075_13200_summary.csv

Mission Failed (Palisades)

Mission Failed (Palisades)

Mission Failed (Palisades)

Mission Failed (Palisades)

Mission Completed (Palisades)

Mission Failed (Palisades)

Mission Failed (Palisades)

Mission Failed (Palisades)

Mission Failed (Palisades)

Mission Failed (Palisades)

Mission Failed (Palisades)

Mission Failed (Palisades)

Mission Failed (Palisades)

Mission Failed (Palisades)

Mission Failed (Palisades)

Mission Failed (Palisades)

Mission Completed (Palisades)

Mission Failed (Palisades)

Mission Failed (Palisades)

Mission Failed (Palisades)

Mission Completed (Palisades)

Mission Failed (Palisades)

Mission Failed (Palisades)

Mission Completed (Palisades)

Mission Failed (Palisades)

Mission Completed (Palisades)

Mission Failed (Palisades)

Mission Failed (Palisades)

Mission Completed (Palisades)
-----------------------------------------
| time/                   |             |
|    fps                  | 33          |
|    iterations           | 54          |
|    time_elapsed         | 29477       |
|    total_timesteps      | 995328      |
| train/                  |             |
|    approx_kl            | 0.011104637 |
|    clip_fraction        | 0.121       |
|    clip_range           | 0.2         |
|    entropy_loss         | -10.8       |
|    explained_variance   | 0.829       |
|    learning_rate        | 0.000314    |
|    loss                 | -0.00129    |
|    n_updates            | 265         |
|    policy_gradient_loss | -0.00957    |
|    value_loss           | 0.0129      |
-----------------------------------------

Mission Completed (Palisades)

Mission Failed (Palisades)

Mission Failed (Palisades)

Mission Failed (Palisades)

Mission Failed (Palisades)

Mission Failed (Palisades)

Mission Failed (Palisades)

Mission Failed (Palisades)
Episode summary log written to examples/wildfire/data/scenarios/outputs/palisades_lr00075_563524/results_palisades_lr00075_13300_summary.csv

Mission Completed (Palisades)

Mission Completed (Palisades)

Mission Failed (Palisades)

Mission Failed (Palisades)

Mission Failed (Palisades)

Mission Failed (Palisades)

Mission Failed (Palisades)

Mission Failed (Palisades)

Mission Failed (Palisades)

Mission Completed (Palisades)

Mission Failed (Palisades)

Mission Failed (Palisades)

Mission Failed (Palisades)

Mission Failed (Palisades)

Mission Failed (Palisades)

Mission Failed (Palisades)

Mission Failed (Palisades)

Mission Completed (Palisades)

Mission Completed (Palisades)

Mission Failed (Palisades)

Mission Failed (Palisades)

Mission Completed (Palisades)

Mission Failed (Palisades)

Mission Failed (Palisades)

Mission Failed (Palisades)

Mission Failed (Palisades)

Mission Failed (Palisades)

Mission Failed (Palisades)

Mission Failed (Palisades)

Mission Failed (Palisades)

Mission Failed (Palisades)

Mission Failed (Palisades)

Mission Failed (Palisades)
Episode summary log written to examples/wildfire/data/scenarios/outputs/palisades_lr00075_563524/results_palisades_lr00075_13400_summary.csv

Mission Failed (Palisades)

Mission Failed (Palisades)

Mission Failed (Palisades)

Mission Failed (Palisades)

Mission Failed (Palisades)

Mission Failed (Palisades)

Mission Failed (Palisades)

Mission Completed (Palisades)

Mission Failed (Palisades)

Mission Failed (Palisades)

Mission Failed (Palisades)

Mission Failed (Palisades)

Mission Failed (Palisades)

Mission Failed (Palisades)

Mission Failed (Palisades)

Mission Failed (Palisades)

Mission Failed (Palisades)

Mission Completed (Palisades)

Mission Failed (Palisades)

Mission Failed (Palisades)

Mission Failed (Palisades)

Mission Failed (Palisades)

Mission Failed (Palisades)

Mission Failed (Palisades)

Mission Completed (Palisades)

Mission Failed (Palisades)

Mission Failed (Palisades)

Mission Completed (Palisades)

Mission Failed (Palisades)

Mission Failed (Palisades)

Mission Failed (Palisades)

Mission Failed (Palisades)

Mission Failed (Palisades)

Mission Failed (Palisades)

Mission Failed (Palisades)
Episode summary log written to examples/wildfire/data/scenarios/outputs/palisades_lr00075_563524/results_palisades_lr00075_13500_summary.csv

Mission Failed (Palisades)

Mission Failed (Palisades)

Mission Failed (Palisades)
------------------------------------------
| time/                   |              |
|    fps                  | 33           |
|    iterations           | 55           |
|    time_elapsed         | 30027        |
|    total_timesteps      | 1013760      |
| train/                  |              |
|    approx_kl            | 0.0122860195 |
|    clip_fraction        | 0.155        |
|    clip_range           | 0.2          |
|    entropy_loss         | -10.8        |
|    explained_variance   | 0.837        |
|    learning_rate        | 0.00031      |
|    loss                 | 9.55e-05     |
|    n_updates            | 270          |
|    policy_gradient_loss | -0.00979     |
|    value_loss           | 0.0138       |
------------------------------------------

Mission Failed (Palisades)

Mission Failed (Palisades)

Mission Failed (Palisades)

Mission Failed (Palisades)

Mission Failed (Palisades)

Mission Failed (Palisades)

Mission Failed (Palisades)

Mission Failed (Palisades)

Mission Failed (Palisades)

Mission Failed (Palisades)

Mission Failed (Palisades)

Mission Completed (Palisades)

Mission Failed (Palisades)

Mission Failed (Palisades)

Mission Failed (Palisades)

Mission Failed (Palisades)
Episode summary log written to examples/wildfire/data/scenarios/outputs/palisades_lr00075_563524/results_palisades_lr00075_13600_summary.csv

Mission Failed (Palisades)

Mission Completed (Palisades)

Mission Completed (Palisades)

Mission Failed (Palisades)

Mission Failed (Palisades)

Mission Failed (Palisades)

Mission Failed (Palisades)

Mission Completed (Palisades)

Mission Failed (Palisades)

Mission Failed (Palisades)

Mission Failed (Palisades)

Mission Completed (Palisades)

Mission Failed (Palisades)

Mission Failed (Palisades)

Mission Failed (Palisades)

Mission Failed (Palisades)

Mission Failed (Palisades)

Mission Failed (Palisades)

Mission Failed (Palisades)

Mission Completed (Palisades)

Mission Failed (Palisades)

Mission Failed (Palisades)

Mission Failed (Palisades)

Mission Failed (Palisades)

Mission Failed (Palisades)

Mission Failed (Palisades)

Mission Failed (Palisades)

Mission Failed (Palisades)

Mission Failed (Palisades)

Mission Failed (Palisades)

Mission Failed (Palisades)

Mission Completed (Palisades)

Mission Failed (Palisades)

Mission Completed (Palisades)

Mission Failed (Palisades)
Episode summary log written to examples/wildfire/data/scenarios/outputs/palisades_lr00075_563524/results_palisades_lr00075_13700_summary.csv

Mission Failed (Palisades)

Mission Failed (Palisades)

Mission Failed (Palisades)

Mission Failed (Palisades)

Mission Failed (Palisades)

Mission Failed (Palisades)

Mission Failed (Palisades)

Mission Failed (Palisades)

Mission Failed (Palisades)

Mission Failed (Palisades)

Mission Failed (Palisades)

Mission Failed (Palisades)

Mission Failed (Palisades)

Mission Failed (Palisades)

Mission Completed (Palisades)

Mission Failed (Palisades)

Mission Failed (Palisades)

Mission Completed (Palisades)

Mission Failed (Palisades)

Mission Failed (Palisades)

Mission Failed (Palisades)

Mission Failed (Palisades)

Mission Failed (Palisades)

Mission Failed (Palisades)

Mission Failed (Palisades)

Mission Failed (Palisades)
Episode summary log written to examples/wildfire/data/scenarios/outputs/palisades_lr00075_563524/results_palisades_lr00075_13800_summary.csv

Mission Failed (Palisades)

Mission Failed (Palisades)
-----------------------------------------
| time/                   |             |
|    fps                  | 33          |
|    iterations           | 56          |
|    time_elapsed         | 30559       |
|    total_timesteps      | 1032192     |
| train/                  |             |
|    approx_kl            | 0.011592083 |
|    clip_fraction        | 0.13        |
|    clip_range           | 0.2         |
|    entropy_loss         | -10.8       |
|    explained_variance   | 0.823       |
|    learning_rate        | 0.000307    |
|    loss                 | -0.0138     |
|    n_updates            | 275         |
|    policy_gradient_loss | -0.0103     |
|    value_loss           | 0.0128      |
-----------------------------------------

Mission Failed (Palisades)

Mission Failed (Palisades)

Mission Failed (Palisades)

Mission Failed (Palisades)

Mission Failed (Palisades)

Mission Failed (Palisades)

Mission Failed (Palisades)

Mission Failed (Palisades)

Mission Failed (Palisades)

Mission Failed (Palisades)

Mission Failed (Palisades)

Mission Failed (Palisades)

Mission Failed (Palisades)

Mission Completed (Palisades)

Mission Failed (Palisades)

Mission Failed (Palisades)

Mission Failed (Palisades)

Mission Failed (Palisades)

Mission Failed (Palisades)

Mission Failed (Palisades)

Mission Failed (Palisades)

Mission Failed (Palisades)

Mission Failed (Palisades)

Mission Failed (Palisades)

Mission Failed (Palisades)

Mission Failed (Palisades)

Mission Failed (Palisades)

Mission Failed (Palisades)

Mission Completed (Palisades)

Mission Failed (Palisades)

Mission Failed (Palisades)

Mission Failed (Palisades)

Mission Failed (Palisades)

Mission Failed (Palisades)

Mission Completed (Palisades)

Mission Failed (Palisades)

Mission Failed (Palisades)
Episode summary log written to examples/wildfire/data/scenarios/outputs/palisades_lr00075_563524/results_palisades_lr00075_13900_summary.csv

Mission Completed (Palisades)

Mission Failed (Palisades)

Mission Completed (Palisades)

Mission Failed (Palisades)

Mission Failed (Palisades)

Mission Failed (Palisades)

Mission Failed (Palisades)

Mission Failed (Palisades)

Mission Failed (Palisades)

Mission Failed (Palisades)

Mission Failed (Palisades)

Mission Failed (Palisades)

Mission Failed (Palisades)

Mission Failed (Palisades)

Mission Failed (Palisades)

Mission Failed (Palisades)

Mission Completed (Palisades)

Mission Completed (Palisades)

Mission Failed (Palisades)

Mission Failed (Palisades)

Mission Failed (Palisades)

Mission Completed (Palisades)

Mission Failed (Palisades)

Mission Failed (Palisades)

Mission Failed (Palisades)

Mission Completed (Palisades)

Mission Failed (Palisades)

Mission Completed (Palisades)

Mission Failed (Palisades)

Mission Completed (Palisades)

Mission Failed (Palisades)

Mission Failed (Palisades)

Mission Failed (Palisades)

Mission Failed (Palisades)

Mission Failed (Palisades)

Mission Failed (Palisades)
Per-step log written to examples/wildfire/data/scenarios/outputs/palisades_lr00075_563524/results_palisades_lr00075_14000_steps.csv
Decision-step log written to examples/wildfire/data/scenarios/outputs/palisades_lr00075_563524/results_palisades_lr00075_14000_decision_steps.csv
Episode summary log written to examples/wildfire/data/scenarios/outputs/palisades_lr00075_563524/results_palisades_lr00075_14000_summary.csv

Mission Failed (Palisades)

Mission Completed (Palisades)

Mission Failed (Palisades)

Mission Failed (Palisades)

Mission Failed (Palisades)

Mission Failed (Palisades)

Mission Failed (Palisades)

Mission Completed (Palisades)

Mission Failed (Palisades)

Mission Failed (Palisades)

Mission Failed (Palisades)

Mission Failed (Palisades)

Mission Failed (Palisades)

Mission Failed (Palisades)
-----------------------------------------
| time/                   |             |
|    fps                  | 33          |
|    iterations           | 57          |
|    time_elapsed         | 31086       |
|    total_timesteps      | 1050624     |
| train/                  |             |
|    approx_kl            | 0.011221652 |
|    clip_fraction        | 0.138       |
|    clip_range           | 0.2         |
|    entropy_loss         | -10.8       |
|    explained_variance   | 0.83        |
|    learning_rate        | 0.000303    |
|    loss                 | -0.00623    |
|    n_updates            | 280         |
|    policy_gradient_loss | -0.0102     |
|    value_loss           | 0.0125      |
-----------------------------------------

Mission Failed (Palisades)

Mission Failed (Palisades)

Mission Failed (Palisades)

Mission Failed (Palisades)

Mission Completed (Palisades)

Mission Failed (Palisades)

Mission Failed (Palisades)
Episode summary log written to examples/wildfire/data/scenarios/outputs/palisades_lr00075_563524/results_palisades_lr00075_14100_summary.csv

Mission Failed (Palisades)

Mission Completed (Palisades)

Mission Failed (Palisades)

Mission Failed (Palisades)

Mission Completed (Palisades)

Mission Failed (Palisades)

Mission Failed (Palisades)

Mission Failed (Palisades)

Mission Failed (Palisades)

Mission Failed (Palisades)

Mission Failed (Palisades)

Mission Failed (Palisades)

Mission Failed (Palisades)

Mission Failed (Palisades)

Mission Failed (Palisades)

Mission Completed (Palisades)

Mission Failed (Palisades)

Mission Failed (Palisades)

Mission Failed (Palisades)

Mission Completed (Palisades)

Mission Failed (Palisades)

Mission Failed (Palisades)

Mission Completed (Palisades)

Mission Completed (Palisades)

Mission Failed (Palisades)

Mission Failed (Palisades)

Mission Failed (Palisades)

Mission Completed (Palisades)

Mission Failed (Palisades)

Mission Completed (Palisades)

Mission Failed (Palisades)

Mission Failed (Palisades)

Mission Failed (Palisades)

Mission Failed (Palisades)
Episode summary log written to examples/wildfire/data/scenarios/outputs/palisades_lr00075_563524/results_palisades_lr00075_14200_summary.csv

Mission Failed (Palisades)

Mission Failed (Palisades)

Mission Failed (Palisades)

Mission Failed (Palisades)

Mission Failed (Palisades)

Mission Failed (Palisades)

Mission Failed (Palisades)

Mission Completed (Palisades)

Mission Failed (Palisades)

Mission Failed (Palisades)

Mission Failed (Palisades)

Mission Failed (Palisades)

Mission Failed (Palisades)

Mission Failed (Palisades)

Mission Failed (Palisades)

Mission Completed (Palisades)

Mission Failed (Palisades)

Mission Failed (Palisades)

Mission Failed (Palisades)

Mission Failed (Palisades)

Mission Failed (Palisades)

Mission Failed (Palisades)

Mission Failed (Palisades)

Mission Failed (Palisades)

Mission Completed (Palisades)

Mission Failed (Palisades)

Mission Failed (Palisades)

Mission Failed (Palisades)

Mission Failed (Palisades)

Mission Completed (Palisades)

Mission Failed (Palisades)
Episode summary log written to examples/wildfire/data/scenarios/outputs/palisades_lr00075_563524/results_palisades_lr00075_14300_summary.csv

Mission Failed (Palisades)

Mission Completed (Palisades)

Mission Failed (Palisades)

Mission Failed (Palisades)

Mission Completed (Palisades)

Mission Failed (Palisades)

Mission Failed (Palisades)

Mission Failed (Palisades)

Mission Failed (Palisades)

Mission Failed (Palisades)

Mission Failed (Palisades)

Mission Completed (Palisades)

Mission Failed (Palisades)

Mission Completed (Palisades)

Mission Failed (Palisades)
-----------------------------------------
| time/                   |             |
|    fps                  | 33          |
|    iterations           | 58          |
|    time_elapsed         | 31615       |
|    total_timesteps      | 1069056     |
| train/                  |             |
|    approx_kl            | 0.011984284 |
|    clip_fraction        | 0.143       |
|    clip_range           | 0.2         |
|    entropy_loss         | -10.8       |
|    explained_variance   | 0.855       |
|    learning_rate        | 0.000299    |
|    loss                 | -0.00387    |
|    n_updates            | 285         |
|    policy_gradient_loss | -0.0103     |
|    value_loss           | 0.0112      |
-----------------------------------------

Mission Failed (Palisades)

Mission Failed (Palisades)

Mission Failed (Palisades)

Mission Failed (Palisades)

Mission Failed (Palisades)

Mission Failed (Palisades)

Mission Failed (Palisades)

Mission Failed (Palisades)

Mission Failed (Palisades)

Mission Failed (Palisades)

Mission Failed (Palisades)

Mission Failed (Palisades)

Mission Failed (Palisades)

Mission Failed (Palisades)
Episode summary log written to examples/wildfire/data/scenarios/outputs/palisades_lr00075_563524/results_palisades_lr00075_14400_summary.csv

Mission Failed (Palisades)

Mission Failed (Palisades)

Mission Failed (Palisades)

Mission Completed (Palisades)

Mission Failed (Palisades)

Mission Failed (Palisades)

Mission Failed (Palisades)

Mission Failed (Palisades)

Mission Failed (Palisades)

Mission Failed (Palisades)

Mission Failed (Palisades)

Mission Failed (Palisades)

Mission Failed (Palisades)

Mission Failed (Palisades)

Mission Failed (Palisades)

Mission Failed (Palisades)

Mission Failed (Palisades)

Mission Failed (Palisades)

Mission Failed (Palisades)

Mission Failed (Palisades)

Mission Failed (Palisades)

Mission Failed (Palisades)

Mission Failed (Palisades)

Mission Failed (Palisades)

Mission Failed (Palisades)

Mission Failed (Palisades)

Mission Failed (Palisades)

Mission Failed (Palisades)
Episode summary log written to examples/wildfire/data/scenarios/outputs/palisades_lr00075_563524/results_palisades_lr00075_14500_summary.csv

Mission Failed (Palisades)

Mission Failed (Palisades)

Mission Failed (Palisades)

Mission Failed (Palisades)

Mission Failed (Palisades)

Mission Failed (Palisades)

Mission Failed (Palisades)

Mission Failed (Palisades)

Mission Failed (Palisades)

Mission Completed (Palisades)

Mission Failed (Palisades)

Mission Failed (Palisades)

Mission Completed (Palisades)

Mission Failed (Palisades)

Mission Failed (Palisades)

Mission Failed (Palisades)

Mission Failed (Palisades)

Mission Failed (Palisades)

Mission Failed (Palisades)

Mission Failed (Palisades)

Mission Failed (Palisades)

Mission Failed (Palisades)

Mission Failed (Palisades)

Mission Failed (Palisades)

Mission Failed (Palisades)

Mission Failed (Palisades)

Mission Failed (Palisades)

Mission Failed (Palisades)

Mission Failed (Palisades)
-----------------------------------------
| time/                   |             |
|    fps                  | 33          |
|    iterations           | 59          |
|    time_elapsed         | 32137       |
|    total_timesteps      | 1087488     |
| train/                  |             |
|    approx_kl            | 0.011764939 |
|    clip_fraction        | 0.148       |
|    clip_range           | 0.2         |
|    entropy_loss         | -10.8       |
|    explained_variance   | 0.847       |
|    learning_rate        | 0.000295    |
|    loss                 | -0.00979    |
|    n_updates            | 290         |
|    policy_gradient_loss | -0.01       |
|    value_loss           | 0.0116      |
-----------------------------------------
Episode summary log written to examples/wildfire/data/scenarios/outputs/palisades_lr00075_563524/results_palisades_lr00075_14600_summary.csv

Mission Failed (Palisades)

Mission Failed (Palisades)

Mission Failed (Palisades)

Mission Completed (Palisades)

Mission Completed (Palisades)

Mission Failed (Palisades)

Mission Failed (Palisades)

Mission Failed (Palisades)

Mission Failed (Palisades)

Mission Completed (Palisades)

Mission Failed (Palisades)

Mission Completed (Palisades)

Mission Failed (Palisades)

Mission Completed (Palisades)

Mission Failed (Palisades)

Mission Failed (Palisades)

Mission Failed (Palisades)

Mission Failed (Palisades)

Mission Failed (Palisades)

Mission Failed (Palisades)

Mission Failed (Palisades)

Mission Failed (Palisades)

Mission Failed (Palisades)

Mission Failed (Palisades)

Mission Failed (Palisades)

Mission Failed (Palisades)

Mission Failed (Palisades)

Mission Failed (Palisades)

Mission Failed (Palisades)

Mission Completed (Palisades)

Mission Failed (Palisades)

Mission Failed (Palisades)

Mission Failed (Palisades)

Mission Failed (Palisades)

Mission Failed (Palisades)

Mission Failed (Palisades)
Episode summary log written to examples/wildfire/data/scenarios/outputs/palisades_lr00075_563524/results_palisades_lr00075_14700_summary.csv

Mission Failed (Palisades)

Mission Failed (Palisades)

Mission Failed (Palisades)

Mission Failed (Palisades)

Mission Failed (Palisades)

Mission Failed (Palisades)

Mission Failed (Palisades)

Mission Failed (Palisades)

Mission Failed (Palisades)

Mission Failed (Palisades)

Mission Failed (Palisades)

Mission Failed (Palisades)

Mission Failed (Palisades)

Mission Failed (Palisades)

Mission Failed (Palisades)

Mission Failed (Palisades)

Mission Failed (Palisades)

Mission Failed (Palisades)

Mission Failed (Palisades)

Mission Failed (Palisades)

Mission Completed (Palisades)

Mission Failed (Palisades)

Mission Completed (Palisades)

Mission Completed (Palisades)

Mission Failed (Palisades)

Mission Failed (Palisades)

Mission Failed (Palisades)

Mission Failed (Palisades)

Mission Failed (Palisades)

Mission Failed (Palisades)

Mission Completed (Palisades)

Mission Failed (Palisades)
Episode summary log written to examples/wildfire/data/scenarios/outputs/palisades_lr00075_563524/results_palisades_lr00075_14800_summary.csv

Mission Failed (Palisades)

Mission Failed (Palisades)

Mission Completed (Palisades)

Mission Failed (Palisades)

Mission Failed (Palisades)

Mission Failed (Palisades)

Mission Failed (Palisades)

Mission Failed (Palisades)

Mission Failed (Palisades)

Mission Failed (Palisades)

Mission Failed (Palisades)

Mission Failed (Palisades)

Mission Failed (Palisades)

Mission Failed (Palisades)

Mission Failed (Palisades)

Mission Failed (Palisades)

Mission Failed (Palisades)

Mission Failed (Palisades)

Mission Failed (Palisades)

Mission Failed (Palisades)
-----------------------------------------
| time/                   |             |
|    fps                  | 33          |
|    iterations           | 60          |
|    time_elapsed         | 32675       |
|    total_timesteps      | 1105920     |
| train/                  |             |
|    approx_kl            | 0.010807681 |
|    clip_fraction        | 0.133       |
|    clip_range           | 0.2         |
|    entropy_loss         | -10.7       |
|    explained_variance   | 0.855       |
|    learning_rate        | 0.000291    |
|    loss                 | -0.00324    |
|    n_updates            | 295         |
|    policy_gradient_loss | -0.00963    |
|    value_loss           | 0.0109      |
-----------------------------------------

Mission Failed (Palisades)

Mission Completed (Palisades)

Mission Failed (Palisades)

Mission Failed (Palisades)

Mission Completed (Palisades)

Mission Failed (Palisades)

Mission Failed (Palisades)

Mission Failed (Palisades)

Mission Failed (Palisades)

Mission Failed (Palisades)

Mission Failed (Palisades)

Mission Failed (Palisades)

Mission Failed (Palisades)

Mission Completed (Palisades)
Episode summary log written to examples/wildfire/data/scenarios/outputs/palisades_lr00075_563524/results_palisades_lr00075_14900_summary.csv

Mission Failed (Palisades)

Mission Failed (Palisades)

Mission Failed (Palisades)

Mission Failed (Palisades)

Mission Failed (Palisades)

Mission Failed (Palisades)

Mission Failed (Palisades)

Mission Failed (Palisades)

Mission Failed (Palisades)

Mission Failed (Palisades)

Mission Failed (Palisades)

Mission Failed (Palisades)

Mission Failed (Palisades)

Mission Failed (Palisades)

Mission Failed (Palisades)

Mission Completed (Palisades)

Mission Failed (Palisades)

Mission Failed (Palisades)

Mission Completed (Palisades)

Mission Failed (Palisades)

Mission Failed (Palisades)

Mission Failed (Palisades)

Mission Failed (Palisades)

Mission Failed (Palisades)

Mission Failed (Palisades)

Mission Failed (Palisades)
Per-step log written to examples/wildfire/data/scenarios/outputs/palisades_lr00075_563524/results_palisades_lr00075_15000_steps.csv
Decision-step log written to examples/wildfire/data/scenarios/outputs/palisades_lr00075_563524/results_palisades_lr00075_15000_decision_steps.csv
Episode summary log written to examples/wildfire/data/scenarios/outputs/palisades_lr00075_563524/results_palisades_lr00075_15000_summary.csv

Mission Failed (Palisades)

Mission Failed (Palisades)

Mission Failed (Palisades)

Mission Failed (Palisades)

Mission Failed (Palisades)

Mission Failed (Palisades)

Mission Failed (Palisades)

Mission Failed (Palisades)

Mission Failed (Palisades)

Mission Failed (Palisades)

Mission Failed (Palisades)

Mission Failed (Palisades)

Mission Completed (Palisades)

Mission Failed (Palisades)

Mission Failed (Palisades)

Mission Failed (Palisades)

Mission Failed (Palisades)

Mission Failed (Palisades)

Mission Failed (Palisades)

Mission Completed (Palisades)

Mission Failed (Palisades)

Mission Failed (Palisades)

Mission Failed (Palisades)

Mission Failed (Palisades)

Mission Failed (Palisades)

Mission Failed (Palisades)

Mission Completed (Palisades)

Mission Failed (Palisades)

Mission Failed (Palisades)

Mission Failed (Palisades)

Mission Completed (Palisades)

Mission Failed (Palisades)

Mission Failed (Palisades)

Mission Failed (Palisades)

Mission Failed (Palisades)
Episode summary log written to examples/wildfire/data/scenarios/outputs/palisades_lr00075_563524/results_palisades_lr00075_15100_summary.csv

Mission Failed (Palisades)

Mission Failed (Palisades)

Mission Failed (Palisades)

Mission Failed (Palisades)

Mission Failed (Palisades)

Mission Failed (Palisades)

Mission Failed (Palisades)

Mission Failed (Palisades)
-----------------------------------------
| time/                   |             |
|    fps                  | 33          |
|    iterations           | 61          |
|    time_elapsed         | 33222       |
|    total_timesteps      | 1124352     |
| train/                  |             |
|    approx_kl            | 0.011639421 |
|    clip_fraction        | 0.139       |
|    clip_range           | 0.2         |
|    entropy_loss         | -10.7       |
|    explained_variance   | 0.849       |
|    learning_rate        | 0.000287    |
|    loss                 | -0.00347    |
|    n_updates            | 300         |
|    policy_gradient_loss | -0.00942    |
|    value_loss           | 0.0119      |
-----------------------------------------

Mission Failed (Palisades)

Mission Failed (Palisades)

Mission Failed (Palisades)

Mission Failed (Palisades)

Mission Failed (Palisades)

Mission Failed (Palisades)

Mission Failed (Palisades)

Mission Failed (Palisades)

Mission Failed (Palisades)

Mission Completed (Palisades)

Mission Failed (Palisades)

Mission Completed (Palisades)

Mission Failed (Palisades)

Mission Failed (Palisades)

Mission Failed (Palisades)

Mission Failed (Palisades)

Mission Completed (Palisades)

Mission Failed (Palisades)
Episode summary log written to examples/wildfire/data/scenarios/outputs/palisades_lr00075_563524/results_palisades_lr00075_15200_summary.csv

Mission Failed (Palisades)

Mission Failed (Palisades)

Mission Failed (Palisades)

Mission Failed (Palisades)

Mission Failed (Palisades)

Mission Failed (Palisades)

Mission Failed (Palisades)

Mission Failed (Palisades)

Mission Failed (Palisades)

Mission Failed (Palisades)

Mission Failed (Palisades)

Mission Failed (Palisades)

Mission Failed (Palisades)

Mission Completed (Palisades)

Mission Failed (Palisades)

Mission Completed (Palisades)

Mission Failed (Palisades)

Mission Failed (Palisades)

Mission Completed (Palisades)

Mission Completed (Palisades)

Mission Failed (Palisades)

Mission Failed (Palisades)

Mission Failed (Palisades)

Mission Failed (Palisades)

Mission Failed (Palisades)

Mission Failed (Palisades)

Mission Failed (Palisades)
Episode summary log written to examples/wildfire/data/scenarios/outputs/palisades_lr00075_563524/results_palisades_lr00075_15300_summary.csv

Mission Failed (Palisades)

Mission Failed (Palisades)

Mission Failed (Palisades)

Mission Failed (Palisades)

Mission Failed (Palisades)

Mission Failed (Palisades)

Mission Failed (Palisades)

Mission Failed (Palisades)

Mission Failed (Palisades)

Mission Failed (Palisades)

Mission Failed (Palisades)

Mission Completed (Palisades)

Mission Failed (Palisades)

Mission Failed (Palisades)

Mission Failed (Palisades)

Mission Failed (Palisades)

Mission Failed (Palisades)

Mission Failed (Palisades)

Mission Failed (Palisades)

Mission Failed (Palisades)

Mission Failed (Palisades)

Mission Failed (Palisades)

Mission Failed (Palisades)

Mission Failed (Palisades)

Mission Completed (Palisades)

Mission Failed (Palisades)

Mission Failed (Palisades)

Mission Failed (Palisades)

Mission Failed (Palisades)

Mission Failed (Palisades)

Mission Failed (Palisades)
-----------------------------------------
| time/                   |             |
|    fps                  | 33          |
|    iterations           | 62          |
|    time_elapsed         | 33755       |
|    total_timesteps      | 1142784     |
| train/                  |             |
|    approx_kl            | 0.011157428 |
|    clip_fraction        | 0.141       |
|    clip_range           | 0.2         |
|    entropy_loss         | -10.7       |
|    explained_variance   | 0.856       |
|    learning_rate        | 0.000282    |
|    loss                 | -0.0117     |
|    n_updates            | 305         |
|    policy_gradient_loss | -0.0101     |
|    value_loss           | 0.0114      |
-----------------------------------------

Mission Failed (Palisades)

Mission Failed (Palisades)

Mission Failed (Palisades)

Mission Failed (Palisades)

Mission Completed (Palisades)

Mission Failed (Palisades)

Mission Failed (Palisades)

Mission Failed (Palisades)
Episode summary log written to examples/wildfire/data/scenarios/outputs/palisades_lr00075_563524/results_palisades_lr00075_15400_summary.csv

Mission Failed (Palisades)

Mission Failed (Palisades)

Mission Failed (Palisades)

Mission Failed (Palisades)

Mission Failed (Palisades)

Mission Failed (Palisades)

Mission Failed (Palisades)

Mission Failed (Palisades)

Mission Failed (Palisades)

Mission Failed (Palisades)

Mission Failed (Palisades)

Mission Failed (Palisades)

Mission Failed (Palisades)

Mission Failed (Palisades)

Mission Failed (Palisades)

Mission Completed (Palisades)

Mission Failed (Palisades)

Mission Failed (Palisades)

Mission Completed (Palisades)

Mission Failed (Palisades)

Mission Failed (Palisades)

Mission Failed (Palisades)

Mission Failed (Palisades)

Mission Failed (Palisades)

Mission Failed (Palisades)

Mission Failed (Palisades)

Mission Failed (Palisades)

Mission Failed (Palisades)

Mission Failed (Palisades)

Mission Failed (Palisades)

Mission Failed (Palisades)

Mission Failed (Palisades)

Mission Failed (Palisades)

Mission Failed (Palisades)
Episode summary log written to examples/wildfire/data/scenarios/outputs/palisades_lr00075_563524/results_palisades_lr00075_15500_summary.csv

Mission Completed (Palisades)

Mission Failed (Palisades)

Mission Completed (Palisades)

Mission Failed (Palisades)

Mission Failed (Palisades)

Mission Failed (Palisades)

Mission Failed (Palisades)

Mission Failed (Palisades)

Mission Completed (Palisades)

Mission Failed (Palisades)

Mission Completed (Palisades)

Mission Completed (Palisades)

Mission Failed (Palisades)

Mission Failed (Palisades)

Mission Failed (Palisades)

Mission Failed (Palisades)

Mission Failed (Palisades)

Mission Completed (Palisades)

Mission Completed (Palisades)

Mission Failed (Palisades)

Mission Completed (Palisades)

Mission Failed (Palisades)

Mission Failed (Palisades)

Mission Failed (Palisades)
Episode summary log written to examples/wildfire/data/scenarios/outputs/palisades_lr00075_563524/results_palisades_lr00075_15600_summary.csv

Mission Failed (Palisades)

Mission Failed (Palisades)

Mission Failed (Palisades)

Mission Failed (Palisades)

Mission Failed (Palisades)

Mission Failed (Palisades)

Mission Failed (Palisades)

Mission Failed (Palisades)

Mission Failed (Palisades)

Mission Failed (Palisades)

Mission Failed (Palisades)

Mission Completed (Palisades)

Mission Failed (Palisades)

Mission Failed (Palisades)

Mission Failed (Palisades)

Mission Failed (Palisades)

Mission Failed (Palisades)

Mission Failed (Palisades)

Mission Failed (Palisades)
----------------------------------------
| time/                   |            |
|    fps                  | 33         |
|    iterations           | 63         |
|    time_elapsed         | 34295      |
|    total_timesteps      | 1161216    |
| train/                  |            |
|    approx_kl            | 0.01062989 |
|    clip_fraction        | 0.118      |
|    clip_range           | 0.2        |
|    entropy_loss         | -10.7      |
|    explained_variance   | 0.838      |
|    learning_rate        | 0.000278   |
|    loss                 | -0.00232   |
|    n_updates            | 310        |
|    policy_gradient_loss | -0.01      |
|    value_loss           | 0.0119     |
----------------------------------------

Mission Failed (Palisades)

Mission Failed (Palisades)

Mission Failed (Palisades)

Mission Failed (Palisades)

Mission Failed (Palisades)

Mission Failed (Palisades)

Mission Completed (Palisades)

Mission Failed (Palisades)

Mission Failed (Palisades)

Mission Failed (Palisades)

Mission Failed (Palisades)

Mission Failed (Palisades)

Mission Failed (Palisades)
Episode summary log written to examples/wildfire/data/scenarios/outputs/palisades_lr00075_563524/results_palisades_lr00075_15700_summary.csv

Mission Completed (Palisades)

Mission Failed (Palisades)

Mission Failed (Palisades)

Mission Failed (Palisades)

Mission Failed (Palisades)

Mission Failed (Palisades)

Mission Failed (Palisades)

Mission Failed (Palisades)

Mission Failed (Palisades)

Mission Failed (Palisades)

Mission Failed (Palisades)

Mission Failed (Palisades)

Mission Failed (Palisades)

Mission Failed (Palisades)

Mission Failed (Palisades)

Mission Completed (Palisades)

Mission Failed (Palisades)

Mission Failed (Palisades)

Mission Failed (Palisades)

Mission Failed (Palisades)

Mission Failed (Palisades)

Mission Failed (Palisades)

Mission Failed (Palisades)

Mission Failed (Palisades)

Mission Failed (Palisades)

Mission Completed (Palisades)

Mission Failed (Palisades)

Mission Failed (Palisades)

Mission Failed (Palisades)

Mission Failed (Palisades)

Mission Failed (Palisades)

Mission Failed (Palisades)

Mission Failed (Palisades)

Mission Failed (Palisades)

Mission Failed (Palisades)

Mission Completed (Palisades)

Mission Failed (Palisades)
Episode summary log written to examples/wildfire/data/scenarios/outputs/palisades_lr00075_563524/results_palisades_lr00075_15800_summary.csv

Mission Failed (Palisades)

Mission Failed (Palisades)

Mission Failed (Palisades)

Mission Failed (Palisades)

Mission Failed (Palisades)

Mission Failed (Palisades)

Mission Failed (Palisades)

Mission Failed (Palisades)

Mission Failed (Palisades)

Mission Failed (Palisades)

Mission Failed (Palisades)

Mission Completed (Palisades)

Mission Failed (Palisades)

Mission Failed (Palisades)

Mission Completed (Palisades)

Mission Failed (Palisades)

Mission Failed (Palisades)

Mission Failed (Palisades)

Mission Failed (Palisades)

Mission Failed (Palisades)

Mission Failed (Palisades)

Mission Failed (Palisades)

Mission Failed (Palisades)

Mission Failed (Palisades)

Mission Failed (Palisades)

Mission Failed (Palisades)

Mission Failed (Palisades)

Mission Failed (Palisades)

Mission Failed (Palisades)

Mission Completed (Palisades)

Mission Failed (Palisades)

Mission Failed (Palisades)
Episode summary log written to examples/wildfire/data/scenarios/outputs/palisades_lr00075_563524/results_palisades_lr00075_15900_summary.csv

Mission Failed (Palisades)

Mission Failed (Palisades)

Mission Failed (Palisades)

Mission Failed (Palisades)
----------------------------------------
| time/                   |            |
|    fps                  | 33         |
|    iterations           | 64         |
|    time_elapsed         | 34842      |
|    total_timesteps      | 1179648    |
| train/                  |            |
|    approx_kl            | 0.01087466 |
|    clip_fraction        | 0.133      |
|    clip_range           | 0.2        |
|    entropy_loss         | -10.7      |
|    explained_variance   | 0.842      |
|    learning_rate        | 0.000274   |
|    loss                 | -0.000781  |
|    n_updates            | 315        |
|    policy_gradient_loss | -0.0098    |
|    value_loss           | 0.0113     |
----------------------------------------

Mission Failed (Palisades)

Mission Failed (Palisades)

Mission Failed (Palisades)

Mission Failed (Palisades)

Mission Completed (Palisades)

Mission Completed (Palisades)

Mission Failed (Palisades)

Mission Failed (Palisades)

Mission Failed (Palisades)

Mission Failed (Palisades)

Mission Failed (Palisades)

Mission Failed (Palisades)

Mission Failed (Palisades)

Mission Failed (Palisades)

Mission Failed (Palisades)

Mission Failed (Palisades)

Mission Failed (Palisades)

Mission Failed (Palisades)

Mission Failed (Palisades)

Mission Failed (Palisades)

Mission Completed (Palisades)

Mission Failed (Palisades)

Mission Failed (Palisades)

Mission Failed (Palisades)

Mission Failed (Palisades)

Mission Failed (Palisades)

Mission Failed (Palisades)

Mission Completed (Palisades)

Mission Failed (Palisades)

Mission Failed (Palisades)

Mission Failed (Palisades)
Per-step log written to examples/wildfire/data/scenarios/outputs/palisades_lr00075_563524/results_palisades_lr00075_16000_steps.csv
Decision-step log written to examples/wildfire/data/scenarios/outputs/palisades_lr00075_563524/results_palisades_lr00075_16000_decision_steps.csv
Episode summary log written to examples/wildfire/data/scenarios/outputs/palisades_lr00075_563524/results_palisades_lr00075_16000_summary.csv

Mission Failed (Palisades)

Mission Failed (Palisades)

Mission Failed (Palisades)

Mission Failed (Palisades)

Mission Failed (Palisades)

Mission Completed (Palisades)

Mission Failed (Palisades)

Mission Failed (Palisades)

Mission Failed (Palisades)

Mission Failed (Palisades)

Mission Failed (Palisades)

Mission Failed (Palisades)

Mission Failed (Palisades)

Mission Failed (Palisades)

Mission Failed (Palisades)

Mission Completed (Palisades)

Mission Completed (Palisades)

Mission Failed (Palisades)

Mission Failed (Palisades)

Mission Failed (Palisades)

Mission Failed (Palisades)

Mission Failed (Palisades)

Mission Failed (Palisades)

Mission Failed (Palisades)

Mission Failed (Palisades)

Mission Failed (Palisades)

Mission Failed (Palisades)

Mission Failed (Palisades)

Mission Failed (Palisades)

Mission Completed (Palisades)

Mission Failed (Palisades)

Mission Completed (Palisades)
Episode summary log written to examples/wildfire/data/scenarios/outputs/palisades_lr00075_563524/results_palisades_lr00075_16100_summary.csv

Mission Completed (Palisades)

Mission Failed (Palisades)

Mission Failed (Palisades)

Mission Failed (Palisades)

Mission Failed (Palisades)

Mission Failed (Palisades)

Mission Failed (Palisades)

Mission Failed (Palisades)

Mission Failed (Palisades)

Mission Failed (Palisades)

Mission Failed (Palisades)

Mission Failed (Palisades)

Mission Failed (Palisades)

Mission Failed (Palisades)

Mission Failed (Palisades)

Mission Failed (Palisades)

Mission Failed (Palisades)

Mission Failed (Palisades)

Mission Failed (Palisades)

Mission Completed (Palisades)

Mission Failed (Palisades)

Mission Failed (Palisades)

Mission Failed (Palisades)

Mission Failed (Palisades)

Mission Failed (Palisades)

Mission Failed (Palisades)
-----------------------------------------
| time/                   |             |
|    fps                  | 33          |
|    iterations           | 65          |
|    time_elapsed         | 35376       |
|    total_timesteps      | 1198080     |
| train/                  |             |
|    approx_kl            | 0.011965903 |
|    clip_fraction        | 0.143       |
|    clip_range           | 0.2         |
|    entropy_loss         | -10.7       |
|    explained_variance   | 0.856       |
|    learning_rate        | 0.00027     |
|    loss                 | 0.0056      |
|    n_updates            | 320         |
|    policy_gradient_loss | -0.0109     |
|    value_loss           | 0.0121      |
-----------------------------------------

Mission Failed (Palisades)

Mission Failed (Palisades)

Mission Failed (Palisades)

Mission Failed (Palisades)

Mission Failed (Palisades)

Mission Failed (Palisades)

Mission Failed (Palisades)

Mission Failed (Palisades)
Episode summary log written to examples/wildfire/data/scenarios/outputs/palisades_lr00075_563524/results_palisades_lr00075_16200_summary.csv

Mission Failed (Palisades)

Mission Failed (Palisades)

Mission Failed (Palisades)

Mission Failed (Palisades)

Mission Completed (Palisades)

Mission Failed (Palisades)

Mission Failed (Palisades)

Mission Failed (Palisades)

Mission Failed (Palisades)

Mission Failed (Palisades)

Mission Failed (Palisades)

Mission Failed (Palisades)

Mission Failed (Palisades)

Mission Failed (Palisades)

Mission Failed (Palisades)

Mission Failed (Palisades)

Mission Failed (Palisades)

Mission Completed (Palisades)

Mission Failed (Palisades)

Mission Failed (Palisades)

Mission Failed (Palisades)

Mission Completed (Palisades)

Mission Failed (Palisades)

Mission Failed (Palisades)

Mission Failed (Palisades)

Mission Failed (Palisades)

Mission Failed (Palisades)

Mission Failed (Palisades)

Mission Failed (Palisades)

Mission Failed (Palisades)

Mission Failed (Palisades)

Mission Failed (Palisades)

Mission Failed (Palisades)

Mission Failed (Palisades)
Episode summary log written to examples/wildfire/data/scenarios/outputs/palisades_lr00075_563524/results_palisades_lr00075_16300_summary.csv

Mission Failed (Palisades)

Mission Failed (Palisades)

Mission Failed (Palisades)

Mission Failed (Palisades)

Mission Completed (Palisades)

Mission Failed (Palisades)

Mission Completed (Palisades)

Mission Failed (Palisades)

Mission Failed (Palisades)

Mission Failed (Palisades)

Mission Failed (Palisades)

Mission Failed (Palisades)

Mission Completed (Palisades)

Mission Failed (Palisades)

Mission Failed (Palisades)

Mission Failed (Palisades)

Mission Failed (Palisades)

Mission Failed (Palisades)

Mission Failed (Palisades)

Mission Failed (Palisades)

Mission Failed (Palisades)

Mission Failed (Palisades)

Mission Failed (Palisades)

Mission Failed (Palisades)

Mission Failed (Palisades)

Mission Failed (Palisades)

Mission Failed (Palisades)
Episode summary log written to examples/wildfire/data/scenarios/outputs/palisades_lr00075_563524/results_palisades_lr00075_16400_summary.csv

Mission Completed (Palisades)

Mission Failed (Palisades)

Mission Completed (Palisades)

Mission Failed (Palisades)

Mission Failed (Palisades)

Mission Failed (Palisades)

Mission Failed (Palisades)

Mission Failed (Palisades)

Mission Failed (Palisades)

Mission Failed (Palisades)

Mission Failed (Palisades)

Mission Failed (Palisades)

Mission Failed (Palisades)

Mission Completed (Palisades)

Mission Failed (Palisades)

Mission Failed (Palisades)

Mission Completed (Palisades)

Mission Failed (Palisades)

Mission Failed (Palisades)
-----------------------------------------
| time/                   |             |
|    fps                  | 33          |
|    iterations           | 66          |
|    time_elapsed         | 35909       |
|    total_timesteps      | 1216512     |
| train/                  |             |
|    approx_kl            | 0.011412407 |
|    clip_fraction        | 0.135       |
|    clip_range           | 0.2         |
|    entropy_loss         | -10.6       |
|    explained_variance   | 0.851       |
|    learning_rate        | 0.000266    |
|    loss                 | -0.00106    |
|    n_updates            | 325         |
|    policy_gradient_loss | -0.011      |
|    value_loss           | 0.012       |
-----------------------------------------

Mission Failed (Palisades)

Mission Failed (Palisades)

Mission Completed (Palisades)

Mission Failed (Palisades)

Mission Failed (Palisades)

Mission Failed (Palisades)

Mission Failed (Palisades)

Mission Failed (Palisades)

Mission Completed (Palisades)

Mission Failed (Palisades)

Mission Failed (Palisades)

Mission Failed (Palisades)

Mission Completed (Palisades)

Mission Failed (Palisades)

Mission Failed (Palisades)

Mission Failed (Palisades)
Episode summary log written to examples/wildfire/data/scenarios/outputs/palisades_lr00075_563524/results_palisades_lr00075_16500_summary.csv

Mission Failed (Palisades)

Mission Failed (Palisades)

Mission Failed (Palisades)

Mission Failed (Palisades)

Mission Failed (Palisades)

Mission Failed (Palisades)

Mission Completed (Palisades)

Mission Failed (Palisades)

Mission Failed (Palisades)

Mission Failed (Palisades)

Mission Failed (Palisades)

Mission Failed (Palisades)

Mission Failed (Palisades)

Mission Failed (Palisades)

Mission Failed (Palisades)

Mission Failed (Palisades)

Mission Failed (Palisades)

Mission Failed (Palisades)

Mission Failed (Palisades)

Mission Failed (Palisades)

Mission Failed (Palisades)

Mission Failed (Palisades)

Mission Failed (Palisades)

Mission Failed (Palisades)

Mission Failed (Palisades)

Mission Failed (Palisades)

Mission Completed (Palisades)

Mission Failed (Palisades)

Mission Failed (Palisades)

Mission Failed (Palisades)

Mission Completed (Palisades)
Episode summary log written to examples/wildfire/data/scenarios/outputs/palisades_lr00075_563524/results_palisades_lr00075_16600_summary.csv

Mission Failed (Palisades)

Mission Failed (Palisades)

Mission Failed (Palisades)

Mission Failed (Palisades)

Mission Failed (Palisades)

Mission Failed (Palisades)

Mission Failed (Palisades)

Mission Failed (Palisades)

Mission Failed (Palisades)

Mission Completed (Palisades)

Mission Failed (Palisades)

Mission Completed (Palisades)

Mission Failed (Palisades)

Mission Failed (Palisades)

Mission Failed (Palisades)

Mission Completed (Palisades)

Mission Completed (Palisades)

Mission Failed (Palisades)

Mission Failed (Palisades)

Mission Failed (Palisades)

Mission Failed (Palisades)

Mission Failed (Palisades)

Mission Failed (Palisades)

Mission Failed (Palisades)

Mission Completed (Palisades)

Mission Failed (Palisades)

Mission Failed (Palisades)

Mission Failed (Palisades)

Mission Failed (Palisades)

Mission Failed (Palisades)

Mission Failed (Palisades)

Mission Failed (Palisades)
Episode summary log written to examples/wildfire/data/scenarios/outputs/palisades_lr00075_563524/results_palisades_lr00075_16700_summary.csv

Mission Failed (Palisades)
----------------------------------------
| time/                   |            |
|    fps                  | 33         |
|    iterations           | 67         |
|    time_elapsed         | 36446      |
|    total_timesteps      | 1234944    |
| train/                  |            |
|    approx_kl            | 0.01095214 |
|    clip_fraction        | 0.126      |
|    clip_range           | 0.2        |
|    entropy_loss         | -10.6      |
|    explained_variance   | 0.855      |
|    learning_rate        | 0.000262   |
|    loss                 | -0.00455   |
|    n_updates            | 330        |
|    policy_gradient_loss | -0.0106    |
|    value_loss           | 0.0114     |
----------------------------------------

Mission Failed (Palisades)

Mission Failed (Palisades)

Mission Failed (Palisades)

Mission Completed (Palisades)

Mission Failed (Palisades)

Mission Failed (Palisades)

Mission Failed (Palisades)

Mission Completed (Palisades)

Mission Failed (Palisades)

Mission Failed (Palisades)

Mission Failed (Palisades)

Mission Failed (Palisades)

Mission Failed (Palisades)

Mission Completed (Palisades)

Mission Failed (Palisades)

Mission Failed (Palisades)

Mission Failed (Palisades)

Mission Completed (Palisades)

Mission Failed (Palisades)

Mission Failed (Palisades)

Mission Completed (Palisades)

Mission Failed (Palisades)

Mission Failed (Palisades)

Mission Failed (Palisades)

Mission Failed (Palisades)

Mission Failed (Palisades)

Mission Failed (Palisades)

Mission Failed (Palisades)

Mission Failed (Palisades)

Mission Failed (Palisades)

Mission Failed (Palisades)

Mission Failed (Palisades)

Mission Failed (Palisades)
Episode summary log written to examples/wildfire/data/scenarios/outputs/palisades_lr00075_563524/results_palisades_lr00075_16800_summary.csv

Mission Failed (Palisades)

Mission Failed (Palisades)

Mission Failed (Palisades)

Mission Failed (Palisades)

Mission Failed (Palisades)

Mission Failed (Palisades)

Mission Failed (Palisades)

Mission Failed (Palisades)

Mission Failed (Palisades)

Mission Failed (Palisades)

Mission Failed (Palisades)

Mission Failed (Palisades)

Mission Failed (Palisades)

Mission Failed (Palisades)

Mission Failed (Palisades)

Mission Failed (Palisades)

Mission Completed (Palisades)

Mission Failed (Palisades)

Mission Failed (Palisades)

Mission Failed (Palisades)

Mission Failed (Palisades)

Mission Failed (Palisades)
Episode summary log written to examples/wildfire/data/scenarios/outputs/palisades_lr00075_563524/results_palisades_lr00075_16900_summary.csv

Mission Failed (Palisades)

Mission Failed (Palisades)

Mission Failed (Palisades)

Mission Failed (Palisades)

Mission Failed (Palisades)

Mission Failed (Palisades)

Mission Completed (Palisades)

Mission Failed (Palisades)

Mission Failed (Palisades)

Mission Failed (Palisades)

Mission Failed (Palisades)

Mission Failed (Palisades)

Mission Failed (Palisades)

Mission Failed (Palisades)

Mission Failed (Palisades)

Mission Failed (Palisades)

Mission Failed (Palisades)

Mission Failed (Palisades)

Mission Failed (Palisades)

Mission Failed (Palisades)

Mission Failed (Palisades)

Mission Failed (Palisades)
-----------------------------------------
| time/                   |             |
|    fps                  | 33          |
|    iterations           | 68          |
|    time_elapsed         | 36988       |
|    total_timesteps      | 1253376     |
| train/                  |             |
|    approx_kl            | 0.010659899 |
|    clip_fraction        | 0.129       |
|    clip_range           | 0.2         |
|    entropy_loss         | -10.6       |
|    explained_variance   | 0.838       |
|    learning_rate        | 0.000257    |
|    loss                 | -0.00495    |
|    n_updates            | 335         |
|    policy_gradient_loss | -0.01       |
|    value_loss           | 0.0124      |
-----------------------------------------

Mission Completed (Palisades)

Mission Failed (Palisades)

Mission Failed (Palisades)

Mission Failed (Palisades)

Mission Failed (Palisades)
Per-step log written to examples/wildfire/data/scenarios/outputs/palisades_lr00075_563524/results_palisades_lr00075_17000_steps.csv
Decision-step log written to examples/wildfire/data/scenarios/outputs/palisades_lr00075_563524/results_palisades_lr00075_17000_decision_steps.csv
Episode summary log written to examples/wildfire/data/scenarios/outputs/palisades_lr00075_563524/results_palisades_lr00075_17000_summary.csv

Mission Failed (Palisades)

Mission Failed (Palisades)

Mission Failed (Palisades)

Mission Completed (Palisades)

Mission Failed (Palisades)

Mission Failed (Palisades)

Mission Failed (Palisades)

Mission Completed (Palisades)

Mission Failed (Palisades)

Mission Failed (Palisades)

Mission Failed (Palisades)

Mission Failed (Palisades)

Mission Failed (Palisades)

Mission Failed (Palisades)

Mission Failed (Palisades)

Mission Failed (Palisades)

Mission Failed (Palisades)

Mission Completed (Palisades)

Mission Failed (Palisades)

Mission Failed (Palisades)

Mission Failed (Palisades)

Mission Failed (Palisades)

Mission Completed (Palisades)

Mission Failed (Palisades)
Episode summary log written to examples/wildfire/data/scenarios/outputs/palisades_lr00075_563524/results_palisades_lr00075_17100_summary.csv

Mission Failed (Palisades)

Mission Failed (Palisades)

Mission Failed (Palisades)

Mission Failed (Palisades)

Mission Failed (Palisades)

Mission Failed (Palisades)

Mission Failed (Palisades)

Mission Failed (Palisades)

Mission Failed (Palisades)

Mission Failed (Palisades)

Mission Failed (Palisades)

Mission Failed (Palisades)

Mission Completed (Palisades)

Mission Failed (Palisades)

Mission Failed (Palisades)

Mission Failed (Palisades)

Mission Failed (Palisades)

Mission Completed (Palisades)

Mission Completed (Palisades)

Mission Failed (Palisades)

Mission Completed (Palisades)

Mission Failed (Palisades)

Mission Failed (Palisades)

Mission Completed (Palisades)

Mission Completed (Palisades)

Mission Failed (Palisades)

Mission Failed (Palisades)

Mission Failed (Palisades)

Mission Failed (Palisades)

Mission Completed (Palisades)

Mission Failed (Palisades)

Mission Failed (Palisades)

Mission Failed (Palisades)

Mission Failed (Palisades)

Mission Failed (Palisades)
Episode summary log written to examples/wildfire/data/scenarios/outputs/palisades_lr00075_563524/results_palisades_lr00075_17200_summary.csv

Mission Completed (Palisades)

Mission Completed (Palisades)

Mission Failed (Palisades)

Mission Failed (Palisades)

Mission Failed (Palisades)

Mission Failed (Palisades)

Mission Failed (Palisades)

Mission Failed (Palisades)

Mission Failed (Palisades)

Mission Failed (Palisades)

Mission Failed (Palisades)

Mission Failed (Palisades)

Mission Completed (Palisades)

Mission Failed (Palisades)

Mission Failed (Palisades)

Mission Failed (Palisades)
-----------------------------------------
| time/                   |             |
|    fps                  | 33          |
|    iterations           | 69          |
|    time_elapsed         | 37516       |
|    total_timesteps      | 1271808     |
| train/                  |             |
|    approx_kl            | 0.011339694 |
|    clip_fraction        | 0.127       |
|    clip_range           | 0.2         |
|    entropy_loss         | -10.6       |
|    explained_variance   | 0.827       |
|    learning_rate        | 0.000253    |
|    loss                 | -0.00989    |
|    n_updates            | 340         |
|    policy_gradient_loss | -0.0113     |
|    value_loss           | 0.0131      |
-----------------------------------------

Mission Failed (Palisades)

Mission Failed (Palisades)

Mission Failed (Palisades)

Mission Failed (Palisades)

Mission Failed (Palisades)

Mission Completed (Palisades)

Mission Failed (Palisades)

Mission Failed (Palisades)

Mission Completed (Palisades)

Mission Completed (Palisades)

Mission Failed (Palisades)

Mission Failed (Palisades)

Mission Completed (Palisades)

Mission Failed (Palisades)
Episode summary log written to examples/wildfire/data/scenarios/outputs/palisades_lr00075_563524/results_palisades_lr00075_17300_summary.csv

Mission Failed (Palisades)

Mission Failed (Palisades)

Mission Failed (Palisades)

Mission Completed (Palisades)

Mission Failed (Palisades)

Mission Failed (Palisades)

Mission Failed (Palisades)

Mission Failed (Palisades)

Mission Failed (Palisades)

Mission Failed (Palisades)

Mission Failed (Palisades)

Mission Failed (Palisades)

Mission Failed (Palisades)

Mission Failed (Palisades)

Mission Failed (Palisades)

Mission Failed (Palisades)

Mission Failed (Palisades)

Mission Failed (Palisades)

Mission Failed (Palisades)

Mission Failed (Palisades)

Mission Failed (Palisades)

Mission Failed (Palisades)

Mission Failed (Palisades)

Mission Failed (Palisades)

Mission Failed (Palisades)

Mission Failed (Palisades)

Mission Failed (Palisades)

Mission Completed (Palisades)

Mission Failed (Palisades)

Mission Failed (Palisades)

Mission Failed (Palisades)
Episode summary log written to examples/wildfire/data/scenarios/outputs/palisades_lr00075_563524/results_palisades_lr00075_17400_summary.csv

Mission Failed (Palisades)

Mission Failed (Palisades)

Mission Failed (Palisades)

Mission Failed (Palisades)

Mission Failed (Palisades)

Mission Failed (Palisades)

Mission Failed (Palisades)

Mission Failed (Palisades)

Mission Completed (Palisades)

Mission Failed (Palisades)

Mission Completed (Palisades)

Mission Failed (Palisades)

Mission Failed (Palisades)

Mission Failed (Palisades)

Mission Completed (Palisades)

Mission Failed (Palisades)

Mission Failed (Palisades)

Mission Completed (Palisades)

Mission Failed (Palisades)

Mission Failed (Palisades)

Mission Failed (Palisades)

Mission Failed (Palisades)

Mission Failed (Palisades)

Mission Failed (Palisades)
Episode summary log written to examples/wildfire/data/scenarios/outputs/palisades_lr00075_563524/results_palisades_lr00075_17500_summary.csv

Mission Completed (Palisades)

Mission Failed (Palisades)

Mission Completed (Palisades)

Mission Failed (Palisades)

Mission Failed (Palisades)

Mission Completed (Palisades)

Mission Failed (Palisades)

Mission Failed (Palisades)

Mission Failed (Palisades)

Mission Failed (Palisades)

Mission Failed (Palisades)

Mission Failed (Palisades)

Mission Failed (Palisades)

Mission Failed (Palisades)

Mission Failed (Palisades)

Mission Failed (Palisades)

Mission Completed (Palisades)
-----------------------------------------
| time/                   |             |
|    fps                  | 33          |
|    iterations           | 70          |
|    time_elapsed         | 38052       |
|    total_timesteps      | 1290240     |
| train/                  |             |
|    approx_kl            | 0.010737562 |
|    clip_fraction        | 0.12        |
|    clip_range           | 0.2         |
|    entropy_loss         | -10.6       |
|    explained_variance   | 0.858       |
|    learning_rate        | 0.000249    |
|    loss                 | -0.00893    |
|    n_updates            | 345         |
|    policy_gradient_loss | -0.00984    |
|    value_loss           | 0.0104      |
-----------------------------------------

Mission Failed (Palisades)

Mission Failed (Palisades)

Mission Completed (Palisades)

Mission Failed (Palisades)

Mission Failed (Palisades)

Mission Failed (Palisades)

Mission Failed (Palisades)

Mission Completed (Palisades)

Mission Failed (Palisades)

Mission Failed (Palisades)

Mission Failed (Palisades)

Mission Failed (Palisades)
Episode summary log written to examples/wildfire/data/scenarios/outputs/palisades_lr00075_563524/results_palisades_lr00075_17600_summary.csv

Mission Failed (Palisades)

Mission Failed (Palisades)

Mission Failed (Palisades)

Mission Failed (Palisades)

Mission Failed (Palisades)

Mission Failed (Palisades)

Mission Failed (Palisades)

Mission Completed (Palisades)

Mission Completed (Palisades)

Mission Failed (Palisades)

Mission Failed (Palisades)

Mission Failed (Palisades)

Mission Failed (Palisades)

Mission Failed (Palisades)

Mission Failed (Palisades)

Mission Failed (Palisades)

Mission Failed (Palisades)

Mission Failed (Palisades)

Mission Completed (Palisades)

Mission Failed (Palisades)

Mission Failed (Palisades)

Mission Failed (Palisades)

Mission Failed (Palisades)

Mission Failed (Palisades)

Mission Failed (Palisades)

Mission Failed (Palisades)

Mission Failed (Palisades)

Mission Failed (Palisades)

Mission Failed (Palisades)

Mission Failed (Palisades)

Mission Failed (Palisades)

Mission Failed (Palisades)

Mission Failed (Palisades)

Mission Failed (Palisades)

Mission Failed (Palisades)

Mission Failed (Palisades)
Episode summary log written to examples/wildfire/data/scenarios/outputs/palisades_lr00075_563524/results_palisades_lr00075_17700_summary.csv

Mission Failed (Palisades)

Mission Failed (Palisades)

Mission Failed (Palisades)

Mission Failed (Palisades)

Mission Failed (Palisades)

Mission Completed (Palisades)

Mission Failed (Palisades)

Mission Completed (Palisades)

Mission Failed (Palisades)

Mission Failed (Palisades)

Mission Completed (Palisades)

Mission Failed (Palisades)

Mission Failed (Palisades)

Mission Failed (Palisades)

Mission Failed (Palisades)

Mission Failed (Palisades)

Mission Failed (Palisades)

Mission Failed (Palisades)

Mission Failed (Palisades)

Mission Failed (Palisades)

Mission Failed (Palisades)

Mission Failed (Palisades)

Mission Completed (Palisades)

Mission Failed (Palisades)

Mission Failed (Palisades)

Mission Failed (Palisades)
-----------------------------------------
| time/                   |             |
|    fps                  | 33          |
|    iterations           | 71          |
|    time_elapsed         | 38582       |
|    total_timesteps      | 1308672     |
| train/                  |             |
|    approx_kl            | 0.010764055 |
|    clip_fraction        | 0.122       |
|    clip_range           | 0.2         |
|    entropy_loss         | -10.5       |
|    explained_variance   | 0.847       |
|    learning_rate        | 0.000245    |
|    loss                 | -0.016      |
|    n_updates            | 350         |
|    policy_gradient_loss | -0.00989    |
|    value_loss           | 0.0112      |
-----------------------------------------

Mission Failed (Palisades)

Mission Failed (Palisades)

Mission Failed (Palisades)

Mission Failed (Palisades)

Mission Failed (Palisades)

Mission Failed (Palisades)

Mission Failed (Palisades)
Episode summary log written to examples/wildfire/data/scenarios/outputs/palisades_lr00075_563524/results_palisades_lr00075_17800_summary.csv

Mission Failed (Palisades)

Mission Failed (Palisades)

Mission Failed (Palisades)

Mission Failed (Palisades)

Mission Failed (Palisades)

Mission Failed (Palisades)

Mission Failed (Palisades)

Mission Failed (Palisades)

Mission Failed (Palisades)

Mission Failed (Palisades)

Mission Failed (Palisades)

Mission Failed (Palisades)

Mission Failed (Palisades)

Mission Failed (Palisades)

Mission Failed (Palisades)

Mission Failed (Palisades)

Mission Failed (Palisades)

Mission Failed (Palisades)

Mission Failed (Palisades)

Mission Failed (Palisades)

Mission Failed (Palisades)

Mission Failed (Palisades)

Mission Failed (Palisades)

Mission Failed (Palisades)

Mission Failed (Palisades)

Mission Failed (Palisades)

Mission Failed (Palisades)

Mission Failed (Palisades)

Mission Completed (Palisades)

Mission Failed (Palisades)

Mission Completed (Palisades)

Mission Failed (Palisades)

Mission Failed (Palisades)

Mission Failed (Palisades)
Episode summary log written to examples/wildfire/data/scenarios/outputs/palisades_lr00075_563524/results_palisades_lr00075_17900_summary.csv

Mission Failed (Palisades)

Mission Failed (Palisades)

Mission Failed (Palisades)

Mission Failed (Palisades)

Mission Failed (Palisades)

Mission Failed (Palisades)

Mission Failed (Palisades)

Mission Failed (Palisades)

Mission Failed (Palisades)

Mission Completed (Palisades)

Mission Completed (Palisades)

Mission Failed (Palisades)

Mission Failed (Palisades)

Mission Completed (Palisades)

Mission Failed (Palisades)

Mission Failed (Palisades)

Mission Failed (Palisades)

Mission Failed (Palisades)

Mission Failed (Palisades)

Mission Failed (Palisades)
Per-step log written to examples/wildfire/data/scenarios/outputs/palisades_lr00075_563524/results_palisades_lr00075_18000_steps.csv
Decision-step log written to examples/wildfire/data/scenarios/outputs/palisades_lr00075_563524/results_palisades_lr00075_18000_decision_steps.csv
Episode summary log written to examples/wildfire/data/scenarios/outputs/palisades_lr00075_563524/results_palisades_lr00075_18000_summary.csv

Mission Failed (Palisades)

Mission Failed (Palisades)

Mission Completed (Palisades)

Mission Failed (Palisades)

Mission Completed (Palisades)

Mission Failed (Palisades)

Mission Failed (Palisades)

Mission Failed (Palisades)

Mission Failed (Palisades)

Mission Failed (Palisades)

Mission Failed (Palisades)

Mission Failed (Palisades)

Mission Completed (Palisades)

Mission Completed (Palisades)

Mission Failed (Palisades)

Mission Completed (Palisades)

Mission Failed (Palisades)

Mission Failed (Palisades)

Mission Failed (Palisades)

Mission Failed (Palisades)
-----------------------------------------
| time/                   |             |
|    fps                  | 33          |
|    iterations           | 72          |
|    time_elapsed         | 39115       |
|    total_timesteps      | 1327104     |
| train/                  |             |
|    approx_kl            | 0.010300816 |
|    clip_fraction        | 0.127       |
|    clip_range           | 0.2         |
|    entropy_loss         | -10.5       |
|    explained_variance   | 0.852       |
|    learning_rate        | 0.00024     |
|    loss                 | -0.014      |
|    n_updates            | 355         |
|    policy_gradient_loss | -0.0103     |
|    value_loss           | 0.0104      |
-----------------------------------------

Mission Failed (Palisades)

Mission Failed (Palisades)

Mission Failed (Palisades)

Mission Failed (Palisades)

Mission Failed (Palisades)

Mission Failed (Palisades)

Mission Failed (Palisades)

Mission Failed (Palisades)

Mission Failed (Palisades)

Mission Failed (Palisades)
Episode summary log written to examples/wildfire/data/scenarios/outputs/palisades_lr00075_563524/results_palisades_lr00075_18100_summary.csv

Mission Failed (Palisades)

Mission Failed (Palisades)

Mission Failed (Palisades)

Mission Failed (Palisades)

Mission Failed (Palisades)

Mission Failed (Palisades)

Mission Completed (Palisades)

Mission Failed (Palisades)

Mission Failed (Palisades)

Mission Failed (Palisades)

Mission Failed (Palisades)

Mission Failed (Palisades)

Mission Failed (Palisades)

Mission Failed (Palisades)

Mission Completed (Palisades)

Mission Failed (Palisades)

Mission Failed (Palisades)

Mission Failed (Palisades)

Mission Failed (Palisades)

Mission Failed (Palisades)

Mission Failed (Palisades)

Mission Failed (Palisades)

Mission Failed (Palisades)

Mission Failed (Palisades)

Mission Failed (Palisades)
Episode summary log written to examples/wildfire/data/scenarios/outputs/palisades_lr00075_563524/results_palisades_lr00075_18200_summary.csv

Mission Failed (Palisades)

Mission Completed (Palisades)

Mission Completed (Palisades)

Mission Failed (Palisades)

Mission Failed (Palisades)

Mission Failed (Palisades)

Mission Completed (Palisades)

Mission Failed (Palisades)

Mission Failed (Palisades)

Mission Completed (Palisades)

Mission Failed (Palisades)

Mission Completed (Palisades)

Mission Completed (Palisades)

Mission Failed (Palisades)

Mission Completed (Palisades)

Mission Completed (Palisades)

Mission Failed (Palisades)

Mission Failed (Palisades)

Mission Failed (Palisades)

Mission Failed (Palisades)

Mission Failed (Palisades)

Mission Failed (Palisades)

Mission Failed (Palisades)

Mission Failed (Palisades)

Mission Failed (Palisades)

Mission Failed (Palisades)

Mission Failed (Palisades)
Episode summary log written to examples/wildfire/data/scenarios/outputs/palisades_lr00075_563524/results_palisades_lr00075_18300_summary.csv

Mission Completed (Palisades)

Mission Failed (Palisades)

Mission Failed (Palisades)

Mission Failed (Palisades)

Mission Failed (Palisades)

Mission Failed (Palisades)

Mission Failed (Palisades)

Mission Completed (Palisades)

Mission Failed (Palisades)

Mission Completed (Palisades)

Mission Failed (Palisades)

Mission Failed (Palisades)
-----------------------------------------
| time/                   |             |
|    fps                  | 33          |
|    iterations           | 73          |
|    time_elapsed         | 39632       |
|    total_timesteps      | 1345536     |
| train/                  |             |
|    approx_kl            | 0.011896056 |
|    clip_fraction        | 0.137       |
|    clip_range           | 0.2         |
|    entropy_loss         | -10.5       |
|    explained_variance   | 0.844       |
|    learning_rate        | 0.000236    |
|    loss                 | -0.0152     |
|    n_updates            | 360         |
|    policy_gradient_loss | -0.0114     |
|    value_loss           | 0.011       |
-----------------------------------------

Mission Failed (Palisades)

Mission Failed (Palisades)

Mission Failed (Palisades)

Mission Failed (Palisades)

Mission Failed (Palisades)

Mission Failed (Palisades)

Mission Failed (Palisades)

Mission Failed (Palisades)

Mission Failed (Palisades)

Mission Failed (Palisades)

Mission Failed (Palisades)

Mission Failed (Palisades)

Mission Failed (Palisades)

Mission Failed (Palisades)

Mission Failed (Palisades)

Mission Failed (Palisades)

Mission Completed (Palisades)

Mission Failed (Palisades)

Mission Failed (Palisades)

Mission Failed (Palisades)

Mission Failed (Palisades)
Episode summary log written to examples/wildfire/data/scenarios/outputs/palisades_lr00075_563524/results_palisades_lr00075_18400_summary.csv

Mission Failed (Palisades)

Mission Failed (Palisades)

Mission Failed (Palisades)

Mission Failed (Palisades)

Mission Failed (Palisades)

Mission Failed (Palisades)

Mission Failed (Palisades)

Mission Failed (Palisades)

Mission Failed (Palisades)

Mission Failed (Palisades)

Mission Failed (Palisades)

Mission Failed (Palisades)

Mission Failed (Palisades)

Mission Failed (Palisades)

Mission Failed (Palisades)

Mission Failed (Palisades)

Mission Failed (Palisades)

Mission Failed (Palisades)

Mission Failed (Palisades)

Mission Failed (Palisades)

Mission Failed (Palisades)

Mission Completed (Palisades)

Mission Failed (Palisades)

Mission Failed (Palisades)

Mission Failed (Palisades)

Mission Failed (Palisades)

Mission Failed (Palisades)
Episode summary log written to examples/wildfire/data/scenarios/outputs/palisades_lr00075_563524/results_palisades_lr00075_18500_summary.csv

Mission Failed (Palisades)

Mission Failed (Palisades)

Mission Failed (Palisades)

Mission Failed (Palisades)

Mission Failed (Palisades)

Mission Completed (Palisades)

Mission Failed (Palisades)

Mission Failed (Palisades)

Mission Failed (Palisades)

Mission Failed (Palisades)

Mission Failed (Palisades)

Mission Failed (Palisades)

Mission Failed (Palisades)

Mission Failed (Palisades)

Mission Failed (Palisades)

Mission Completed (Palisades)

Mission Failed (Palisades)

Mission Failed (Palisades)

Mission Failed (Palisades)

Mission Failed (Palisades)

Mission Failed (Palisades)

Mission Failed (Palisades)

Mission Failed (Palisades)

Mission Failed (Palisades)

Mission Failed (Palisades)

Mission Failed (Palisades)

Mission Completed (Palisades)

Mission Failed (Palisades)

Mission Failed (Palisades)

Mission Completed (Palisades)

Mission Failed (Palisades)

Mission Failed (Palisades)
-----------------------------------------
| time/                   |             |
|    fps                  | 33          |
|    iterations           | 74          |
|    time_elapsed         | 40174       |
|    total_timesteps      | 1363968     |
| train/                  |             |
|    approx_kl            | 0.010336238 |
|    clip_fraction        | 0.119       |
|    clip_range           | 0.2         |
|    entropy_loss         | -10.5       |
|    explained_variance   | 0.848       |
|    learning_rate        | 0.000231    |
|    loss                 | -0.00908    |
|    n_updates            | 365         |
|    policy_gradient_loss | -0.0103     |
|    value_loss           | 0.0104      |
-----------------------------------------

Mission Completed (Palisades)

Mission Failed (Palisades)

Mission Failed (Palisades)
Episode summary log written to examples/wildfire/data/scenarios/outputs/palisades_lr00075_563524/results_palisades_lr00075_18600_summary.csv

Mission Failed (Palisades)

Mission Failed (Palisades)

Mission Failed (Palisades)

Mission Failed (Palisades)

Mission Failed (Palisades)

Mission Failed (Palisades)

Mission Failed (Palisades)

Mission Failed (Palisades)

Mission Failed (Palisades)

Mission Failed (Palisades)

Mission Failed (Palisades)

Mission Failed (Palisades)

Mission Failed (Palisades)

Mission Failed (Palisades)

Mission Failed (Palisades)

Mission Failed (Palisades)

Mission Failed (Palisades)

Mission Failed (Palisades)

Mission Failed (Palisades)

Mission Failed (Palisades)

Mission Completed (Palisades)

Mission Failed (Palisades)

Mission Failed (Palisades)

Mission Failed (Palisades)

Mission Failed (Palisades)

Mission Completed (Palisades)

Mission Failed (Palisades)

Mission Failed (Palisades)

Mission Failed (Palisades)

Mission Failed (Palisades)

Mission Completed (Palisades)

Mission Failed (Palisades)

Mission Failed (Palisades)

Mission Failed (Palisades)

Mission Failed (Palisades)

Mission Failed (Palisades)
Episode summary log written to examples/wildfire/data/scenarios/outputs/palisades_lr00075_563524/results_palisades_lr00075_18700_summary.csv

Mission Failed (Palisades)

Mission Failed (Palisades)

Mission Failed (Palisades)

Mission Failed (Palisades)

Mission Failed (Palisades)

Mission Completed (Palisades)

Mission Failed (Palisades)

Mission Failed (Palisades)

Mission Failed (Palisades)

Mission Failed (Palisades)

Mission Failed (Palisades)

Mission Completed (Palisades)

Mission Failed (Palisades)

Mission Failed (Palisades)

Mission Failed (Palisades)

Mission Completed (Palisades)

Mission Failed (Palisades)

Mission Failed (Palisades)

Mission Failed (Palisades)

Mission Failed (Palisades)

Mission Failed (Palisades)

Mission Failed (Palisades)

Mission Failed (Palisades)
Episode summary log written to examples/wildfire/data/scenarios/outputs/palisades_lr00075_563524/results_palisades_lr00075_18800_summary.csv

Mission Completed (Palisades)

Mission Failed (Palisades)

Mission Failed (Palisades)

Mission Completed (Palisades)

Mission Failed (Palisades)

Mission Failed (Palisades)

Mission Failed (Palisades)

Mission Failed (Palisades)

Mission Failed (Palisades)

Mission Completed (Palisades)

Mission Failed (Palisades)

Mission Failed (Palisades)

Mission Failed (Palisades)

Mission Failed (Palisades)

Mission Failed (Palisades)

Mission Failed (Palisades)

Mission Failed (Palisades)

Mission Completed (Palisades)

Mission Failed (Palisades)

Mission Failed (Palisades)

Mission Failed (Palisades)

Mission Failed (Palisades)
-----------------------------------------
| time/                   |             |
|    fps                  | 33          |
|    iterations           | 75          |
|    time_elapsed         | 40702       |
|    total_timesteps      | 1382400     |
| train/                  |             |
|    approx_kl            | 0.010234817 |
|    clip_fraction        | 0.111       |
|    clip_range           | 0.2         |
|    entropy_loss         | -10.5       |
|    explained_variance   | 0.856       |
|    learning_rate        | 0.000227    |
|    loss                 | -0.0131     |
|    n_updates            | 370         |
|    policy_gradient_loss | -0.0102     |
|    value_loss           | 0.0118      |
-----------------------------------------

Mission Failed (Palisades)

Mission Failed (Palisades)

Mission Completed (Palisades)

Mission Failed (Palisades)

Mission Completed (Palisades)

Mission Failed (Palisades)

Mission Failed (Palisades)

Mission Failed (Palisades)

Mission Completed (Palisades)
Episode summary log written to examples/wildfire/data/scenarios/outputs/palisades_lr00075_563524/results_palisades_lr00075_18900_summary.csv

Mission Failed (Palisades)

Mission Failed (Palisades)

Mission Failed (Palisades)

Mission Failed (Palisades)

Mission Failed (Palisades)

Mission Failed (Palisades)

Mission Failed (Palisades)

Mission Failed (Palisades)

Mission Failed (Palisades)

Mission Failed (Palisades)

Mission Failed (Palisades)

Mission Failed (Palisades)

Mission Failed (Palisades)

Mission Completed (Palisades)

Mission Failed (Palisades)

Mission Failed (Palisades)

Mission Failed (Palisades)

Mission Failed (Palisades)

Mission Failed (Palisades)

Mission Failed (Palisades)

Mission Failed (Palisades)

Mission Failed (Palisades)

Mission Failed (Palisades)

Mission Failed (Palisades)

Mission Completed (Palisades)

Mission Failed (Palisades)

Mission Failed (Palisades)

Mission Completed (Palisades)
Per-step log written to examples/wildfire/data/scenarios/outputs/palisades_lr00075_563524/results_palisades_lr00075_19000_steps.csv
Decision-step log written to examples/wildfire/data/scenarios/outputs/palisades_lr00075_563524/results_palisades_lr00075_19000_decision_steps.csv
Episode summary log written to examples/wildfire/data/scenarios/outputs/palisades_lr00075_563524/results_palisades_lr00075_19000_summary.csv

Mission Failed (Palisades)

Mission Failed (Palisades)

Mission Failed (Palisades)

Mission Failed (Palisades)

Mission Failed (Palisades)

Mission Failed (Palisades)

Mission Failed (Palisades)

Mission Failed (Palisades)

Mission Failed (Palisades)

Mission Failed (Palisades)

Mission Failed (Palisades)

Mission Failed (Palisades)

Mission Failed (Palisades)

Mission Failed (Palisades)

Mission Failed (Palisades)

Mission Failed (Palisades)

Mission Failed (Palisades)

Mission Failed (Palisades)

Mission Completed (Palisades)

Mission Failed (Palisades)

Mission Failed (Palisades)

Mission Failed (Palisades)

Mission Failed (Palisades)

Mission Failed (Palisades)

Mission Failed (Palisades)

Mission Completed (Palisades)

Mission Failed (Palisades)

Mission Failed (Palisades)

Mission Failed (Palisades)
Episode summary log written to examples/wildfire/data/scenarios/outputs/palisades_lr00075_563524/results_palisades_lr00075_19100_summary.csv

Mission Failed (Palisades)

Mission Failed (Palisades)

Mission Failed (Palisades)
-----------------------------------------
| time/                   |             |
|    fps                  | 33          |
|    iterations           | 76          |
|    time_elapsed         | 41231       |
|    total_timesteps      | 1400832     |
| train/                  |             |
|    approx_kl            | 0.010399188 |
|    clip_fraction        | 0.119       |
|    clip_range           | 0.2         |
|    entropy_loss         | -10.4       |
|    explained_variance   | 0.857       |
|    learning_rate        | 0.000222    |
|    loss                 | -0.0143     |
|    n_updates            | 375         |
|    policy_gradient_loss | -0.0108     |
|    value_loss           | 0.0106      |
-----------------------------------------

Mission Failed (Palisades)

Mission Failed (Palisades)

Mission Failed (Palisades)

Mission Failed (Palisades)

Mission Completed (Palisades)

Mission Failed (Palisades)

Mission Failed (Palisades)

Mission Failed (Palisades)

Mission Completed (Palisades)

Mission Failed (Palisades)

Mission Failed (Palisades)

Mission Failed (Palisades)

Mission Failed (Palisades)

Mission Completed (Palisades)

Mission Failed (Palisades)

Mission Failed (Palisades)

Mission Failed (Palisades)

Mission Failed (Palisades)

Mission Failed (Palisades)

Mission Failed (Palisades)

Mission Completed (Palisades)

Mission Failed (Palisades)

Mission Failed (Palisades)

Mission Completed (Palisades)
Episode summary log written to examples/wildfire/data/scenarios/outputs/palisades_lr00075_563524/results_palisades_lr00075_19200_summary.csv

Mission Failed (Palisades)

Mission Failed (Palisades)

Mission Failed (Palisades)

Mission Failed (Palisades)

Mission Failed (Palisades)

Mission Completed (Palisades)

Mission Failed (Palisades)

Mission Failed (Palisades)

Mission Failed (Palisades)

Mission Completed (Palisades)

Mission Failed (Palisades)

Mission Completed (Palisades)

Mission Failed (Palisades)

Mission Failed (Palisades)

Mission Failed (Palisades)

Mission Failed (Palisades)

Mission Completed (Palisades)

Mission Failed (Palisades)

Mission Failed (Palisades)

Mission Failed (Palisades)

Mission Failed (Palisades)

Mission Failed (Palisades)

Mission Failed (Palisades)

Mission Failed (Palisades)

Mission Failed (Palisades)

Mission Completed (Palisades)

Mission Completed (Palisades)

Mission Failed (Palisades)

Mission Failed (Palisades)

Mission Failed (Palisades)

Mission Failed (Palisades)

Mission Failed (Palisades)
Episode summary log written to examples/wildfire/data/scenarios/outputs/palisades_lr00075_563524/results_palisades_lr00075_19300_summary.csv

Mission Failed (Palisades)

Mission Failed (Palisades)

Mission Failed (Palisades)

Mission Completed (Palisades)

Mission Failed (Palisades)

Mission Failed (Palisades)

Mission Failed (Palisades)

Mission Failed (Palisades)

Mission Failed (Palisades)

Mission Failed (Palisades)

Mission Failed (Palisades)

Mission Failed (Palisades)

Mission Failed (Palisades)

Mission Failed (Palisades)

Mission Completed (Palisades)

Mission Failed (Palisades)

Mission Failed (Palisades)

Mission Failed (Palisades)

Mission Failed (Palisades)

Mission Failed (Palisades)

Mission Failed (Palisades)

Mission Failed (Palisades)

Mission Completed (Palisades)

Mission Completed (Palisades)

Mission Failed (Palisades)

Mission Failed (Palisades)
-----------------------------------------
| time/                   |             |
|    fps                  | 33          |
|    iterations           | 77          |
|    time_elapsed         | 41767       |
|    total_timesteps      | 1419264     |
| train/                  |             |
|    approx_kl            | 0.010672408 |
|    clip_fraction        | 0.125       |
|    clip_range           | 0.2         |
|    entropy_loss         | -10.4       |
|    explained_variance   | 0.861       |
|    learning_rate        | 0.000218    |
|    loss                 | -0.008      |
|    n_updates            | 380         |
|    policy_gradient_loss | -0.0106     |
|    value_loss           | 0.0102      |
-----------------------------------------

Mission Failed (Palisades)

Mission Completed (Palisades)
Episode summary log written to examples/wildfire/data/scenarios/outputs/palisades_lr00075_563524/results_palisades_lr00075_19400_summary.csv

Mission Completed (Palisades)

Mission Failed (Palisades)

Mission Failed (Palisades)

Mission Completed (Palisades)

Mission Failed (Palisades)

Mission Failed (Palisades)

Mission Failed (Palisades)

Mission Failed (Palisades)

Mission Failed (Palisades)

Mission Failed (Palisades)

Mission Failed (Palisades)

Mission Failed (Palisades)

Mission Failed (Palisades)

Mission Failed (Palisades)

Mission Failed (Palisades)

Mission Failed (Palisades)

Mission Failed (Palisades)

Mission Completed (Palisades)

Mission Failed (Palisades)

Mission Failed (Palisades)

Mission Failed (Palisades)

Mission Failed (Palisades)

Mission Failed (Palisades)

Mission Failed (Palisades)

Mission Completed (Palisades)

Mission Failed (Palisades)

Mission Completed (Palisades)

Mission Failed (Palisades)

Mission Failed (Palisades)

Mission Failed (Palisades)

Mission Failed (Palisades)

Mission Failed (Palisades)

Mission Completed (Palisades)

Mission Failed (Palisades)
Episode summary log written to examples/wildfire/data/scenarios/outputs/palisades_lr00075_563524/results_palisades_lr00075_19500_summary.csv

Mission Failed (Palisades)

Mission Failed (Palisades)

Mission Failed (Palisades)

Mission Failed (Palisades)

Mission Failed (Palisades)

Mission Completed (Palisades)

Mission Failed (Palisades)

Mission Failed (Palisades)

Mission Failed (Palisades)

Mission Failed (Palisades)

Mission Failed (Palisades)

Mission Failed (Palisades)

Mission Failed (Palisades)

Mission Failed (Palisades)

Mission Failed (Palisades)

Mission Failed (Palisades)

Mission Failed (Palisades)

Mission Completed (Palisades)

Mission Failed (Palisades)

Mission Failed (Palisades)

Mission Failed (Palisades)

Mission Failed (Palisades)

Mission Failed (Palisades)

Mission Failed (Palisades)

Mission Failed (Palisades)

Mission Failed (Palisades)

Mission Failed (Palisades)

Mission Failed (Palisades)

Mission Failed (Palisades)

Mission Failed (Palisades)

Mission Failed (Palisades)

Mission Failed (Palisades)
Episode summary log written to examples/wildfire/data/scenarios/outputs/palisades_lr00075_563524/results_palisades_lr00075_19600_summary.csv

Mission Failed (Palisades)

Mission Failed (Palisades)

Mission Completed (Palisades)

Mission Completed (Palisades)

Mission Failed (Palisades)

Mission Completed (Palisades)

Mission Failed (Palisades)

Mission Failed (Palisades)

Mission Failed (Palisades)

Mission Failed (Palisades)

Mission Failed (Palisades)

Mission Failed (Palisades)

Mission Failed (Palisades)

Mission Failed (Palisades)

Mission Failed (Palisades)

Mission Failed (Palisades)

Mission Failed (Palisades)

Mission Failed (Palisades)
-----------------------------------------
| time/                   |             |
|    fps                  | 34          |
|    iterations           | 78          |
|    time_elapsed         | 42284       |
|    total_timesteps      | 1437696     |
| train/                  |             |
|    approx_kl            | 0.010085928 |
|    clip_fraction        | 0.106       |
|    clip_range           | 0.2         |
|    entropy_loss         | -10.4       |
|    explained_variance   | 0.836       |
|    learning_rate        | 0.000213    |
|    loss                 | -0.014      |
|    n_updates            | 385         |
|    policy_gradient_loss | -0.0101     |
|    value_loss           | 0.0111      |
-----------------------------------------

Mission Failed (Palisades)

Mission Failed (Palisades)

Mission Failed (Palisades)

Mission Failed (Palisades)

Mission Failed (Palisades)

Mission Failed (Palisades)

Mission Failed (Palisades)

Mission Completed (Palisades)

Mission Failed (Palisades)

Mission Failed (Palisades)
Episode summary log written to examples/wildfire/data/scenarios/outputs/palisades_lr00075_563524/results_palisades_lr00075_19700_summary.csv

Mission Failed (Palisades)

Mission Failed (Palisades)

Mission Failed (Palisades)

Mission Completed (Palisades)

Mission Failed (Palisades)

Mission Completed (Palisades)

Mission Completed (Palisades)

Mission Failed (Palisades)

Mission Failed (Palisades)

Mission Completed (Palisades)

Mission Failed (Palisades)

Mission Failed (Palisades)

Mission Failed (Palisades)

Mission Failed (Palisades)

Mission Failed (Palisades)

Mission Failed (Palisades)

Mission Failed (Palisades)

Mission Failed (Palisades)

Mission Failed (Palisades)

Mission Failed (Palisades)

Mission Failed (Palisades)

Mission Failed (Palisades)

Mission Completed (Palisades)

Mission Failed (Palisades)

Mission Failed (Palisades)

Mission Failed (Palisades)

Mission Completed (Palisades)

Mission Completed (Palisades)

Mission Failed (Palisades)

Mission Completed (Palisades)

Mission Completed (Palisades)

Mission Completed (Palisades)
Episode summary log written to examples/wildfire/data/scenarios/outputs/palisades_lr00075_563524/results_palisades_lr00075_19800_summary.csv

Mission Failed (Palisades)

Mission Failed (Palisades)

Mission Failed (Palisades)

Mission Failed (Palisades)

Mission Failed (Palisades)

Mission Failed (Palisades)

Mission Failed (Palisades)

Mission Failed (Palisades)

Mission Failed (Palisades)

Mission Failed (Palisades)

Mission Failed (Palisades)

Mission Failed (Palisades)

Mission Failed (Palisades)

Mission Failed (Palisades)

Mission Failed (Palisades)

Mission Failed (Palisades)

Mission Failed (Palisades)

Mission Failed (Palisades)

Mission Failed (Palisades)

Mission Completed (Palisades)

Mission Completed (Palisades)

Mission Failed (Palisades)

Mission Failed (Palisades)

Mission Failed (Palisades)

Mission Failed (Palisades)

Mission Failed (Palisades)

Mission Failed (Palisades)

Mission Failed (Palisades)

Mission Failed (Palisades)

Mission Failed (Palisades)

Mission Failed (Palisades)

Mission Completed (Palisades)

Mission Failed (Palisades)
Episode summary log written to examples/wildfire/data/scenarios/outputs/palisades_lr00075_563524/results_palisades_lr00075_19900_summary.csv

Mission Failed (Palisades)

Mission Failed (Palisades)

Mission Failed (Palisades)

Mission Failed (Palisades)

Mission Failed (Palisades)

Mission Failed (Palisades)

Mission Failed (Palisades)
-----------------------------------------
| time/                   |             |
|    fps                  | 34          |
|    iterations           | 79          |
|    time_elapsed         | 42810       |
|    total_timesteps      | 1456128     |
| train/                  |             |
|    approx_kl            | 0.010571736 |
|    clip_fraction        | 0.116       |
|    clip_range           | 0.2         |
|    entropy_loss         | -10.4       |
|    explained_variance   | 0.881       |
|    learning_rate        | 0.000209    |
|    loss                 | -0.0128     |
|    n_updates            | 390         |
|    policy_gradient_loss | -0.0104     |
|    value_loss           | 0.00937     |
-----------------------------------------

Mission Failed (Palisades)

Mission Failed (Palisades)

Mission Failed (Palisades)

Mission Failed (Palisades)

Mission Failed (Palisades)

Mission Failed (Palisades)

Mission Failed (Palisades)

Mission Failed (Palisades)

Mission Failed (Palisades)

Mission Failed (Palisades)

Mission Failed (Palisades)

Mission Completed (Palisades)

Mission Failed (Palisades)

Mission Failed (Palisades)

Mission Failed (Palisades)

Mission Failed (Palisades)

Mission Failed (Palisades)

Mission Failed (Palisades)

Mission Failed (Palisades)

Mission Failed (Palisades)
Per-step log written to examples/wildfire/data/scenarios/outputs/palisades_lr00075_563524/results_palisades_lr00075_20000_steps.csv
Decision-step log written to examples/wildfire/data/scenarios/outputs/palisades_lr00075_563524/results_palisades_lr00075_20000_decision_steps.csv
Episode summary log written to examples/wildfire/data/scenarios/outputs/palisades_lr00075_563524/results_palisades_lr00075_20000_summary.csv

Mission Failed (Palisades)

Mission Failed (Palisades)

Mission Completed (Palisades)

Mission Failed (Palisades)

Mission Failed (Palisades)

Mission Failed (Palisades)

Mission Failed (Palisades)

Mission Completed (Palisades)

Mission Failed (Palisades)

Mission Failed (Palisades)

Mission Failed (Palisades)

Mission Failed (Palisades)

Mission Failed (Palisades)

Mission Failed (Palisades)

Mission Failed (Palisades)

Mission Failed (Palisades)

Mission Failed (Palisades)

Mission Failed (Palisades)

Mission Failed (Palisades)

Mission Failed (Palisades)

Mission Completed (Palisades)

Mission Failed (Palisades)

Mission Failed (Palisades)

Mission Failed (Palisades)
Episode summary log written to examples/wildfire/data/scenarios/outputs/palisades_lr00075_563524/results_palisades_lr00075_20100_summary.csv

Mission Failed (Palisades)

Mission Failed (Palisades)

Mission Failed (Palisades)

Mission Failed (Palisades)

Mission Failed (Palisades)

Mission Failed (Palisades)

Mission Failed (Palisades)

Mission Completed (Palisades)

Mission Failed (Palisades)

Mission Completed (Palisades)

Mission Failed (Palisades)

Mission Completed (Palisades)

Mission Failed (Palisades)

Mission Completed (Palisades)

Mission Failed (Palisades)

Mission Failed (Palisades)

Mission Failed (Palisades)

Mission Failed (Palisades)

Mission Failed (Palisades)

Mission Completed (Palisades)

Mission Failed (Palisades)

Mission Failed (Palisades)

Mission Failed (Palisades)

Mission Failed (Palisades)

Mission Failed (Palisades)

Mission Failed (Palisades)

Mission Failed (Palisades)

Mission Failed (Palisades)

Mission Failed (Palisades)

Mission Failed (Palisades)

Mission Failed (Palisades)

Mission Completed (Palisades)

Mission Failed (Palisades)
-----------------------------------------
| time/                   |             |
|    fps                  | 34          |
|    iterations           | 80          |
|    time_elapsed         | 43338       |
|    total_timesteps      | 1474560     |
| train/                  |             |
|    approx_kl            | 0.010698673 |
|    clip_fraction        | 0.124       |
|    clip_range           | 0.2         |
|    entropy_loss         | -10.4       |
|    explained_variance   | 0.858       |
|    learning_rate        | 0.000204    |
|    loss                 | -0.00771    |
|    n_updates            | 395         |
|    policy_gradient_loss | -0.0103     |
|    value_loss           | 0.0104      |
-----------------------------------------

Mission Completed (Palisades)
Episode summary log written to examples/wildfire/data/scenarios/outputs/palisades_lr00075_563524/results_palisades_lr00075_20200_summary.csv

Mission Failed (Palisades)

Mission Completed (Palisades)

Mission Failed (Palisades)

Mission Failed (Palisades)

Mission Failed (Palisades)

Mission Failed (Palisades)

Mission Failed (Palisades)

Mission Failed (Palisades)

Mission Completed (Palisades)

Mission Failed (Palisades)

Mission Failed (Palisades)

Mission Failed (Palisades)

Mission Failed (Palisades)

Mission Completed (Palisades)

Mission Failed (Palisades)

Mission Failed (Palisades)

Mission Completed (Palisades)

Mission Failed (Palisades)

Mission Failed (Palisades)

Mission Failed (Palisades)

Mission Failed (Palisades)

Mission Failed (Palisades)

Mission Failed (Palisades)

Mission Failed (Palisades)

Mission Failed (Palisades)

Mission Failed (Palisades)

Mission Failed (Palisades)

Mission Failed (Palisades)
Episode summary log written to examples/wildfire/data/scenarios/outputs/palisades_lr00075_563524/results_palisades_lr00075_20300_summary.csv

Mission Completed (Palisades)

Mission Completed (Palisades)

Mission Failed (Palisades)

Mission Failed (Palisades)

Mission Failed (Palisades)

Mission Failed (Palisades)

Mission Failed (Palisades)

Mission Failed (Palisades)

Mission Failed (Palisades)

Mission Failed (Palisades)

Mission Failed (Palisades)

Mission Completed (Palisades)

Mission Failed (Palisades)

Mission Failed (Palisades)

Mission Failed (Palisades)

Mission Failed (Palisades)

Mission Failed (Palisades)

Mission Failed (Palisades)

Mission Failed (Palisades)

Mission Failed (Palisades)

Mission Failed (Palisades)

Mission Failed (Palisades)

Mission Failed (Palisades)

Mission Failed (Palisades)

Mission Completed (Palisades)

Mission Completed (Palisades)

Mission Failed (Palisades)

Mission Failed (Palisades)

Mission Completed (Palisades)

Mission Failed (Palisades)

Mission Failed (Palisades)
Episode summary log written to examples/wildfire/data/scenarios/outputs/palisades_lr00075_563524/results_palisades_lr00075_20400_summary.csv

Mission Failed (Palisades)

Mission Failed (Palisades)

Mission Failed (Palisades)

Mission Failed (Palisades)

Mission Completed (Palisades)

Mission Failed (Palisades)

Mission Completed (Palisades)

Mission Failed (Palisades)

Mission Completed (Palisades)

Mission Failed (Palisades)

Mission Failed (Palisades)

Mission Completed (Palisades)

Mission Failed (Palisades)

Mission Failed (Palisades)

Mission Failed (Palisades)

Mission Failed (Palisades)

Mission Failed (Palisades)

Mission Failed (Palisades)

Mission Failed (Palisades)

Mission Completed (Palisades)

Mission Failed (Palisades)

Mission Failed (Palisades)
-----------------------------------------
| time/                   |             |
|    fps                  | 34          |
|    iterations           | 81          |
|    time_elapsed         | 43865       |
|    total_timesteps      | 1492992     |
| train/                  |             |
|    approx_kl            | 0.009643682 |
|    clip_fraction        | 0.106       |
|    clip_range           | 0.2         |
|    entropy_loss         | -10.4       |
|    explained_variance   | 0.836       |
|    learning_rate        | 0.000199    |
|    loss                 | -0.00725    |
|    n_updates            | 400         |
|    policy_gradient_loss | -0.0112     |
|    value_loss           | 0.0114      |
-----------------------------------------

Mission Failed (Palisades)

Mission Failed (Palisades)

Mission Failed (Palisades)

Mission Failed (Palisades)

Mission Failed (Palisades)

Mission Failed (Palisades)

Mission Failed (Palisades)
Episode summary log written to examples/wildfire/data/scenarios/outputs/palisades_lr00075_563524/results_palisades_lr00075_20500_summary.csv

Mission Failed (Palisades)

Mission Failed (Palisades)

Mission Failed (Palisades)

Mission Failed (Palisades)

Mission Failed (Palisades)

Mission Failed (Palisades)

Mission Completed (Palisades)

Mission Failed (Palisades)

Mission Failed (Palisades)

Mission Failed (Palisades)

Mission Failed (Palisades)

Mission Failed (Palisades)

Mission Completed (Palisades)

Mission Failed (Palisades)

Mission Completed (Palisades)

Mission Failed (Palisades)

Mission Failed (Palisades)

Mission Failed (Palisades)

Mission Failed (Palisades)

Mission Failed (Palisades)

Mission Failed (Palisades)

Mission Failed (Palisades)

Mission Failed (Palisades)

Mission Failed (Palisades)

Mission Completed (Palisades)

Mission Failed (Palisades)

Mission Failed (Palisades)

Mission Failed (Palisades)

Mission Completed (Palisades)
Episode summary log written to examples/wildfire/data/scenarios/outputs/palisades_lr00075_563524/results_palisades_lr00075_20600_summary.csv

Mission Failed (Palisades)

Mission Failed (Palisades)

Mission Failed (Palisades)

Mission Failed (Palisades)

Mission Failed (Palisades)

Mission Failed (Palisades)

Mission Completed (Palisades)

Mission Failed (Palisades)

Mission Failed (Palisades)

Mission Failed (Palisades)

Mission Failed (Palisades)

Mission Failed (Palisades)

Mission Failed (Palisades)

Mission Failed (Palisades)

Mission Failed (Palisades)

Mission Completed (Palisades)

Mission Failed (Palisades)

Mission Failed (Palisades)

Mission Failed (Palisades)

Mission Failed (Palisades)

Mission Failed (Palisades)

Mission Completed (Palisades)

Mission Failed (Palisades)

Mission Failed (Palisades)

Mission Failed (Palisades)

Mission Failed (Palisades)
Episode summary log written to examples/wildfire/data/scenarios/outputs/palisades_lr00075_563524/results_palisades_lr00075_20700_summary.csv

Mission Failed (Palisades)

Mission Failed (Palisades)

Mission Failed (Palisades)

Mission Completed (Palisades)

Mission Failed (Palisades)

Mission Failed (Palisades)
-----------------------------------------
| time/                   |             |
|    fps                  | 34          |
|    iterations           | 82          |
|    time_elapsed         | 44388       |
|    total_timesteps      | 1511424     |
| train/                  |             |
|    approx_kl            | 0.010589379 |
|    clip_fraction        | 0.109       |
|    clip_range           | 0.2         |
|    entropy_loss         | -10.3       |
|    explained_variance   | 0.855       |
|    learning_rate        | 0.000194    |
|    loss                 | -0.0148     |
|    n_updates            | 405         |
|    policy_gradient_loss | -0.0111     |
|    value_loss           | 0.01        |
-----------------------------------------

Mission Failed (Palisades)

Mission Failed (Palisades)

Mission Completed (Palisades)

Mission Failed (Palisades)

Mission Completed (Palisades)

Mission Failed (Palisades)

Mission Failed (Palisades)

Mission Failed (Palisades)

Mission Failed (Palisades)

Mission Failed (Palisades)

Mission Failed (Palisades)

Mission Failed (Palisades)

Mission Failed (Palisades)

Mission Failed (Palisades)

Mission Failed (Palisades)

Mission Failed (Palisades)

Mission Failed (Palisades)

Mission Failed (Palisades)

Mission Failed (Palisades)

Mission Failed (Palisades)

Mission Failed (Palisades)

Mission Failed (Palisades)

Mission Failed (Palisades)

Mission Failed (Palisades)

Mission Failed (Palisades)

Mission Failed (Palisades)

Mission Failed (Palisades)
Episode summary log written to examples/wildfire/data/scenarios/outputs/palisades_lr00075_563524/results_palisades_lr00075_20800_summary.csv

Mission Failed (Palisades)

Mission Failed (Palisades)

Mission Completed (Palisades)

Mission Failed (Palisades)

Mission Failed (Palisades)

Mission Failed (Palisades)

Mission Failed (Palisades)

Mission Failed (Palisades)

Mission Failed (Palisades)

Mission Failed (Palisades)

Mission Failed (Palisades)

Mission Failed (Palisades)

Mission Failed (Palisades)

Mission Completed (Palisades)

Mission Failed (Palisades)

Mission Failed (Palisades)

Mission Completed (Palisades)

Mission Failed (Palisades)

Mission Failed (Palisades)

Mission Failed (Palisades)

Mission Failed (Palisades)

Mission Failed (Palisades)

Mission Failed (Palisades)

Mission Failed (Palisades)

Mission Failed (Palisades)

Mission Failed (Palisades)

Mission Failed (Palisades)

Mission Completed (Palisades)

Mission Failed (Palisades)

Mission Failed (Palisades)
Episode summary log written to examples/wildfire/data/scenarios/outputs/palisades_lr00075_563524/results_palisades_lr00075_20900_summary.csv

Mission Failed (Palisades)

Mission Completed (Palisades)

Mission Completed (Palisades)

Mission Failed (Palisades)

Mission Failed (Palisades)

Mission Failed (Palisades)

Mission Failed (Palisades)

Mission Failed (Palisades)

Mission Failed (Palisades)

Mission Failed (Palisades)

Mission Completed (Palisades)

Mission Failed (Palisades)

Mission Failed (Palisades)

Mission Failed (Palisades)

Mission Completed (Palisades)

Mission Failed (Palisades)

Mission Failed (Palisades)

Mission Failed (Palisades)

Mission Failed (Palisades)

Mission Failed (Palisades)

Mission Failed (Palisades)

Mission Failed (Palisades)

Mission Failed (Palisades)

Mission Failed (Palisades)

Mission Failed (Palisades)

Mission Failed (Palisades)
Per-step log written to examples/wildfire/data/scenarios/outputs/palisades_lr00075_563524/results_palisades_lr00075_21000_steps.csv
Decision-step log written to examples/wildfire/data/scenarios/outputs/palisades_lr00075_563524/results_palisades_lr00075_21000_decision_steps.csv
Episode summary log written to examples/wildfire/data/scenarios/outputs/palisades_lr00075_563524/results_palisades_lr00075_21000_summary.csv

Mission Failed (Palisades)
-----------------------------------------
| time/                   |             |
|    fps                  | 34          |
|    iterations           | 83          |
|    time_elapsed         | 44921       |
|    total_timesteps      | 1529856     |
| train/                  |             |
|    approx_kl            | 0.010396779 |
|    clip_fraction        | 0.112       |
|    clip_range           | 0.2         |
|    entropy_loss         | -10.3       |
|    explained_variance   | 0.849       |
|    learning_rate        | 0.00019     |
|    loss                 | -0.0137     |
|    n_updates            | 410         |
|    policy_gradient_loss | -0.0105     |
|    value_loss           | 0.011       |
-----------------------------------------

Mission Completed (Palisades)

Mission Failed (Palisades)

Mission Failed (Palisades)

Mission Failed (Palisades)

Mission Failed (Palisades)

Mission Failed (Palisades)

Mission Failed (Palisades)

Mission Failed (Palisades)

Mission Failed (Palisades)

Mission Completed (Palisades)

Mission Failed (Palisades)

Mission Failed (Palisades)

Mission Completed (Palisades)

Mission Failed (Palisades)

Mission Failed (Palisades)

Mission Failed (Palisades)

Mission Failed (Palisades)

Mission Failed (Palisades)

Mission Completed (Palisades)

Mission Failed (Palisades)

Mission Failed (Palisades)

Mission Failed (Palisades)

Mission Failed (Palisades)

Mission Failed (Palisades)

Mission Failed (Palisades)
Episode summary log written to examples/wildfire/data/scenarios/outputs/palisades_lr00075_563524/results_palisades_lr00075_21100_summary.csv

Mission Failed (Palisades)

Mission Failed (Palisades)

Mission Failed (Palisades)

Mission Failed (Palisades)

Mission Failed (Palisades)

Mission Failed (Palisades)

Mission Failed (Palisades)

Mission Failed (Palisades)

Mission Failed (Palisades)

Mission Failed (Palisades)

Mission Failed (Palisades)

Mission Failed (Palisades)

Mission Failed (Palisades)

Mission Failed (Palisades)

Mission Failed (Palisades)

Mission Failed (Palisades)

Mission Failed (Palisades)

Mission Failed (Palisades)

Mission Failed (Palisades)

Mission Failed (Palisades)

Mission Failed (Palisades)

Mission Failed (Palisades)

Mission Failed (Palisades)

Mission Failed (Palisades)

Mission Failed (Palisades)

Mission Failed (Palisades)

Mission Failed (Palisades)

Mission Failed (Palisades)

Mission Completed (Palisades)

Mission Failed (Palisades)

Mission Failed (Palisades)

Mission Failed (Palisades)

Mission Failed (Palisades)

Mission Failed (Palisades)

Mission Failed (Palisades)

Mission Failed (Palisades)

Mission Failed (Palisades)

Mission Failed (Palisades)
Episode summary log written to examples/wildfire/data/scenarios/outputs/palisades_lr00075_563524/results_palisades_lr00075_21200_summary.csv

Mission Failed (Palisades)

Mission Failed (Palisades)

Mission Failed (Palisades)

Mission Completed (Palisades)

Mission Failed (Palisades)

Mission Completed (Palisades)

Mission Failed (Palisades)

Mission Completed (Palisades)

Mission Failed (Palisades)

Mission Failed (Palisades)

Mission Failed (Palisades)

Mission Failed (Palisades)

Mission Failed (Palisades)

Mission Failed (Palisades)

Mission Failed (Palisades)

Mission Failed (Palisades)

Mission Failed (Palisades)
-----------------------------------------
| time/                   |             |
|    fps                  | 34          |
|    iterations           | 84          |
|    time_elapsed         | 45475       |
|    total_timesteps      | 1548288     |
| train/                  |             |
|    approx_kl            | 0.010746653 |
|    clip_fraction        | 0.114       |
|    clip_range           | 0.2         |
|    entropy_loss         | -10.3       |
|    explained_variance   | 0.849       |
|    learning_rate        | 0.000185    |
|    loss                 | -0.00745    |
|    n_updates            | 415         |
|    policy_gradient_loss | -0.0112     |
|    value_loss           | 0.0111      |
-----------------------------------------

Mission Failed (Palisades)

Mission Completed (Palisades)

Mission Failed (Palisades)
Episode summary log written to examples/wildfire/data/scenarios/outputs/palisades_lr00075_563524/results_palisades_lr00075_21300_summary.csv

Mission Failed (Palisades)

Mission Failed (Palisades)

Mission Failed (Palisades)

Mission Failed (Palisades)

Mission Failed (Palisades)

Mission Failed (Palisades)

Mission Failed (Palisades)

Mission Failed (Palisades)

Mission Completed (Palisades)

Mission Failed (Palisades)

Mission Completed (Palisades)

Mission Failed (Palisades)

Mission Failed (Palisades)

Mission Failed (Palisades)

Mission Failed (Palisades)

Mission Failed (Palisades)

Mission Failed (Palisades)

Mission Failed (Palisades)

Mission Completed (Palisades)

Mission Failed (Palisades)

Mission Completed (Palisades)

Mission Failed (Palisades)

Mission Failed (Palisades)
Episode summary log written to examples/wildfire/data/scenarios/outputs/palisades_lr00075_563524/results_palisades_lr00075_21400_summary.csv

Mission Failed (Palisades)

Mission Failed (Palisades)

Mission Failed (Palisades)

Mission Failed (Palisades)

Mission Failed (Palisades)

Mission Failed (Palisades)

Mission Failed (Palisades)

Mission Failed (Palisades)

Mission Completed (Palisades)

Mission Failed (Palisades)

Mission Failed (Palisades)

Mission Failed (Palisades)

Mission Failed (Palisades)

Mission Failed (Palisades)

Mission Failed (Palisades)

Mission Failed (Palisades)

Mission Failed (Palisades)

Mission Failed (Palisades)

Mission Failed (Palisades)

Mission Failed (Palisades)

Mission Failed (Palisades)

Mission Failed (Palisades)

Mission Failed (Palisades)

Mission Failed (Palisades)

Mission Failed (Palisades)

Mission Failed (Palisades)

Mission Failed (Palisades)

Mission Failed (Palisades)

Mission Failed (Palisades)

Mission Failed (Palisades)
Episode summary log written to examples/wildfire/data/scenarios/outputs/palisades_lr00075_563524/results_palisades_lr00075_21500_summary.csv

Mission Failed (Palisades)

Mission Failed (Palisades)

Mission Failed (Palisades)

Mission Failed (Palisades)

Mission Failed (Palisades)

Mission Failed (Palisades)

Mission Failed (Palisades)

Mission Failed (Palisades)

Mission Completed (Palisades)

Mission Failed (Palisades)

Mission Completed (Palisades)

Mission Completed (Palisades)

Mission Failed (Palisades)

Mission Completed (Palisades)
-----------------------------------------
| time/                   |             |
|    fps                  | 34          |
|    iterations           | 85          |
|    time_elapsed         | 46006       |
|    total_timesteps      | 1566720     |
| train/                  |             |
|    approx_kl            | 0.010050971 |
|    clip_fraction        | 0.109       |
|    clip_range           | 0.2         |
|    entropy_loss         | -10.3       |
|    explained_variance   | 0.846       |
|    learning_rate        | 0.00018     |
|    loss                 | -0.0111     |
|    n_updates            | 420         |
|    policy_gradient_loss | -0.0114     |
|    value_loss           | 0.0117      |
-----------------------------------------

Mission Failed (Palisades)

Mission Completed (Palisades)

Mission Failed (Palisades)

Mission Failed (Palisades)

Mission Failed (Palisades)

Mission Failed (Palisades)

Mission Failed (Palisades)

Mission Failed (Palisades)

Mission Failed (Palisades)

Mission Failed (Palisades)

Mission Failed (Palisades)

Mission Failed (Palisades)

Mission Failed (Palisades)

Mission Failed (Palisades)
Episode summary log written to examples/wildfire/data/scenarios/outputs/palisades_lr00075_563524/results_palisades_lr00075_21600_summary.csv

Mission Failed (Palisades)

Mission Failed (Palisades)

Mission Failed (Palisades)

Mission Failed (Palisades)

Mission Failed (Palisades)

Mission Failed (Palisades)

Mission Failed (Palisades)

Mission Failed (Palisades)

Mission Failed (Palisades)

Mission Failed (Palisades)

Mission Failed (Palisades)

Mission Completed (Palisades)

Mission Failed (Palisades)

Mission Failed (Palisades)

Mission Failed (Palisades)

Mission Failed (Palisades)

Mission Failed (Palisades)

Mission Failed (Palisades)

Mission Failed (Palisades)

Mission Failed (Palisades)

Mission Failed (Palisades)

Mission Failed (Palisades)

Mission Failed (Palisades)

Mission Failed (Palisades)

Mission Failed (Palisades)

Mission Failed (Palisades)

Mission Failed (Palisades)
Episode summary log written to examples/wildfire/data/scenarios/outputs/palisades_lr00075_563524/results_palisades_lr00075_21700_summary.csv

Mission Failed (Palisades)

Mission Failed (Palisades)

Mission Failed (Palisades)

Mission Failed (Palisades)

Mission Completed (Palisades)

Mission Failed (Palisades)

Mission Failed (Palisades)

Mission Failed (Palisades)

Mission Failed (Palisades)

Mission Failed (Palisades)

Mission Failed (Palisades)

Mission Failed (Palisades)

Mission Failed (Palisades)

Mission Completed (Palisades)

Mission Failed (Palisades)

Mission Failed (Palisades)

Mission Failed (Palisades)

Mission Completed (Palisades)

Mission Failed (Palisades)

Mission Completed (Palisades)

Mission Failed (Palisades)

Mission Failed (Palisades)

Mission Failed (Palisades)

Mission Failed (Palisades)

Mission Failed (Palisades)

Mission Failed (Palisades)

Mission Failed (Palisades)

Mission Failed (Palisades)

Mission Failed (Palisades)

Mission Failed (Palisades)
Episode summary log written to examples/wildfire/data/scenarios/outputs/palisades_lr00075_563524/results_palisades_lr00075_21800_summary.csv

Mission Failed (Palisades)

Mission Failed (Palisades)

Mission Failed (Palisades)

Mission Failed (Palisades)

Mission Failed (Palisades)

Mission Failed (Palisades)

Mission Failed (Palisades)

Mission Failed (Palisades)

Mission Failed (Palisades)

Mission Failed (Palisades)

Mission Completed (Palisades)
-----------------------------------------
| time/                   |             |
|    fps                  | 34          |
|    iterations           | 86          |
|    time_elapsed         | 46530       |
|    total_timesteps      | 1585152     |
| train/                  |             |
|    approx_kl            | 0.009965924 |
|    clip_fraction        | 0.0984      |
|    clip_range           | 0.2         |
|    entropy_loss         | -10.3       |
|    explained_variance   | 0.845       |
|    learning_rate        | 0.000175    |
|    loss                 | -0.00229    |
|    n_updates            | 425         |
|    policy_gradient_loss | -0.00986    |
|    value_loss           | 0.011       |
-----------------------------------------

Mission Failed (Palisades)

Mission Failed (Palisades)

Mission Failed (Palisades)

Mission Failed (Palisades)

Mission Completed (Palisades)

Mission Failed (Palisades)

Mission Completed (Palisades)

Mission Failed (Palisades)

Mission Failed (Palisades)

Mission Failed (Palisades)

Mission Failed (Palisades)

Mission Failed (Palisades)

Mission Failed (Palisades)
Episode summary log written to examples/wildfire/data/scenarios/outputs/palisades_lr00075_563524/results_palisades_lr00075_21900_summary.csv

Mission Completed (Palisades)

Mission Failed (Palisades)

Mission Failed (Palisades)

Mission Failed (Palisades)

Mission Failed (Palisades)

Mission Completed (Palisades)

Mission Completed (Palisades)

Mission Completed (Palisades)

Mission Failed (Palisades)

Mission Completed (Palisades)

Mission Completed (Palisades)

Mission Failed (Palisades)

Mission Failed (Palisades)

Mission Failed (Palisades)

Mission Failed (Palisades)

Mission Failed (Palisades)

Mission Failed (Palisades)

Mission Failed (Palisades)

Mission Failed (Palisades)

Mission Failed (Palisades)

Mission Failed (Palisades)

Mission Completed (Palisades)

Mission Failed (Palisades)

Mission Failed (Palisades)

Mission Failed (Palisades)

Mission Failed (Palisades)

Mission Failed (Palisades)

Mission Failed (Palisades)

Mission Failed (Palisades)

Mission Failed (Palisades)

Mission Failed (Palisades)

Mission Failed (Palisades)
Per-step log written to examples/wildfire/data/scenarios/outputs/palisades_lr00075_563524/results_palisades_lr00075_22000_steps.csv
Decision-step log written to examples/wildfire/data/scenarios/outputs/palisades_lr00075_563524/results_palisades_lr00075_22000_decision_steps.csv
Episode summary log written to examples/wildfire/data/scenarios/outputs/palisades_lr00075_563524/results_palisades_lr00075_22000_summary.csv

Mission Completed (Palisades)

Mission Failed (Palisades)

Mission Completed (Palisades)

Mission Failed (Palisades)

Mission Failed (Palisades)

Mission Failed (Palisades)

Mission Failed (Palisades)

Mission Failed (Palisades)

Mission Completed (Palisades)

Mission Failed (Palisades)

Mission Failed (Palisades)

Mission Failed (Palisades)

Mission Failed (Palisades)

Mission Failed (Palisades)

Mission Failed (Palisades)

Mission Failed (Palisades)

Mission Failed (Palisades)

Mission Failed (Palisades)

Mission Failed (Palisades)

Mission Failed (Palisades)

Mission Failed (Palisades)

Mission Completed (Palisades)

Mission Failed (Palisades)

Mission Failed (Palisades)

Mission Completed (Palisades)

Mission Failed (Palisades)

Mission Failed (Palisades)

Mission Completed (Palisades)

Mission Completed (Palisades)
------------------------------------------
| time/                   |              |
|    fps                  | 34           |
|    iterations           | 87           |
|    time_elapsed         | 47077        |
|    total_timesteps      | 1603584      |
| train/                  |              |
|    approx_kl            | 0.0096472455 |
|    clip_fraction        | 0.0939       |
|    clip_range           | 0.2          |
|    entropy_loss         | -10.2        |
|    explained_variance   | 0.857        |
|    learning_rate        | 0.00017      |
|    loss                 | -0.00895     |
|    n_updates            | 430          |
|    policy_gradient_loss | -0.0106      |
|    value_loss           | 0.00967      |
------------------------------------------

Mission Failed (Palisades)
Episode summary log written to examples/wildfire/data/scenarios/outputs/palisades_lr00075_563524/results_palisades_lr00075_22100_summary.csv

Mission Failed (Palisades)

Mission Failed (Palisades)

Mission Failed (Palisades)

Mission Failed (Palisades)

Mission Failed (Palisades)

Mission Failed (Palisades)

Mission Failed (Palisades)

Mission Failed (Palisades)

Mission Completed (Palisades)

Mission Failed (Palisades)

Mission Failed (Palisades)

Mission Failed (Palisades)

Mission Failed (Palisades)

Mission Failed (Palisades)

Mission Failed (Palisades)

Mission Failed (Palisades)

Mission Completed (Palisades)

Mission Failed (Palisades)

Mission Failed (Palisades)

Mission Failed (Palisades)

Mission Completed (Palisades)

Mission Failed (Palisades)

Mission Failed (Palisades)

Mission Failed (Palisades)

Mission Failed (Palisades)

Mission Failed (Palisades)

Mission Failed (Palisades)

Mission Failed (Palisades)

Mission Completed (Palisades)

Mission Failed (Palisades)

Mission Failed (Palisades)

Mission Failed (Palisades)

Mission Failed (Palisades)
Episode summary log written to examples/wildfire/data/scenarios/outputs/palisades_lr00075_563524/results_palisades_lr00075_22200_summary.csv

Mission Failed (Palisades)

Mission Failed (Palisades)

Mission Failed (Palisades)

Mission Failed (Palisades)

Mission Failed (Palisades)

Mission Completed (Palisades)

Mission Completed (Palisades)

Mission Failed (Palisades)

Mission Completed (Palisades)

Mission Completed (Palisades)

Mission Failed (Palisades)

Mission Completed (Palisades)

Mission Failed (Palisades)

Mission Failed (Palisades)

Mission Completed (Palisades)

Mission Failed (Palisades)

Mission Failed (Palisades)

Mission Failed (Palisades)

Mission Completed (Palisades)

Mission Failed (Palisades)

Mission Completed (Palisades)

Mission Failed (Palisades)

Mission Completed (Palisades)

Mission Failed (Palisades)

Mission Failed (Palisades)

Mission Failed (Palisades)

Mission Failed (Palisades)

Mission Failed (Palisades)

Mission Failed (Palisades)

Mission Failed (Palisades)

Mission Failed (Palisades)

Mission Failed (Palisades)

Mission Completed (Palisades)

Mission Completed (Palisades)

Mission Failed (Palisades)

Mission Failed (Palisades)

Mission Failed (Palisades)
Episode summary log written to examples/wildfire/data/scenarios/outputs/palisades_lr00075_563524/results_palisades_lr00075_22300_summary.csv

Mission Failed (Palisades)

Mission Failed (Palisades)

Mission Failed (Palisades)

Mission Failed (Palisades)

Mission Completed (Palisades)

Mission Failed (Palisades)

Mission Failed (Palisades)

Mission Failed (Palisades)

Mission Failed (Palisades)

Mission Failed (Palisades)

Mission Failed (Palisades)

Mission Failed (Palisades)

Mission Completed (Palisades)

Mission Completed (Palisades)

Mission Failed (Palisades)

Mission Completed (Palisades)

Mission Failed (Palisades)

Mission Failed (Palisades)

Mission Failed (Palisades)

Mission Failed (Palisades)

Mission Failed (Palisades)

Mission Failed (Palisades)

Mission Failed (Palisades)

Mission Failed (Palisades)
-----------------------------------------
| time/                   |             |
|    fps                  | 34          |
|    iterations           | 88          |
|    time_elapsed         | 47617       |
|    total_timesteps      | 1622016     |
| train/                  |             |
|    approx_kl            | 0.009465604 |
|    clip_fraction        | 0.1         |
|    clip_range           | 0.2         |
|    entropy_loss         | -10.2       |
|    explained_variance   | 0.852       |
|    learning_rate        | 0.000165    |
|    loss                 | -0.0101     |
|    n_updates            | 435         |
|    policy_gradient_loss | -0.0108     |
|    value_loss           | 0.0104      |
-----------------------------------------

Mission Failed (Palisades)

Mission Failed (Palisades)

Mission Failed (Palisades)

Mission Failed (Palisades)

Mission Failed (Palisades)

Mission Failed (Palisades)

Mission Failed (Palisades)
Episode summary log written to examples/wildfire/data/scenarios/outputs/palisades_lr00075_563524/results_palisades_lr00075_22400_summary.csv

Mission Completed (Palisades)

Mission Failed (Palisades)

Mission Failed (Palisades)

Mission Failed (Palisades)

Mission Failed (Palisades)

Mission Failed (Palisades)

Mission Failed (Palisades)

Mission Failed (Palisades)

Mission Failed (Palisades)

Mission Failed (Palisades)

Mission Failed (Palisades)

Mission Failed (Palisades)

Mission Completed (Palisades)

Mission Failed (Palisades)

Mission Failed (Palisades)

Mission Failed (Palisades)

Mission Failed (Palisades)

Mission Completed (Palisades)

Mission Failed (Palisades)

Mission Completed (Palisades)

Mission Failed (Palisades)

Mission Failed (Palisades)

Mission Failed (Palisades)
Episode summary log written to examples/wildfire/data/scenarios/outputs/palisades_lr00075_563524/results_palisades_lr00075_22500_summary.csv

Mission Failed (Palisades)

Mission Failed (Palisades)

Mission Failed (Palisades)

Mission Failed (Palisades)

Mission Failed (Palisades)

Mission Failed (Palisades)

Mission Failed (Palisades)

Mission Failed (Palisades)

Mission Failed (Palisades)

Mission Failed (Palisades)

Mission Failed (Palisades)

Mission Failed (Palisades)

Mission Failed (Palisades)

Mission Failed (Palisades)

Mission Failed (Palisades)

Mission Failed (Palisades)

Mission Failed (Palisades)

Mission Failed (Palisades)

Mission Failed (Palisades)

Mission Failed (Palisades)

Mission Failed (Palisades)

Mission Failed (Palisades)

Mission Failed (Palisades)

Mission Failed (Palisades)

Mission Failed (Palisades)

Mission Failed (Palisades)

Mission Failed (Palisades)
Episode summary log written to examples/wildfire/data/scenarios/outputs/palisades_lr00075_563524/results_palisades_lr00075_22600_summary.csv

Mission Completed (Palisades)

Mission Completed (Palisades)

Mission Failed (Palisades)

Mission Failed (Palisades)

Mission Failed (Palisades)

Mission Failed (Palisades)

Mission Failed (Palisades)
-----------------------------------------
| time/                   |             |
|    fps                  | 34          |
|    iterations           | 89          |
|    time_elapsed         | 48153       |
|    total_timesteps      | 1640448     |
| train/                  |             |
|    approx_kl            | 0.010155563 |
|    clip_fraction        | 0.104       |
|    clip_range           | 0.2         |
|    entropy_loss         | -10.2       |
|    explained_variance   | 0.847       |
|    learning_rate        | 0.000159    |
|    loss                 | -0.00643    |
|    n_updates            | 440         |
|    policy_gradient_loss | -0.0113     |
|    value_loss           | 0.0117      |
-----------------------------------------

Mission Failed (Palisades)

Mission Failed (Palisades)

Mission Completed (Palisades)

Mission Failed (Palisades)

Mission Failed (Palisades)

Mission Failed (Palisades)

Mission Failed (Palisades)

Mission Completed (Palisades)

Mission Failed (Palisades)

Mission Failed (Palisades)

Mission Failed (Palisades)

Mission Completed (Palisades)

Mission Failed (Palisades)

Mission Failed (Palisades)

Mission Failed (Palisades)

Mission Failed (Palisades)

Mission Failed (Palisades)
Episode summary log written to examples/wildfire/data/scenarios/outputs/palisades_lr00075_563524/results_palisades_lr00075_22700_summary.csv

Mission Failed (Palisades)

Mission Failed (Palisades)

Mission Failed (Palisades)

Mission Failed (Palisades)

Mission Failed (Palisades)

Mission Failed (Palisades)

Mission Failed (Palisades)

Mission Failed (Palisades)

Mission Failed (Palisades)

Mission Failed (Palisades)

Mission Completed (Palisades)

Mission Failed (Palisades)

Mission Failed (Palisades)

Mission Failed (Palisades)

Mission Failed (Palisades)

Mission Failed (Palisades)

Mission Failed (Palisades)

Mission Completed (Palisades)

Mission Failed (Palisades)

Mission Failed (Palisades)

Mission Failed (Palisades)

Mission Failed (Palisades)

Mission Failed (Palisades)

Mission Failed (Palisades)

Mission Failed (Palisades)

Mission Failed (Palisades)

Mission Failed (Palisades)

Mission Completed (Palisades)

Mission Failed (Palisades)

Mission Failed (Palisades)
Episode summary log written to examples/wildfire/data/scenarios/outputs/palisades_lr00075_563524/results_palisades_lr00075_22800_summary.csv

Mission Failed (Palisades)

Mission Failed (Palisades)

Mission Failed (Palisades)

Mission Failed (Palisades)

Mission Failed (Palisades)

Mission Failed (Palisades)

Mission Completed (Palisades)

Mission Failed (Palisades)

Mission Failed (Palisades)

Mission Failed (Palisades)

Mission Failed (Palisades)

Mission Completed (Palisades)

Mission Failed (Palisades)

Mission Failed (Palisades)

Mission Failed (Palisades)

Mission Failed (Palisades)

Mission Failed (Palisades)

Mission Failed (Palisades)

Mission Completed (Palisades)

Mission Failed (Palisades)

Mission Failed (Palisades)

Mission Completed (Palisades)

Mission Failed (Palisades)

Mission Failed (Palisades)
Episode summary log written to examples/wildfire/data/scenarios/outputs/palisades_lr00075_563524/results_palisades_lr00075_22900_summary.csv

Mission Failed (Palisades)

Mission Failed (Palisades)

Mission Failed (Palisades)

Mission Failed (Palisades)
------------------------------------------
| time/                   |              |
|    fps                  | 34           |
|    iterations           | 90           |
|    time_elapsed         | 48684        |
|    total_timesteps      | 1658880      |
| train/                  |              |
|    approx_kl            | 0.0096384855 |
|    clip_fraction        | 0.0932       |
|    clip_range           | 0.2          |
|    entropy_loss         | -10.1        |
|    explained_variance   | 0.839        |
|    learning_rate        | 0.000154     |
|    loss                 | -0.00484     |
|    n_updates            | 445          |
|    policy_gradient_loss | -0.0102      |
|    value_loss           | 0.0106       |
------------------------------------------

Mission Failed (Palisades)

Mission Failed (Palisades)

Mission Failed (Palisades)

Mission Failed (Palisades)

Mission Failed (Palisades)

Mission Completed (Palisades)

Mission Failed (Palisades)

Mission Failed (Palisades)

Mission Failed (Palisades)

Mission Failed (Palisades)

Mission Failed (Palisades)

Mission Failed (Palisades)

Mission Failed (Palisades)

Mission Completed (Palisades)

Mission Completed (Palisades)

Mission Failed (Palisades)

Mission Failed (Palisades)

Mission Failed (Palisades)

Mission Failed (Palisades)

Mission Failed (Palisades)

Mission Failed (Palisades)
Per-step log written to examples/wildfire/data/scenarios/outputs/palisades_lr00075_563524/results_palisades_lr00075_23000_steps.csv
Decision-step log written to examples/wildfire/data/scenarios/outputs/palisades_lr00075_563524/results_palisades_lr00075_23000_decision_steps.csv
Episode summary log written to examples/wildfire/data/scenarios/outputs/palisades_lr00075_563524/results_palisades_lr00075_23000_summary.csv

Mission Failed (Palisades)

Mission Failed (Palisades)

Mission Failed (Palisades)

Mission Failed (Palisades)

Mission Failed (Palisades)

Mission Completed (Palisades)

Mission Failed (Palisades)

Mission Failed (Palisades)

Mission Completed (Palisades)

Mission Completed (Palisades)

Mission Completed (Palisades)

Mission Completed (Palisades)

Mission Failed (Palisades)

Mission Failed (Palisades)

Mission Failed (Palisades)

Mission Failed (Palisades)

Mission Failed (Palisades)

Mission Failed (Palisades)

Mission Failed (Palisades)

Mission Failed (Palisades)

Mission Failed (Palisades)

Mission Failed (Palisades)

Mission Failed (Palisades)

Mission Failed (Palisades)

Mission Failed (Palisades)

Mission Failed (Palisades)

Mission Failed (Palisades)

Mission Failed (Palisades)
Episode summary log written to examples/wildfire/data/scenarios/outputs/palisades_lr00075_563524/results_palisades_lr00075_23100_summary.csv

Mission Failed (Palisades)

Mission Failed (Palisades)

Mission Failed (Palisades)

Mission Failed (Palisades)

Mission Failed (Palisades)

Mission Failed (Palisades)

Mission Completed (Palisades)

Mission Failed (Palisades)

Mission Failed (Palisades)

Mission Completed (Palisades)

Mission Failed (Palisades)

Mission Failed (Palisades)

Mission Completed (Palisades)

Mission Failed (Palisades)

Mission Failed (Palisades)

Mission Failed (Palisades)

Mission Failed (Palisades)

Mission Failed (Palisades)

Mission Failed (Palisades)

Mission Failed (Palisades)

Mission Failed (Palisades)

Mission Failed (Palisades)

Mission Completed (Palisades)

Mission Failed (Palisades)

Mission Completed (Palisades)

Mission Failed (Palisades)

Mission Completed (Palisades)

Mission Failed (Palisades)
-----------------------------------------
| time/                   |             |
|    fps                  | 34          |
|    iterations           | 91          |
|    time_elapsed         | 49217       |
|    total_timesteps      | 1677312     |
| train/                  |             |
|    approx_kl            | 0.009253289 |
|    clip_fraction        | 0.0933      |
|    clip_range           | 0.2         |
|    entropy_loss         | -10.1       |
|    explained_variance   | 0.857       |
|    learning_rate        | 0.000149    |
|    loss                 | -0.0125     |
|    n_updates            | 450         |
|    policy_gradient_loss | -0.0114     |
|    value_loss           | 0.0105      |
-----------------------------------------
Episode summary log written to examples/wildfire/data/scenarios/outputs/palisades_lr00075_563524/results_palisades_lr00075_23200_summary.csv

Mission Failed (Palisades)

Mission Failed (Palisades)

Mission Completed (Palisades)

Mission Completed (Palisades)

Mission Failed (Palisades)

Mission Failed (Palisades)

Mission Failed (Palisades)

Mission Completed (Palisades)

Mission Failed (Palisades)

Mission Failed (Palisades)

Mission Failed (Palisades)

Mission Failed (Palisades)

Mission Failed (Palisades)

Mission Failed (Palisades)

Mission Failed (Palisades)

Mission Completed (Palisades)

Mission Failed (Palisades)

Mission Failed (Palisades)

Mission Failed (Palisades)

Mission Failed (Palisades)

Mission Failed (Palisades)

Mission Failed (Palisades)

Mission Failed (Palisades)

Mission Failed (Palisades)

Mission Failed (Palisades)

Mission Failed (Palisades)

Mission Failed (Palisades)

Mission Completed (Palisades)

Mission Completed (Palisades)

Mission Failed (Palisades)
Episode summary log written to examples/wildfire/data/scenarios/outputs/palisades_lr00075_563524/results_palisades_lr00075_23300_summary.csv

Mission Failed (Palisades)

Mission Failed (Palisades)

Mission Failed (Palisades)

Mission Failed (Palisades)

Mission Failed (Palisades)

Mission Failed (Palisades)

Mission Failed (Palisades)

Mission Failed (Palisades)

Mission Failed (Palisades)

Mission Failed (Palisades)

Mission Failed (Palisades)

Mission Failed (Palisades)

Mission Failed (Palisades)

Mission Failed (Palisades)

Mission Failed (Palisades)

Mission Failed (Palisades)

Mission Failed (Palisades)

Mission Failed (Palisades)

Mission Failed (Palisades)

Mission Failed (Palisades)

Mission Failed (Palisades)

Mission Failed (Palisades)

Mission Failed (Palisades)

Mission Failed (Palisades)

Mission Failed (Palisades)
Episode summary log written to examples/wildfire/data/scenarios/outputs/palisades_lr00075_563524/results_palisades_lr00075_23400_summary.csv

Mission Failed (Palisades)

Mission Failed (Palisades)

Mission Completed (Palisades)

Mission Completed (Palisades)

Mission Completed (Palisades)

Mission Failed (Palisades)

Mission Failed (Palisades)

Mission Failed (Palisades)

Mission Failed (Palisades)

Mission Failed (Palisades)

Mission Failed (Palisades)

Mission Failed (Palisades)

Mission Failed (Palisades)

Mission Failed (Palisades)

Mission Failed (Palisades)

Mission Failed (Palisades)
-----------------------------------------
| time/                   |             |
|    fps                  | 34          |
|    iterations           | 92          |
|    time_elapsed         | 49763       |
|    total_timesteps      | 1695744     |
| train/                  |             |
|    approx_kl            | 0.009530503 |
|    clip_fraction        | 0.0906      |
|    clip_range           | 0.2         |
|    entropy_loss         | -10.1       |
|    explained_variance   | 0.845       |
|    learning_rate        | 0.000143    |
|    loss                 | -0.00393    |
|    n_updates            | 455         |
|    policy_gradient_loss | -0.0112     |
|    value_loss           | 0.0107      |
-----------------------------------------

Mission Failed (Palisades)

Mission Failed (Palisades)

Mission Failed (Palisades)
Episode summary log written to examples/wildfire/data/scenarios/outputs/palisades_lr00075_563524/results_palisades_lr00075_23500_summary.csv

Mission Failed (Palisades)

Mission Failed (Palisades)

Mission Completed (Palisades)

Mission Failed (Palisades)

Mission Failed (Palisades)

Mission Failed (Palisades)

Mission Failed (Palisades)

Mission Failed (Palisades)

Mission Failed (Palisades)

Mission Failed (Palisades)

Mission Failed (Palisades)

Mission Failed (Palisades)

Mission Failed (Palisades)

Mission Failed (Palisades)

Mission Failed (Palisades)

Mission Failed (Palisades)

Mission Failed (Palisades)

Mission Failed (Palisades)

Mission Completed (Palisades)

Mission Failed (Palisades)

Mission Completed (Palisades)

Mission Failed (Palisades)

Mission Failed (Palisades)

Mission Failed (Palisades)
Episode summary log written to examples/wildfire/data/scenarios/outputs/palisades_lr00075_563524/results_palisades_lr00075_23600_summary.csv

Mission Failed (Palisades)

Mission Failed (Palisades)

Mission Failed (Palisades)

Mission Failed (Palisades)

Mission Failed (Palisades)

Mission Failed (Palisades)

Mission Failed (Palisades)

Mission Completed (Palisades)

Mission Failed (Palisades)

Mission Completed (Palisades)

Mission Failed (Palisades)

Mission Completed (Palisades)

Mission Failed (Palisades)

Mission Completed (Palisades)

Mission Failed (Palisades)

Mission Failed (Palisades)

Mission Completed (Palisades)

Mission Failed (Palisades)

Mission Failed (Palisades)

Mission Failed (Palisades)

Mission Completed (Palisades)

Mission Completed (Palisades)

Mission Failed (Palisades)

Mission Failed (Palisades)

Mission Failed (Palisades)

Mission Failed (Palisades)
Episode summary log written to examples/wildfire/data/scenarios/outputs/palisades_lr00075_563524/results_palisades_lr00075_23700_summary.csv

Mission Failed (Palisades)

Mission Completed (Palisades)

Mission Failed (Palisades)

Mission Completed (Palisades)

Mission Failed (Palisades)

Mission Failed (Palisades)

Mission Failed (Palisades)

Mission Failed (Palisades)

Mission Completed (Palisades)

Mission Failed (Palisades)

Mission Completed (Palisades)

Mission Failed (Palisades)

Mission Failed (Palisades)

Mission Failed (Palisades)

Mission Failed (Palisades)

Mission Failed (Palisades)

Mission Failed (Palisades)

Mission Failed (Palisades)

Mission Failed (Palisades)

Mission Failed (Palisades)

Mission Failed (Palisades)

Mission Failed (Palisades)
-----------------------------------------
| time/                   |             |
|    fps                  | 34          |
|    iterations           | 93          |
|    time_elapsed         | 50296       |
|    total_timesteps      | 1714176     |
| train/                  |             |
|    approx_kl            | 0.009350856 |
|    clip_fraction        | 0.0867      |
|    clip_range           | 0.2         |
|    entropy_loss         | -10.1       |
|    explained_variance   | 0.849       |
|    learning_rate        | 0.000138    |
|    loss                 | -0.00417    |
|    n_updates            | 460         |
|    policy_gradient_loss | -0.0102     |
|    value_loss           | 0.0102      |
-----------------------------------------

Mission Failed (Palisades)

Mission Failed (Palisades)

Mission Failed (Palisades)

Mission Failed (Palisades)

Mission Failed (Palisades)

Mission Completed (Palisades)

Mission Failed (Palisades)

Mission Failed (Palisades)

Mission Failed (Palisades)

Mission Completed (Palisades)
Episode summary log written to examples/wildfire/data/scenarios/outputs/palisades_lr00075_563524/results_palisades_lr00075_23800_summary.csv

Mission Failed (Palisades)

Mission Failed (Palisades)

Mission Failed (Palisades)

Mission Failed (Palisades)

Mission Failed (Palisades)

Mission Failed (Palisades)

Mission Completed (Palisades)

Mission Completed (Palisades)

Mission Failed (Palisades)

Mission Completed (Palisades)

Mission Failed (Palisades)

Mission Failed (Palisades)

Mission Failed (Palisades)

Mission Failed (Palisades)

Mission Failed (Palisades)

Mission Failed (Palisades)

Mission Failed (Palisades)

Mission Failed (Palisades)

Mission Failed (Palisades)

Mission Failed (Palisades)

Mission Failed (Palisades)

Mission Completed (Palisades)

Mission Failed (Palisades)
Episode summary log written to examples/wildfire/data/scenarios/outputs/palisades_lr00075_563524/results_palisades_lr00075_23900_summary.csv

Mission Failed (Palisades)

Mission Failed (Palisades)

Mission Failed (Palisades)

Mission Failed (Palisades)

Mission Failed (Palisades)

Mission Failed (Palisades)

Mission Failed (Palisades)

Mission Failed (Palisades)

Mission Failed (Palisades)

Mission Failed (Palisades)

Mission Failed (Palisades)

Mission Completed (Palisades)

Mission Failed (Palisades)

Mission Failed (Palisades)

Mission Failed (Palisades)

Mission Failed (Palisades)

Mission Failed (Palisades)

Mission Failed (Palisades)

Mission Failed (Palisades)

Mission Failed (Palisades)

Mission Completed (Palisades)

Mission Failed (Palisades)

Mission Failed (Palisades)

Mission Failed (Palisades)

Mission Failed (Palisades)
Per-step log written to examples/wildfire/data/scenarios/outputs/palisades_lr00075_563524/results_palisades_lr00075_24000_steps.csv
Decision-step log written to examples/wildfire/data/scenarios/outputs/palisades_lr00075_563524/results_palisades_lr00075_24000_decision_steps.csv
Episode summary log written to examples/wildfire/data/scenarios/outputs/palisades_lr00075_563524/results_palisades_lr00075_24000_summary.csv

Mission Completed (Palisades)

Mission Completed (Palisades)

Mission Failed (Palisades)

Mission Failed (Palisades)

Mission Failed (Palisades)

Mission Completed (Palisades)

Mission Completed (Palisades)

Mission Completed (Palisades)

Mission Completed (Palisades)

Mission Completed (Palisades)

Mission Failed (Palisades)

Mission Failed (Palisades)

Mission Failed (Palisades)
----------------------------------------
| time/                   |            |
|    fps                  | 34         |
|    iterations           | 94         |
|    time_elapsed         | 50832      |
|    total_timesteps      | 1732608    |
| train/                  |            |
|    approx_kl            | 0.00890906 |
|    clip_fraction        | 0.09       |
|    clip_range           | 0.2        |
|    entropy_loss         | -10.1      |
|    explained_variance   | 0.858      |
|    learning_rate        | 0.000132   |
|    loss                 | -0.00602   |
|    n_updates            | 465        |
|    policy_gradient_loss | -0.0103    |
|    value_loss           | 0.00974    |
----------------------------------------

Mission Failed (Palisades)

Mission Failed (Palisades)

Mission Failed (Palisades)

Mission Failed (Palisades)

Mission Failed (Palisades)

Mission Failed (Palisades)

Mission Failed (Palisades)

Mission Failed (Palisades)

Mission Completed (Palisades)

Mission Failed (Palisades)

Mission Failed (Palisades)

Mission Completed (Palisades)

Mission Failed (Palisades)
Episode summary log written to examples/wildfire/data/scenarios/outputs/palisades_lr00075_563524/results_palisades_lr00075_24100_summary.csv

Mission Failed (Palisades)

Mission Failed (Palisades)

Mission Failed (Palisades)

Mission Failed (Palisades)

Mission Failed (Palisades)

Mission Completed (Palisades)

Mission Completed (Palisades)

Mission Failed (Palisades)

Mission Completed (Palisades)

Mission Failed (Palisades)

Mission Failed (Palisades)

Mission Failed (Palisades)

Mission Failed (Palisades)

Mission Failed (Palisades)

Mission Failed (Palisades)

Mission Failed (Palisades)

Mission Failed (Palisades)

Mission Failed (Palisades)

Mission Failed (Palisades)

Mission Completed (Palisades)

Mission Failed (Palisades)

Mission Failed (Palisades)

Mission Failed (Palisades)

Mission Failed (Palisades)

Mission Failed (Palisades)

Mission Failed (Palisades)

Mission Failed (Palisades)
Episode summary log written to examples/wildfire/data/scenarios/outputs/palisades_lr00075_563524/results_palisades_lr00075_24200_summary.csv

Mission Failed (Palisades)

Mission Failed (Palisades)

Mission Failed (Palisades)

Mission Failed (Palisades)

Mission Failed (Palisades)

Mission Failed (Palisades)

Mission Failed (Palisades)

Mission Failed (Palisades)

Mission Completed (Palisades)

Mission Completed (Palisades)

Mission Failed (Palisades)

Mission Failed (Palisades)

Mission Failed (Palisades)

Mission Failed (Palisades)

Mission Failed (Palisades)

Mission Failed (Palisades)

Mission Failed (Palisades)

Mission Completed (Palisades)

Mission Failed (Palisades)

Mission Failed (Palisades)

Mission Completed (Palisades)

Mission Failed (Palisades)

Mission Failed (Palisades)

Mission Failed (Palisades)

Mission Completed (Palisades)

Mission Completed (Palisades)

Mission Failed (Palisades)
Episode summary log written to examples/wildfire/data/scenarios/outputs/palisades_lr00075_563524/results_palisades_lr00075_24300_summary.csv

Mission Failed (Palisades)

Mission Failed (Palisades)

Mission Failed (Palisades)

Mission Failed (Palisades)

Mission Failed (Palisades)

Mission Failed (Palisades)

Mission Failed (Palisades)

Mission Failed (Palisades)
-----------------------------------------
| time/                   |             |
|    fps                  | 34          |
|    iterations           | 95          |
|    time_elapsed         | 51364       |
|    total_timesteps      | 1751040     |
| train/                  |             |
|    approx_kl            | 0.008844485 |
|    clip_fraction        | 0.0758      |
|    clip_range           | 0.2         |
|    entropy_loss         | -10         |
|    explained_variance   | 0.857       |
|    learning_rate        | 0.000127    |
|    loss                 | -0.0103     |
|    n_updates            | 470         |
|    policy_gradient_loss | -0.00921    |
|    value_loss           | 0.00945     |
-----------------------------------------

Mission Failed (Palisades)

Mission Failed (Palisades)

Mission Failed (Palisades)

Mission Failed (Palisades)

Mission Failed (Palisades)

Mission Failed (Palisades)

Mission Failed (Palisades)

Mission Failed (Palisades)

Mission Failed (Palisades)

Mission Failed (Palisades)

Mission Failed (Palisades)

Mission Failed (Palisades)

Mission Failed (Palisades)

Mission Failed (Palisades)

Mission Completed (Palisades)

Mission Failed (Palisades)

Mission Failed (Palisades)

Mission Failed (Palisades)

Mission Failed (Palisades)

Mission Failed (Palisades)

Mission Failed (Palisades)

Mission Failed (Palisades)

Mission Completed (Palisades)

Mission Failed (Palisades)

Mission Completed (Palisades)
Episode summary log written to examples/wildfire/data/scenarios/outputs/palisades_lr00075_563524/results_palisades_lr00075_24400_summary.csv

Mission Completed (Palisades)

Mission Failed (Palisades)

Mission Failed (Palisades)

Mission Failed (Palisades)

Mission Failed (Palisades)

Mission Failed (Palisades)

Mission Failed (Palisades)

Mission Failed (Palisades)

Mission Failed (Palisades)

Mission Failed (Palisades)

Mission Failed (Palisades)

Mission Failed (Palisades)

Mission Failed (Palisades)

Mission Failed (Palisades)

Mission Failed (Palisades)

Mission Failed (Palisades)

Mission Completed (Palisades)

Mission Failed (Palisades)

Mission Failed (Palisades)

Mission Failed (Palisades)

Mission Failed (Palisades)

Mission Failed (Palisades)
Episode summary log written to examples/wildfire/data/scenarios/outputs/palisades_lr00075_563524/results_palisades_lr00075_24500_summary.csv

Mission Failed (Palisades)

Mission Failed (Palisades)

Mission Failed (Palisades)

Mission Failed (Palisades)

Mission Completed (Palisades)

Mission Failed (Palisades)

Mission Failed (Palisades)

Mission Failed (Palisades)

Mission Completed (Palisades)

Mission Failed (Palisades)

Mission Failed (Palisades)

Mission Failed (Palisades)

Mission Failed (Palisades)

Mission Failed (Palisades)

Mission Completed (Palisades)

Mission Failed (Palisades)

Mission Failed (Palisades)

Mission Failed (Palisades)

Mission Failed (Palisades)

Mission Failed (Palisades)

Mission Failed (Palisades)

Mission Completed (Palisades)

Mission Failed (Palisades)

Mission Completed (Palisades)
-----------------------------------------
| time/                   |             |
|    fps                  | 34          |
|    iterations           | 96          |
|    time_elapsed         | 51890       |
|    total_timesteps      | 1769472     |
| train/                  |             |
|    approx_kl            | 0.008885083 |
|    clip_fraction        | 0.0721      |
|    clip_range           | 0.2         |
|    entropy_loss         | -10         |
|    explained_variance   | 0.86        |
|    learning_rate        | 0.000121    |
|    loss                 | -0.00949    |
|    n_updates            | 475         |
|    policy_gradient_loss | -0.0095     |
|    value_loss           | 0.0101      |
-----------------------------------------

Mission Failed (Palisades)
Episode summary log written to examples/wildfire/data/scenarios/outputs/palisades_lr00075_563524/results_palisades_lr00075_24600_summary.csv

Mission Failed (Palisades)

Mission Failed (Palisades)

Mission Failed (Palisades)

Mission Failed (Palisades)

Mission Failed (Palisades)

Mission Failed (Palisades)

Mission Completed (Palisades)

Mission Failed (Palisades)

Mission Failed (Palisades)

Mission Failed (Palisades)

Mission Completed (Palisades)

Mission Completed (Palisades)

Mission Failed (Palisades)

Mission Failed (Palisades)

Mission Failed (Palisades)

Mission Failed (Palisades)

Mission Failed (Palisades)

Mission Failed (Palisades)

Mission Completed (Palisades)

Mission Failed (Palisades)

Mission Failed (Palisades)

Mission Failed (Palisades)

Mission Failed (Palisades)

Mission Failed (Palisades)

Mission Completed (Palisades)

Mission Failed (Palisades)

Mission Failed (Palisades)

Mission Failed (Palisades)

Mission Failed (Palisades)

Mission Failed (Palisades)

Mission Failed (Palisades)

Mission Completed (Palisades)

Mission Completed (Palisades)

Mission Completed (Palisades)

Mission Failed (Palisades)

Mission Failed (Palisades)

Mission Failed (Palisades)
Episode summary log written to examples/wildfire/data/scenarios/outputs/palisades_lr00075_563524/results_palisades_lr00075_24700_summary.csv

Mission Failed (Palisades)

Mission Failed (Palisades)

Mission Failed (Palisades)

Mission Failed (Palisades)

Mission Failed (Palisades)

Mission Failed (Palisades)

Mission Failed (Palisades)

Mission Failed (Palisades)

Mission Failed (Palisades)

Mission Failed (Palisades)

Mission Completed (Palisades)

Mission Failed (Palisades)

Mission Failed (Palisades)

Mission Failed (Palisades)

Mission Failed (Palisades)

Mission Failed (Palisades)

Mission Failed (Palisades)

Mission Failed (Palisades)

Mission Failed (Palisades)

Mission Failed (Palisades)

Mission Failed (Palisades)

Mission Failed (Palisades)

Mission Failed (Palisades)

Mission Completed (Palisades)

Mission Completed (Palisades)

Mission Completed (Palisades)

Mission Failed (Palisades)
Episode summary log written to examples/wildfire/data/scenarios/outputs/palisades_lr00075_563524/results_palisades_lr00075_24800_summary.csv

Mission Failed (Palisades)

Mission Failed (Palisades)

Mission Completed (Palisades)

Mission Failed (Palisades)

Mission Failed (Palisades)

Mission Failed (Palisades)

Mission Failed (Palisades)

Mission Failed (Palisades)

Mission Failed (Palisades)

Mission Failed (Palisades)

Mission Failed (Palisades)

Mission Completed (Palisades)

Mission Failed (Palisades)

Mission Failed (Palisades)

Mission Failed (Palisades)

Mission Failed (Palisades)

Mission Failed (Palisades)

Mission Failed (Palisades)

Mission Failed (Palisades)
-----------------------------------------
| time/                   |             |
|    fps                  | 34          |
|    iterations           | 97          |
|    time_elapsed         | 52420       |
|    total_timesteps      | 1787904     |
| train/                  |             |
|    approx_kl            | 0.008022081 |
|    clip_fraction        | 0.0695      |
|    clip_range           | 0.2         |
|    entropy_loss         | -10         |
|    explained_variance   | 0.843       |
|    learning_rate        | 0.000115    |
|    loss                 | -0.00559    |
|    n_updates            | 480         |
|    policy_gradient_loss | -0.00966    |
|    value_loss           | 0.0109      |
-----------------------------------------

Mission Completed (Palisades)

Mission Failed (Palisades)

Mission Failed (Palisades)

Mission Failed (Palisades)

Mission Failed (Palisades)

Mission Failed (Palisades)

Mission Failed (Palisades)

Mission Failed (Palisades)

Mission Failed (Palisades)
Episode summary log written to examples/wildfire/data/scenarios/outputs/palisades_lr00075_563524/results_palisades_lr00075_24900_summary.csv

Mission Failed (Palisades)

Mission Completed (Palisades)

Mission Failed (Palisades)

Mission Failed (Palisades)

Mission Failed (Palisades)

Mission Failed (Palisades)

Mission Failed (Palisades)

Mission Failed (Palisades)

Mission Failed (Palisades)

Mission Failed (Palisades)

Mission Failed (Palisades)

Mission Failed (Palisades)

Mission Failed (Palisades)

Mission Completed (Palisades)

Mission Failed (Palisades)

Mission Failed (Palisades)

Mission Failed (Palisades)

Mission Failed (Palisades)

Mission Completed (Palisades)

Mission Failed (Palisades)

Mission Failed (Palisades)

Mission Failed (Palisades)

Mission Completed (Palisades)

Mission Failed (Palisades)
Per-step log written to examples/wildfire/data/scenarios/outputs/palisades_lr00075_563524/results_palisades_lr00075_25000_steps.csv
Decision-step log written to examples/wildfire/data/scenarios/outputs/palisades_lr00075_563524/results_palisades_lr00075_25000_decision_steps.csv
Episode summary log written to examples/wildfire/data/scenarios/outputs/palisades_lr00075_563524/results_palisades_lr00075_25000_summary.csv

Mission Completed (Palisades)

Mission Failed (Palisades)

Mission Failed (Palisades)

Mission Failed (Palisades)

Mission Failed (Palisades)

Mission Failed (Palisades)

Mission Failed (Palisades)

Mission Completed (Palisades)

Mission Failed (Palisades)

Mission Failed (Palisades)

Mission Failed (Palisades)

Mission Failed (Palisades)

Mission Failed (Palisades)

Mission Failed (Palisades)

Mission Completed (Palisades)

Mission Failed (Palisades)

Mission Failed (Palisades)

Mission Failed (Palisades)

Mission Failed (Palisades)

Mission Completed (Palisades)

Mission Completed (Palisades)

Mission Completed (Palisades)

Mission Failed (Palisades)
Episode summary log written to examples/wildfire/data/scenarios/outputs/palisades_lr00075_563524/results_palisades_lr00075_25100_summary.csv

Mission Failed (Palisades)

Mission Failed (Palisades)

Mission Failed (Palisades)

Mission Failed (Palisades)

Mission Completed (Palisades)

Mission Failed (Palisades)

Mission Failed (Palisades)

Mission Failed (Palisades)

Mission Failed (Palisades)

Mission Failed (Palisades)

Mission Failed (Palisades)

Mission Failed (Palisades)

Mission Failed (Palisades)
-----------------------------------------
| time/                   |             |
|    fps                  | 34          |
|    iterations           | 98          |
|    time_elapsed         | 52953       |
|    total_timesteps      | 1806336     |
| train/                  |             |
|    approx_kl            | 0.008297863 |
|    clip_fraction        | 0.0671      |
|    clip_range           | 0.2         |
|    entropy_loss         | -10         |
|    explained_variance   | 0.874       |
|    learning_rate        | 0.000109    |
|    loss                 | -0.01       |
|    n_updates            | 485         |
|    policy_gradient_loss | -0.00941    |
|    value_loss           | 0.009       |
-----------------------------------------

Mission Failed (Palisades)

Mission Failed (Palisades)

Mission Completed (Palisades)

Mission Failed (Palisades)

Mission Completed (Palisades)

Mission Completed (Palisades)

Mission Failed (Palisades)

Mission Failed (Palisades)

Mission Failed (Palisades)

Mission Failed (Palisades)

Mission Failed (Palisades)

Mission Failed (Palisades)

Mission Failed (Palisades)

Mission Failed (Palisades)

Mission Failed (Palisades)

Mission Failed (Palisades)
Episode summary log written to examples/wildfire/data/scenarios/outputs/palisades_lr00075_563524/results_palisades_lr00075_25200_summary.csv

Mission Failed (Palisades)

Mission Failed (Palisades)

Mission Failed (Palisades)

Mission Failed (Palisades)

Mission Completed (Palisades)

Mission Failed (Palisades)

Mission Completed (Palisades)

Mission Completed (Palisades)

Mission Completed (Palisades)

Mission Failed (Palisades)

Mission Failed (Palisades)

Mission Failed (Palisades)

Mission Failed (Palisades)

Mission Completed (Palisades)

Mission Failed (Palisades)

Mission Completed (Palisades)

Mission Completed (Palisades)

Mission Failed (Palisades)

Mission Failed (Palisades)

Mission Failed (Palisades)

Mission Failed (Palisades)

Mission Failed (Palisades)

Mission Completed (Palisades)
Episode summary log written to examples/wildfire/data/scenarios/outputs/palisades_lr00075_563524/results_palisades_lr00075_25300_summary.csv

Mission Failed (Palisades)

Mission Failed (Palisades)

Mission Failed (Palisades)

Mission Failed (Palisades)

Mission Completed (Palisades)

Mission Failed (Palisades)

Mission Failed (Palisades)

Mission Failed (Palisades)

Mission Failed (Palisades)

Mission Failed (Palisades)

Mission Failed (Palisades)

Mission Completed (Palisades)

Mission Failed (Palisades)

Mission Failed (Palisades)

Mission Failed (Palisades)

Mission Failed (Palisades)

Mission Failed (Palisades)

Mission Failed (Palisades)

Mission Completed (Palisades)

Mission Failed (Palisades)

Mission Failed (Palisades)

Mission Failed (Palisades)
Episode summary log written to examples/wildfire/data/scenarios/outputs/palisades_lr00075_563524/results_palisades_lr00075_25400_summary.csv

Mission Failed (Palisades)

Mission Failed (Palisades)

Mission Failed (Palisades)

Mission Failed (Palisades)
------------------------------------------
| time/                   |              |
|    fps                  | 34           |
|    iterations           | 99           |
|    time_elapsed         | 53475        |
|    total_timesteps      | 1824768      |
| train/                  |              |
|    approx_kl            | 0.0077712764 |
|    clip_fraction        | 0.0598       |
|    clip_range           | 0.2          |
|    entropy_loss         | -9.98        |
|    explained_variance   | 0.857        |
|    learning_rate        | 0.000103     |
|    loss                 | -0.0101      |
|    n_updates            | 490          |
|    policy_gradient_loss | -0.00896     |
|    value_loss           | 0.00948      |
------------------------------------------

Mission Completed (Palisades)

Mission Completed (Palisades)

Mission Failed (Palisades)

Mission Completed (Palisades)

Mission Failed (Palisades)

Mission Failed (Palisades)

Mission Completed (Palisades)

Mission Completed (Palisades)

Mission Failed (Palisades)

Mission Failed (Palisades)

Mission Failed (Palisades)

Mission Failed (Palisades)

Mission Failed (Palisades)

Mission Completed (Palisades)

Mission Failed (Palisades)

Mission Failed (Palisades)

Mission Failed (Palisades)

Mission Failed (Palisades)

Mission Failed (Palisades)

Mission Failed (Palisades)
Episode summary log written to examples/wildfire/data/scenarios/outputs/palisades_lr00075_563524/results_palisades_lr00075_25500_summary.csv

Mission Failed (Palisades)

Mission Failed (Palisades)

Mission Failed (Palisades)

Mission Completed (Palisades)

Mission Failed (Palisades)

Mission Failed (Palisades)

Mission Failed (Palisades)

Mission Failed (Palisades)

Mission Failed (Palisades)

Mission Failed (Palisades)

Mission Completed (Palisades)

Mission Completed (Palisades)

Mission Failed (Palisades)

Mission Failed (Palisades)

Mission Failed (Palisades)

Mission Failed (Palisades)

Mission Failed (Palisades)

Mission Failed (Palisades)

Mission Failed (Palisades)

Mission Failed (Palisades)

Mission Failed (Palisades)

Mission Completed (Palisades)

Mission Failed (Palisades)

Mission Completed (Palisades)
Episode summary log written to examples/wildfire/data/scenarios/outputs/palisades_lr00075_563524/results_palisades_lr00075_25600_summary.csv

Mission Failed (Palisades)

Mission Failed (Palisades)

Mission Failed (Palisades)

Mission Failed (Palisades)

Mission Failed (Palisades)

Mission Failed (Palisades)

Mission Completed (Palisades)

Mission Failed (Palisades)

Mission Failed (Palisades)

Mission Failed (Palisades)

Mission Failed (Palisades)

Mission Failed (Palisades)

Mission Failed (Palisades)

Mission Failed (Palisades)

Mission Completed (Palisades)

Mission Failed (Palisades)

Mission Failed (Palisades)

Mission Failed (Palisades)

Mission Failed (Palisades)

Mission Failed (Palisades)

Mission Failed (Palisades)

Mission Completed (Palisades)

Mission Failed (Palisades)

Mission Completed (Palisades)

Mission Failed (Palisades)

Mission Failed (Palisades)

Mission Failed (Palisades)

Mission Completed (Palisades)

Mission Failed (Palisades)

Mission Failed (Palisades)

Mission Failed (Palisades)

Mission Completed (Palisades)
Episode summary log written to examples/wildfire/data/scenarios/outputs/palisades_lr00075_563524/results_palisades_lr00075_25700_summary.csv

Mission Failed (Palisades)

Mission Failed (Palisades)

Mission Failed (Palisades)

Mission Completed (Palisades)

Mission Failed (Palisades)
------------------------------------------
| time/                   |              |
|    fps                  | 34           |
|    iterations           | 100          |
|    time_elapsed         | 54003        |
|    total_timesteps      | 1843200      |
| train/                  |              |
|    approx_kl            | 0.0074167065 |
|    clip_fraction        | 0.0501       |
|    clip_range           | 0.2          |
|    entropy_loss         | -9.94        |
|    explained_variance   | 0.83         |
|    learning_rate        | 9.61e-05     |
|    loss                 | -0.00319     |
|    n_updates            | 495          |
|    policy_gradient_loss | -0.00825     |
|    value_loss           | 0.0102       |
------------------------------------------

Mission Completed (Palisades)

Mission Failed (Palisades)

Mission Failed (Palisades)

Mission Failed (Palisades)

Mission Failed (Palisades)

Mission Failed (Palisades)

Mission Failed (Palisades)

Mission Failed (Palisades)

Mission Failed (Palisades)

Mission Failed (Palisades)

Mission Failed (Palisades)

Mission Failed (Palisades)

Mission Failed (Palisades)

Mission Failed (Palisades)

Mission Completed (Palisades)

Mission Completed (Palisades)

Mission Failed (Palisades)

Mission Failed (Palisades)

Mission Failed (Palisades)

Mission Failed (Palisades)

Mission Completed (Palisades)

Mission Failed (Palisades)

Mission Failed (Palisades)

Mission Completed (Palisades)
Episode summary log written to examples/wildfire/data/scenarios/outputs/palisades_lr00075_563524/results_palisades_lr00075_25800_summary.csv

Mission Failed (Palisades)

Mission Completed (Palisades)

Mission Failed (Palisades)

Mission Failed (Palisades)

Mission Completed (Palisades)

Mission Completed (Palisades)

Mission Failed (Palisades)

Mission Completed (Palisades)

Mission Failed (Palisades)

Mission Failed (Palisades)

Mission Failed (Palisades)

Mission Failed (Palisades)
Mission Failed (Palisades)


Mission Failed (Palisades)

Mission Completed (Palisades)

Mission Completed (Palisades)

Mission Failed (Palisades)

Mission Failed (Palisades)

Mission Failed (Palisades)

Mission Failed (Palisades)

Mission Failed (Palisades)

Mission Failed (Palisades)

Mission Failed (Palisades)

Mission Failed (Palisades)

Mission Failed (Palisades)

Mission Failed (Palisades)

Mission Failed (Palisades)

Mission Failed (Palisades)
Episode summary log written to examples/wildfire/data/scenarios/outputs/palisades_lr00075_563524/results_palisades_lr00075_25900_summary.csv

Mission Completed (Palisades)

Mission Failed (Palisades)

Mission Failed (Palisades)

Mission Failed (Palisades)

Mission Failed (Palisades)

Mission Failed (Palisades)

Mission Failed (Palisades)

Mission Failed (Palisades)

Mission Completed (Palisades)

Mission Failed (Palisades)

Mission Failed (Palisades)

Mission Failed (Palisades)

Mission Completed (Palisades)

Mission Failed (Palisades)

Mission Failed (Palisades)

Mission Failed (Palisades)

Mission Completed (Palisades)

Mission Failed (Palisades)

Mission Failed (Palisades)

Mission Failed (Palisades)

Mission Failed (Palisades)

Mission Failed (Palisades)

Mission Failed (Palisades)

Mission Completed (Palisades)

Mission Failed (Palisades)
-----------------------------------------
| time/                   |             |
|    fps                  | 34          |
|    iterations           | 101         |
|    time_elapsed         | 54534       |
|    total_timesteps      | 1861632     |
| train/                  |             |
|    approx_kl            | 0.007419257 |
|    clip_fraction        | 0.05        |
|    clip_range           | 0.2         |
|    entropy_loss         | -9.94       |
|    explained_variance   | 0.85        |
|    learning_rate        | 8.96e-05    |
|    loss                 | -0.00117    |
|    n_updates            | 500         |
|    policy_gradient_loss | -0.00873    |
|    value_loss           | 0.0108      |
-----------------------------------------

Mission Failed (Palisades)

Mission Failed (Palisades)

Mission Failed (Palisades)

Mission Failed (Palisades)

Mission Failed (Palisades)

Mission Failed (Palisades)

Mission Failed (Palisades)

Mission Failed (Palisades)

Mission Failed (Palisades)
Per-step log written to examples/wildfire/data/scenarios/outputs/palisades_lr00075_563524/results_palisades_lr00075_26000_steps.csv
Decision-step log written to examples/wildfire/data/scenarios/outputs/palisades_lr00075_563524/results_palisades_lr00075_26000_decision_steps.csv
Episode summary log written to examples/wildfire/data/scenarios/outputs/palisades_lr00075_563524/results_palisades_lr00075_26000_summary.csv

Mission Failed (Palisades)

Mission Failed (Palisades)

Mission Failed (Palisades)

Mission Failed (Palisades)

Mission Failed (Palisades)

Mission Failed (Palisades)

Mission Failed (Palisades)

Mission Failed (Palisades)

Mission Failed (Palisades)

Mission Failed (Palisades)

Mission Failed (Palisades)

Mission Failed (Palisades)

Mission Failed (Palisades)

Mission Failed (Palisades)

Mission Failed (Palisades)

Mission Failed (Palisades)

Mission Failed (Palisades)

Mission Failed (Palisades)

Mission Failed (Palisades)

Mission Failed (Palisades)

Mission Completed (Palisades)

Mission Failed (Palisades)

Mission Failed (Palisades)

Mission Failed (Palisades)

Mission Failed (Palisades)

Mission Failed (Palisades)

Mission Failed (Palisades)

Mission Failed (Palisades)

Mission Failed (Palisades)

Mission Failed (Palisades)
Episode summary log written to examples/wildfire/data/scenarios/outputs/palisades_lr00075_563524/results_palisades_lr00075_26100_summary.csv

Mission Failed (Palisades)

Mission Failed (Palisades)

Mission Completed (Palisades)

Mission Failed (Palisades)

Mission Failed (Palisades)

Mission Failed (Palisades)

Mission Completed (Palisades)

Mission Failed (Palisades)

Mission Failed (Palisades)

Mission Failed (Palisades)

Mission Failed (Palisades)

Mission Failed (Palisades)

Mission Failed (Palisades)

Mission Failed (Palisades)

Mission Completed (Palisades)

Mission Failed (Palisades)

Mission Completed (Palisades)

Mission Failed (Palisades)

Mission Failed (Palisades)

Mission Failed (Palisades)

Mission Completed (Palisades)

Mission Failed (Palisades)
Episode summary log written to examples/wildfire/data/scenarios/outputs/palisades_lr00075_563524/results_palisades_lr00075_26200_summary.csv

Mission Failed (Palisades)

Mission Completed (Palisades)

Mission Failed (Palisades)

Mission Failed (Palisades)

Mission Failed (Palisades)

Mission Failed (Palisades)

Mission Failed (Palisades)

Mission Failed (Palisades)

Mission Failed (Palisades)

Mission Failed (Palisades)

Mission Completed (Palisades)

Mission Failed (Palisades)
-----------------------------------------
| time/                   |             |
|    fps                  | 34          |
|    iterations           | 102         |
|    time_elapsed         | 55059       |
|    total_timesteps      | 1880064     |
| train/                  |             |
|    approx_kl            | 0.007004457 |
|    clip_fraction        | 0.041       |
|    clip_range           | 0.2         |
|    entropy_loss         | -9.89       |
|    explained_variance   | 0.86        |
|    learning_rate        | 8.28e-05    |
|    loss                 | -0.00699    |
|    n_updates            | 505         |
|    policy_gradient_loss | -0.00766    |
|    value_loss           | 0.0102      |
-----------------------------------------

Mission Failed (Palisades)

Mission Completed (Palisades)

Mission Completed (Palisades)

Mission Failed (Palisades)

Mission Completed (Palisades)

Mission Failed (Palisades)

Mission Failed (Palisades)

Mission Failed (Palisades)
Episode summary log written to examples/wildfire/data/scenarios/outputs/palisades_lr00075_563524/results_palisades_lr00075_26300_summary.csv

Mission Failed (Palisades)

Mission Failed (Palisades)

Mission Failed (Palisades)

Mission Failed (Palisades)

Mission Failed (Palisades)

Mission Completed (Palisades)

Mission Completed (Palisades)

Mission Failed (Palisades)

Mission Failed (Palisades)

Mission Failed (Palisades)

Mission Failed (Palisades)

Mission Failed (Palisades)

Mission Failed (Palisades)

Mission Failed (Palisades)

Mission Failed (Palisades)

Mission Failed (Palisades)

Mission Failed (Palisades)

Mission Failed (Palisades)

Mission Failed (Palisades)

Mission Completed (Palisades)

Mission Failed (Palisades)

Mission Failed (Palisades)

Mission Failed (Palisades)
Episode summary log written to examples/wildfire/data/scenarios/outputs/palisades_lr00075_563524/results_palisades_lr00075_26400_summary.csv

Mission Failed (Palisades)

Mission Failed (Palisades)

Mission Failed (Palisades)

Mission Failed (Palisades)

Mission Failed (Palisades)

Mission Completed (Palisades)

Mission Failed (Palisades)

Mission Failed (Palisades)

Mission Failed (Palisades)

Mission Failed (Palisades)

Mission Failed (Palisades)

Mission Completed (Palisades)

Mission Failed (Palisades)

Mission Failed (Palisades)

Mission Failed (Palisades)

Mission Failed (Palisades)

Mission Failed (Palisades)

Mission Failed (Palisades)

Mission Failed (Palisades)

Mission Failed (Palisades)

Mission Completed (Palisades)

Mission Failed (Palisades)

Mission Completed (Palisades)

Mission Failed (Palisades)

Mission Failed (Palisades)

Mission Failed (Palisades)

Mission Failed (Palisades)

Mission Failed (Palisades)

Mission Failed (Palisades)

Mission Failed (Palisades)

Mission Failed (Palisades)

Mission Failed (Palisades)

Mission Failed (Palisades)

Mission Failed (Palisades)

Mission Failed (Palisades)
Episode summary log written to examples/wildfire/data/scenarios/outputs/palisades_lr00075_563524/results_palisades_lr00075_26500_summary.csv

Mission Failed (Palisades)

Mission Failed (Palisades)

Mission Failed (Palisades)

Mission Failed (Palisades)

Mission Failed (Palisades)

Mission Completed (Palisades)

Mission Failed (Palisades)

Mission Failed (Palisades)
-----------------------------------------
| time/                   |             |
|    fps                  | 34          |
|    iterations           | 103         |
|    time_elapsed         | 55601       |
|    total_timesteps      | 1898496     |
| train/                  |             |
|    approx_kl            | 0.007316558 |
|    clip_fraction        | 0.052       |
|    clip_range           | 0.2         |
|    entropy_loss         | -9.89       |
|    explained_variance   | 0.865       |
|    learning_rate        | 7.57e-05    |
|    loss                 | -0.00484    |
|    n_updates            | 510         |
|    policy_gradient_loss | -0.00879    |
|    value_loss           | 0.00955     |
-----------------------------------------

Mission Failed (Palisades)

Mission Failed (Palisades)

Mission Failed (Palisades)

Mission Failed (Palisades)

Mission Failed (Palisades)

Mission Failed (Palisades)

Mission Failed (Palisades)

Mission Failed (Palisades)

Mission Failed (Palisades)

Mission Failed (Palisades)

Mission Failed (Palisades)

Mission Failed (Palisades)

Mission Failed (Palisades)

Mission Failed (Palisades)

Mission Failed (Palisades)

Mission Failed (Palisades)

Mission Failed (Palisades)

Mission Failed (Palisades)

Mission Failed (Palisades)
Episode summary log written to examples/wildfire/data/scenarios/outputs/palisades_lr00075_563524/results_palisades_lr00075_26600_summary.csv

Mission Failed (Palisades)

Mission Failed (Palisades)

Mission Failed (Palisades)

Mission Completed (Palisades)

Mission Failed (Palisades)

Mission Failed (Palisades)

Mission Failed (Palisades)

Mission Failed (Palisades)

Mission Failed (Palisades)

Mission Failed (Palisades)

Mission Failed (Palisades)

Mission Failed (Palisades)

Mission Failed (Palisades)

Mission Failed (Palisades)

Mission Failed (Palisades)

Mission Failed (Palisades)

Mission Failed (Palisades)

Mission Completed (Palisades)

Mission Failed (Palisades)

Mission Failed (Palisades)

Mission Failed (Palisades)
Episode summary log written to examples/wildfire/data/scenarios/outputs/palisades_lr00075_563524/results_palisades_lr00075_26700_summary.csv

Mission Failed (Palisades)

Mission Failed (Palisades)

Mission Failed (Palisades)

Mission Failed (Palisades)

Mission Failed (Palisades)

Mission Completed (Palisades)

Mission Failed (Palisades)

Mission Failed (Palisades)

Mission Failed (Palisades)

Mission Failed (Palisades)

Mission Completed (Palisades)

Mission Failed (Palisades)

Mission Failed (Palisades)

Mission Failed (Palisades)

Mission Failed (Palisades)

Mission Failed (Palisades)

Mission Failed (Palisades)

Mission Failed (Palisades)

Mission Failed (Palisades)

Mission Failed (Palisades)

Mission Failed (Palisades)

Mission Completed (Palisades)

Mission Completed (Palisades)

Mission Failed (Palisades)

Mission Failed (Palisades)

Mission Failed (Palisades)

Mission Failed (Palisades)

Mission Failed (Palisades)

Mission Failed (Palisades)
Episode summary log written to examples/wildfire/data/scenarios/outputs/palisades_lr00075_563524/results_palisades_lr00075_26800_summary.csv
-----------------------------------------
| time/                   |             |
|    fps                  | 34          |
|    iterations           | 104         |
|    time_elapsed         | 56160       |
|    total_timesteps      | 1916928     |
| train/                  |             |
|    approx_kl            | 0.006775023 |
|    clip_fraction        | 0.0468      |
|    clip_range           | 0.2         |
|    entropy_loss         | -9.85       |
|    explained_variance   | 0.876       |
|    learning_rate        | 6.84e-05    |
|    loss                 | -0.00734    |
|    n_updates            | 515         |
|    policy_gradient_loss | -0.00815    |
|    value_loss           | 0.00984     |
-----------------------------------------

Mission Failed (Palisades)

Mission Failed (Palisades)

Mission Failed (Palisades)

Mission Failed (Palisades)

Mission Failed (Palisades)

Mission Failed (Palisades)

Mission Failed (Palisades)

Mission Failed (Palisades)

Mission Failed (Palisades)

Mission Failed (Palisades)

Mission Failed (Palisades)

Mission Failed (Palisades)

Mission Failed (Palisades)

Mission Failed (Palisades)

Mission Failed (Palisades)

Mission Completed (Palisades)

Mission Completed (Palisades)

Mission Failed (Palisades)

Mission Failed (Palisades)

Mission Failed (Palisades)

Mission Failed (Palisades)
Episode summary log written to examples/wildfire/data/scenarios/outputs/palisades_lr00075_563524/results_palisades_lr00075_26900_summary.csv

Mission Failed (Palisades)

Mission Failed (Palisades)

Mission Failed (Palisades)

Mission Failed (Palisades)

Mission Failed (Palisades)

Mission Failed (Palisades)

Mission Failed (Palisades)

Mission Failed (Palisades)

Mission Completed (Palisades)

Mission Failed (Palisades)

Mission Failed (Palisades)

Mission Failed (Palisades)

Mission Failed (Palisades)

Mission Failed (Palisades)

Mission Failed (Palisades)

Mission Failed (Palisades)

Mission Failed (Palisades)

Mission Failed (Palisades)

Mission Failed (Palisades)

Mission Failed (Palisades)

Mission Failed (Palisades)

Mission Failed (Palisades)

Mission Failed (Palisades)

Mission Failed (Palisades)

Mission Completed (Palisades)

Mission Failed (Palisades)

Mission Failed (Palisades)

Mission Failed (Palisades)
Per-step log written to examples/wildfire/data/scenarios/outputs/palisades_lr00075_563524/results_palisades_lr00075_27000_steps.csv
Decision-step log written to examples/wildfire/data/scenarios/outputs/palisades_lr00075_563524/results_palisades_lr00075_27000_decision_steps.csv
Episode summary log written to examples/wildfire/data/scenarios/outputs/palisades_lr00075_563524/results_palisades_lr00075_27000_summary.csv

Mission Failed (Palisades)

Mission Failed (Palisades)

Mission Failed (Palisades)

Mission Completed (Palisades)

Mission Failed (Palisades)

Mission Failed (Palisades)

Mission Failed (Palisades)

Mission Completed (Palisades)

Mission Failed (Palisades)

Mission Failed (Palisades)

Mission Failed (Palisades)

Mission Failed (Palisades)

Mission Failed (Palisades)

Mission Completed (Palisades)

Mission Failed (Palisades)

Mission Failed (Palisades)

Mission Failed (Palisades)
-----------------------------------------
| time/                   |             |
|    fps                  | 34          |
|    iterations           | 105         |
|    time_elapsed         | 56728       |
|    total_timesteps      | 1935360     |
| train/                  |             |
|    approx_kl            | 0.006105955 |
|    clip_fraction        | 0.0364      |
|    clip_range           | 0.2         |
|    entropy_loss         | -9.83       |
|    explained_variance   | 0.874       |
|    learning_rate        | 6.07e-05    |
|    loss                 | -0.00316    |
|    n_updates            | 520         |
|    policy_gradient_loss | -0.00788    |
|    value_loss           | 0.00932     |
-----------------------------------------
Episode summary log written to examples/wildfire/data/scenarios/outputs/palisades_lr00075_563524/results_palisades_lr00075_27100_summary.csv

Mission Failed (Palisades)

Mission Failed (Palisades)

Mission Failed (Palisades)

Mission Failed (Palisades)

Mission Failed (Palisades)

Mission Completed (Palisades)

Mission Failed (Palisades)

Mission Failed (Palisades)

Mission Failed (Palisades)

Mission Completed (Palisades)

Mission Failed (Palisades)

Mission Failed (Palisades)

Mission Completed (Palisades)

Mission Failed (Palisades)

Mission Failed (Palisades)

Mission Completed (Palisades)

Mission Failed (Palisades)

Mission Failed (Palisades)

Mission Failed (Palisades)

Mission Failed (Palisades)

Mission Completed (Palisades)
Episode summary log written to examples/wildfire/data/scenarios/outputs/palisades_lr00075_563524/results_palisades_lr00075_27200_summary.csv

Mission Completed (Palisades)

Mission Failed (Palisades)

Mission Failed (Palisades)

Mission Failed (Palisades)

Mission Failed (Palisades)

Mission Failed (Palisades)

Mission Completed (Palisades)

Mission Failed (Palisades)

Mission Failed (Palisades)

Mission Completed (Palisades)

Mission Failed (Palisades)

Mission Failed (Palisades)

Mission Failed (Palisades)

Mission Completed (Palisades)

Mission Failed (Palisades)

Mission Failed (Palisades)

Mission Failed (Palisades)

Mission Failed (Palisades)

Mission Failed (Palisades)

Mission Completed (Palisades)

Mission Failed (Palisades)

Mission Failed (Palisades)

Mission Failed (Palisades)

Mission Failed (Palisades)

Mission Failed (Palisades)

Mission Failed (Palisades)

Mission Failed (Palisades)

Mission Failed (Palisades)

Mission Completed (Palisades)

Mission Completed (Palisades)
Episode summary log written to examples/wildfire/data/scenarios/outputs/palisades_lr00075_563524/results_palisades_lr00075_27300_summary.csv

Mission Failed (Palisades)

Mission Failed (Palisades)

Mission Failed (Palisades)

Mission Failed (Palisades)

Mission Failed (Palisades)

Mission Failed (Palisades)

Mission Failed (Palisades)

Mission Failed (Palisades)

Mission Failed (Palisades)

Mission Failed (Palisades)

Mission Failed (Palisades)

Mission Failed (Palisades)

Mission Failed (Palisades)

Mission Completed (Palisades)

Mission Failed (Palisades)

Mission Completed (Palisades)

Mission Completed (Palisades)

Mission Failed (Palisades)

Mission Failed (Palisades)

Mission Failed (Palisades)

Mission Failed (Palisades)

Mission Failed (Palisades)

Mission Failed (Palisades)

Mission Failed (Palisades)

Mission Failed (Palisades)
------------------------------------------
| time/                   |              |
|    fps                  | 34           |
|    iterations           | 106          |
|    time_elapsed         | 57263        |
|    total_timesteps      | 1953792      |
| train/                  |              |
|    approx_kl            | 0.0059457887 |
|    clip_fraction        | 0.0265       |
|    clip_range           | 0.2          |
|    entropy_loss         | -9.8         |
|    explained_variance   | 0.875        |
|    learning_rate        | 5.25e-05     |
|    loss                 | -0.00735     |
|    n_updates            | 525          |
|    policy_gradient_loss | -0.00702     |
|    value_loss           | 0.00822      |
------------------------------------------

Mission Failed (Palisades)

Mission Completed (Palisades)

Mission Failed (Palisades)

Mission Failed (Palisades)

Mission Failed (Palisades)

Mission Completed (Palisades)
Episode summary log written to examples/wildfire/data/scenarios/outputs/palisades_lr00075_563524/results_palisades_lr00075_27400_summary.csv

Mission Failed (Palisades)

Mission Failed (Palisades)

Mission Failed (Palisades)

Mission Failed (Palisades)

Mission Completed (Palisades)

Mission Failed (Palisades)

Mission Failed (Palisades)

Mission Failed (Palisades)

Mission Failed (Palisades)

Mission Failed (Palisades)

Mission Failed (Palisades)

Mission Completed (Palisades)

Mission Failed (Palisades)

Mission Failed (Palisades)

Mission Failed (Palisades)

Mission Completed (Palisades)

Mission Failed (Palisades)

Mission Failed (Palisades)

Mission Failed (Palisades)

Mission Failed (Palisades)

Mission Failed (Palisades)

Mission Failed (Palisades)
Episode summary log written to examples/wildfire/data/scenarios/outputs/palisades_lr00075_563524/results_palisades_lr00075_27500_summary.csv

Mission Completed (Palisades)

Mission Completed (Palisades)

Mission Failed (Palisades)

Mission Failed (Palisades)

Mission Completed (Palisades)

Mission Failed (Palisades)

Mission Failed (Palisades)

Mission Failed (Palisades)

Mission Failed (Palisades)

Mission Failed (Palisades)

Mission Failed (Palisades)

Mission Completed (Palisades)

Mission Failed (Palisades)

Mission Failed (Palisades)

Mission Completed (Palisades)

Mission Failed (Palisades)

Mission Completed (Palisades)

Mission Failed (Palisades)

Mission Failed (Palisades)

Mission Failed (Palisades)

Mission Completed (Palisades)

Mission Failed (Palisades)

Mission Failed (Palisades)

Mission Failed (Palisades)

Mission Failed (Palisades)

Mission Failed (Palisades)

Mission Failed (Palisades)
Episode summary log written to examples/wildfire/data/scenarios/outputs/palisades_lr00075_563524/results_palisades_lr00075_27600_summary.csv

Mission Failed (Palisades)

Mission Failed (Palisades)

Mission Failed (Palisades)

Mission Failed (Palisades)

Mission Failed (Palisades)

Mission Failed (Palisades)

Mission Failed (Palisades)

Mission Failed (Palisades)

Mission Failed (Palisades)

Mission Failed (Palisades)

Mission Completed (Palisades)

Mission Failed (Palisades)
-----------------------------------------
| time/                   |             |
|    fps                  | 34          |
|    iterations           | 107         |
|    time_elapsed         | 57802       |
|    total_timesteps      | 1972224     |
| train/                  |             |
|    approx_kl            | 0.005044656 |
|    clip_fraction        | 0.022       |
|    clip_range           | 0.2         |
|    entropy_loss         | -9.72       |
|    explained_variance   | 0.857       |
|    learning_rate        | 4.38e-05    |
|    loss                 | -0.0107     |
|    n_updates            | 530         |
|    policy_gradient_loss | -0.00653    |
|    value_loss           | 0.01        |
-----------------------------------------

Mission Failed (Palisades)

Mission Completed (Palisades)

Mission Failed (Palisades)

Mission Completed (Palisades)

Mission Failed (Palisades)

Mission Failed (Palisades)

Mission Completed (Palisades)

Mission Failed (Palisades)

Mission Failed (Palisades)

Mission Failed (Palisades)

Mission Failed (Palisades)

Mission Completed (Palisades)

Mission Failed (Palisades)

Mission Failed (Palisades)
Episode summary log written to examples/wildfire/data/scenarios/outputs/palisades_lr00075_563524/results_palisades_lr00075_27700_summary.csv

Mission Failed (Palisades)

Mission Completed (Palisades)

Mission Completed (Palisades)

Mission Failed (Palisades)

Mission Failed (Palisades)

Mission Failed (Palisades)

Mission Completed (Palisades)

Mission Completed (Palisades)

Mission Completed (Palisades)

Mission Failed (Palisades)

Mission Failed (Palisades)

Mission Failed (Palisades)

Mission Failed (Palisades)

Mission Failed (Palisades)

Mission Failed (Palisades)

Mission Failed (Palisades)

Mission Failed (Palisades)

Mission Completed (Palisades)

Mission Failed (Palisades)

Mission Failed (Palisades)

Mission Failed (Palisades)

Mission Failed (Palisades)

Mission Completed (Palisades)

Mission Failed (Palisades)

Mission Failed (Palisades)

Mission Failed (Palisades)

Mission Failed (Palisades)

Mission Failed (Palisades)

Mission Completed (Palisades)

Mission Completed (Palisades)

Mission Failed (Palisades)
Episode summary log written to examples/wildfire/data/scenarios/outputs/palisades_lr00075_563524/results_palisades_lr00075_27800_summary.csv

Mission Completed (Palisades)

Mission Failed (Palisades)

Mission Failed (Palisades)

Mission Completed (Palisades)

Mission Failed (Palisades)

Mission Failed (Palisades)

Mission Failed (Palisades)

Mission Failed (Palisades)

Mission Completed (Palisades)

Mission Failed (Palisades)

Mission Failed (Palisades)

Mission Failed (Palisades)

Mission Failed (Palisades)

Mission Failed (Palisades)

Mission Completed (Palisades)

Mission Failed (Palisades)

Mission Failed (Palisades)

Mission Completed (Palisades)

Mission Failed (Palisades)

Mission Failed (Palisades)

Mission Failed (Palisades)

Mission Failed (Palisades)

Mission Failed (Palisades)

Mission Completed (Palisades)

Mission Failed (Palisades)
Episode summary log written to examples/wildfire/data/scenarios/outputs/palisades_lr00075_563524/results_palisades_lr00075_27900_summary.csv

Mission Failed (Palisades)

Mission Completed (Palisades)

Mission Failed (Palisades)

Mission Failed (Palisades)

Mission Failed (Palisades)

Mission Failed (Palisades)

Mission Failed (Palisades)

Mission Failed (Palisades)

Mission Failed (Palisades)

Mission Failed (Palisades)
------------------------------------------
| time/                   |              |
|    fps                  | 34           |
|    iterations           | 108          |
|    time_elapsed         | 58342        |
|    total_timesteps      | 1990656      |
| train/                  |              |
|    approx_kl            | 0.0045352224 |
|    clip_fraction        | 0.0194       |
|    clip_range           | 0.2          |
|    entropy_loss         | -9.71        |
|    explained_variance   | 0.867        |
|    learning_rate        | 3.43e-05     |
|    loss                 | -0.0057      |
|    n_updates            | 535          |
|    policy_gradient_loss | -0.00542     |
|    value_loss           | 0.00929      |
------------------------------------------

Mission Completed (Palisades)

Mission Failed (Palisades)

Mission Failed (Palisades)

Mission Failed (Palisades)

Mission Failed (Palisades)

Mission Failed (Palisades)

Mission Failed (Palisades)

Mission Failed (Palisades)

Mission Failed (Palisades)

Mission Completed (Palisades)

Mission Failed (Palisades)

Mission Completed (Palisades)

Mission Failed (Palisades)

Mission Failed (Palisades)
Per-step log written to examples/wildfire/data/scenarios/outputs/palisades_lr00075_563524/results_palisades_lr00075_28000_steps.csv
Decision-step log written to examples/wildfire/data/scenarios/outputs/palisades_lr00075_563524/results_palisades_lr00075_28000_decision_steps.csv
Episode summary log written to examples/wildfire/data/scenarios/outputs/palisades_lr00075_563524/results_palisades_lr00075_28000_summary.csv

Mission Completed (Palisades)

Mission Failed (Palisades)

Mission Failed (Palisades)

Mission Failed (Palisades)

Mission Failed (Palisades)

Mission Failed (Palisades)

Mission Completed (Palisades)

Mission Completed (Palisades)

Mission Failed (Palisades)

Mission Failed (Palisades)

Mission Failed (Palisades)

Mission Completed (Palisades)

Mission Failed (Palisades)

Mission Failed (Palisades)

Mission Failed (Palisades)
Episode summary log written to examples/wildfire/data/scenarios/outputs/palisades_lr00075_563524/results_palisades_lr00075_28100_summary.csv

Mission Failed (Palisades)

Mission Failed (Palisades)

Mission Completed (Palisades)

Mission Failed (Palisades)

Mission Failed (Palisades)

Mission Completed (Palisades)

Mission Failed (Palisades)

Mission Failed (Palisades)

Mission Failed (Palisades)

Mission Completed (Palisades)

Mission Failed (Palisades)

Mission Failed (Palisades)

Mission Failed (Palisades)

Mission Failed (Palisades)

Mission Failed (Palisades)

Mission Failed (Palisades)

Mission Failed (Palisades)

Mission Completed (Palisades)

Mission Failed (Palisades)

Mission Failed (Palisades)
Episode summary log written to examples/wildfire/data/scenarios/outputs/palisades_lr00075_563524/results_palisades_lr00075_28200_summary.csv

Mission Failed (Palisades)

Mission Failed (Palisades)

Mission Failed (Palisades)

Mission Failed (Palisades)

Mission Failed (Palisades)

Mission Completed (Palisades)

Mission Failed (Palisades)
------------------------------------------
| time/                   |              |
|    fps                  | 34           |
|    iterations           | 109          |
|    time_elapsed         | 58870        |
|    total_timesteps      | 2009088      |
| train/                  |              |
|    approx_kl            | 0.0036162082 |
|    clip_fraction        | 0.0122       |
|    clip_range           | 0.2          |
|    entropy_loss         | -9.71        |
|    explained_variance   | 0.867        |
|    learning_rate        | 2.34e-05     |
|    loss                 | 0.00115      |
|    n_updates            | 540          |
|    policy_gradient_loss | -0.00409     |
|    value_loss           | 0.00879      |
------------------------------------------

Mission Completed (Palisades)

Mission Failed (Palisades)

Mission Failed (Palisades)

Mission Completed (Palisades)

Mission Failed (Palisades)

Mission Failed (Palisades)

Mission Failed (Palisades)

Mission Failed (Palisades)

Mission Failed (Palisades)

Mission Failed (Palisades)

Mission Failed (Palisades)

Mission Failed (Palisades)

Mission Failed (Palisades)
Episode summary log written to examples/wildfire/data/scenarios/outputs/palisades_lr00075_563524/results_palisades_lr00075_28300_summary.csv

Mission Failed (Palisades)

Mission Failed (Palisades)

Mission Failed (Palisades)

Mission Failed (Palisades)

Mission Failed (Palisades)

Mission Failed (Palisades)

Mission Failed (Palisades)

Mission Failed (Palisades)

Mission Failed (Palisades)

Mission Failed (Palisades)

Mission Completed (Palisades)

Mission Failed (Palisades)

Mission Failed (Palisades)

Mission Failed (Palisades)

Mission Failed (Palisades)

Mission Completed (Palisades)

Mission Completed (Palisades)

Mission Failed (Palisades)

Mission Failed (Palisades)

Mission Failed (Palisades)

Mission Failed (Palisades)

Mission Failed (Palisades)

Mission Failed (Palisades)

Mission Failed (Palisades)

Mission Completed (Palisades)

Mission Failed (Palisades)

Mission Failed (Palisades)
Episode summary log written to examples/wildfire/data/scenarios/outputs/palisades_lr00075_563524/results_palisades_lr00075_28400_summary.csv

Mission Failed (Palisades)

Mission Failed (Palisades)

Mission Failed (Palisades)

Mission Failed (Palisades)

Mission Failed (Palisades)

Mission Failed (Palisades)

Mission Failed (Palisades)

Mission Failed (Palisades)

Mission Failed (Palisades)

Mission Failed (Palisades)

Mission Failed (Palisades)

Mission Failed (Palisades)

Mission Failed (Palisades)

Mission Failed (Palisades)

Mission Failed (Palisades)

Mission Failed (Palisades)

Mission Failed (Palisades)

Mission Failed (Palisades)

Mission Failed (Palisades)

Mission Completed (Palisades)

Mission Failed (Palisades)

Mission Failed (Palisades)

Mission Failed (Palisades)

Mission Completed (Palisades)

Mission Failed (Palisades)

Mission Failed (Palisades)

Mission Failed (Palisades)

Mission Failed (Palisades)

Mission Completed (Palisades)

Mission Completed (Palisades)

Mission Failed (Palisades)

Mission Failed (Palisades)

Mission Failed (Palisades)

Mission Failed (Palisades)
Episode summary log written to examples/wildfire/data/scenarios/outputs/palisades_lr00075_563524/results_palisades_lr00075_28500_summary.csv

Mission Completed (Palisades)

Mission Failed (Palisades)

Mission Failed (Palisades)

Mission Failed (Palisades)

Mission Failed (Palisades)

Mission Failed (Palisades)
------------------------------------------
| time/                   |              |
|    fps                  | 34           |
|    iterations           | 110          |
|    time_elapsed         | 59406        |
|    total_timesteps      | 2027520      |
| train/                  |              |
|    approx_kl            | 0.0029907618 |
|    clip_fraction        | 0.00503      |
|    clip_range           | 0.2          |
|    entropy_loss         | -9.68        |
|    explained_variance   | 0.811        |
|    learning_rate        | 9.41e-06     |
|    loss                 | 0.00105      |
|    n_updates            | 545          |
|    policy_gradient_loss | -0.00297     |
|    value_loss           | 0.0093       |
------------------------------------------
Per-step log written to examples/wildfire/data/scenarios/outputs/palisades_lr00075_563524/results_palisades_lr00075_28511_steps.csv
Decision-step log written to examples/wildfire/data/scenarios/outputs/palisades_lr00075_563524/results_palisades_lr00075_28511_decision_steps.csv
Training complete in 59413.47 seconds.
Trained model saved to examples/wildfire/data/scenarios/outputs/palisades_lr00075_563524/palisades_lr00075.zip
Episode training summary written to examples/wildfire/data/scenarios/outputs/palisades_lr00075_563524/training_episode_summaries.csv
Episode training summary written to examples/wildfire/data/scenarios/outputs/palisades_lr00075_563524/training_episode_summaries.xlsx
