/home/ibrahimoguz/.conda/envs/rl-env/bin/python
PPO rollout config: num_envs=128, n_steps=144, effective_batch=18432, minibatches=24, batch_size=768
State fire fronts inspected for front-derived flags (topography/vegetation/indirect/urban/water): 5
Decision start delay: Palisades copy.json response_time / 60 = 60.0 minutes
Adaptive fire timestep: scenario value.
Adaptive fire step-size factor: scenario/default value (active only when enable_adaptive_time_step=true).
Allowed tactic combinations: 17
Diagnostic: gc.collect() and prior-sim drop at reset start enabled.
State space: old (38 observation features)
Tactic distribution: individual; controlled_aircraft=3; aircraft_group_size=3; action_decisions=3
Vector env start method: fork
Policy arch: independent pi=[512,256,128] / vf=[512,256,128], Tanh
Using cpu device
PPO hyperparams: lr=0.0005 (decay^0.7), n_epochs=5, gamma=0.99, ent_coef=0.0, target_kl=None

Mission Completed (Palisades)

Mission Completed (Palisades)

Mission Failed (Palisades)

Mission Failed (Palisades)

Mission Failed (Palisades)

Mission Failed (Palisades)

Mission Failed (Palisades)

Mission Failed (Palisades)

Mission Failed (Palisades)

Mission Failed (Palisades)

Mission Failed (Palisades)

Mission Failed (Palisades)

Mission Failed (Palisades)

Mission Failed (Palisades)

Mission Failed (Palisades)

Mission Failed (Palisades)

Mission Failed (Palisades)

Mission Failed (Palisades)

Mission Failed (Palisades)

Mission Failed (Palisades)

Mission Failed (Palisades)

Mission Failed (Palisades)

Mission Failed (Palisades)

Mission Failed (Palisades)

Mission Failed (Palisades)

Mission Failed (Palisades)

Mission Failed (Palisades)

Mission Failed (Palisades)

Mission Failed (Palisades)

Mission Failed (Palisades)

Mission Failed (Palisades)

Mission Failed (Palisades)

Mission Failed (Palisades)

Mission Failed (Palisades)

Mission Failed (Palisades)

Mission Failed (Palisades)

Mission Failed (Palisades)

Mission Failed (Palisades)

Mission Failed (Palisades)

Mission Failed (Palisades)

Mission Failed (Palisades)

Mission Failed (Palisades)

Mission Failed (Palisades)

Mission Failed (Palisades)

Mission Failed (Palisades)

Mission Failed (Palisades)

Mission Failed (Palisades)

Mission Failed (Palisades)

Mission Failed (Palisades)

Mission Failed (Palisades)

Mission Failed (Palisades)

Mission Failed (Palisades)

Mission Failed (Palisades)

Mission Failed (Palisades)

Mission Failed (Palisades)

Mission Failed (Palisades)

Mission Failed (Palisades)

Mission Failed (Palisades)

Mission Failed (Palisades)

Mission Failed (Palisades)

Mission Failed (Palisades)

Mission Failed (Palisades)

Mission Failed (Palisades)

Mission Failed (Palisades)

Mission Failed (Palisades)

Mission Failed (Palisades)

Mission Failed (Palisades)

Mission Failed (Palisades)

Mission Failed (Palisades)

Mission Failed (Palisades)

Mission Failed (Palisades)

Mission Failed (Palisades)

Mission Failed (Palisades)

Mission Failed (Palisades)

Mission Failed (Palisades)

Mission Failed (Palisades)

Mission Failed (Palisades)

Mission Failed (Palisades)

Mission Failed (Palisades)

Mission Failed (Palisades)

Mission Failed (Palisades)

Mission Failed (Palisades)

Mission Failed (Palisades)

Mission Failed (Palisades)

Mission Failed (Palisades)

Mission Failed (Palisades)

Mission Failed (Palisades)

Mission Failed (Palisades)

Mission Failed (Palisades)

Mission Failed (Palisades)

Mission Failed (Palisades)

Mission Failed (Palisades)
Episode summary log written to examples/wildfire/data/scenarios/outputs/palisades_lr00075_557251/results_palisades_lr00075_100_summary.csv

Mission Failed (Palisades)

Mission Failed (Palisades)

Mission Failed (Palisades)

Mission Failed (Palisades)

Mission Failed (Palisades)

Mission Failed (Palisades)

Mission Failed (Palisades)

Mission Failed (Palisades)

Mission Failed (Palisades)

Mission Failed (Palisades)

Mission Failed (Palisades)

Mission Failed (Palisades)

Mission Failed (Palisades)

Mission Failed (Palisades)

Mission Failed (Palisades)

Mission Failed (Palisades)

Mission Failed (Palisades)

Mission Failed (Palisades)

Mission Failed (Palisades)

Mission Failed (Palisades)

Mission Failed (Palisades)

Mission Failed (Palisades)

Mission Failed (Palisades)

Mission Failed (Palisades)

Mission Failed (Palisades)

Mission Failed (Palisades)

Mission Failed (Palisades)

Mission Failed (Palisades)

Mission Failed (Palisades)

Mission Failed (Palisades)

Mission Failed (Palisades)

Mission Failed (Palisades)

Mission Failed (Palisades)
------------------------------
| time/              |       |
|    fps             | 30    |
|    iterations      | 1     |
|    time_elapsed    | 609   |
|    total_timesteps | 18432 |
------------------------------

Mission Failed (Palisades)

Mission Completed (Palisades)

Mission Failed (Palisades)

Mission Failed (Palisades)

Mission Failed (Palisades)

Mission Failed (Palisades)

Mission Failed (Palisades)

Mission Failed (Palisades)

Mission Failed (Palisades)

Mission Failed (Palisades)

Mission Failed (Palisades)

Mission Failed (Palisades)

Mission Failed (Palisades)

Mission Failed (Palisades)

Mission Failed (Palisades)

Mission Failed (Palisades)

Mission Failed (Palisades)

Mission Failed (Palisades)

Mission Failed (Palisades)

Mission Failed (Palisades)

Mission Failed (Palisades)

Mission Failed (Palisades)

Mission Failed (Palisades)

Mission Failed (Palisades)

Mission Failed (Palisades)

Mission Failed (Palisades)

Mission Failed (Palisades)

Mission Failed (Palisades)

Mission Failed (Palisades)

Mission Failed (Palisades)

Mission Failed (Palisades)

Mission Failed (Palisades)

Mission Failed (Palisades)

Mission Failed (Palisades)

Mission Failed (Palisades)

Mission Failed (Palisades)

Mission Failed (Palisades)

Mission Failed (Palisades)

Mission Failed (Palisades)

Mission Failed (Palisades)

Mission Failed (Palisades)

Mission Failed (Palisades)

Mission Failed (Palisades)

Mission Failed (Palisades)

Mission Failed (Palisades)

Mission Failed (Palisades)

Mission Failed (Palisades)

Mission Failed (Palisades)

Mission Failed (Palisades)

Mission Failed (Palisades)

Mission Failed (Palisades)

Mission Failed (Palisades)

Mission Failed (Palisades)

Mission Failed (Palisades)

Mission Failed (Palisades)

Mission Failed (Palisades)

Mission Failed (Palisades)

Mission Failed (Palisades)

Mission Failed (Palisades)

Mission Failed (Palisades)

Mission Failed (Palisades)

Mission Failed (Palisades)

Mission Failed (Palisades)

Mission Failed (Palisades)

Mission Failed (Palisades)

Mission Failed (Palisades)

Mission Failed (Palisades)

Mission Failed (Palisades)
Episode summary log written to examples/wildfire/data/scenarios/outputs/palisades_lr00075_557251/results_palisades_lr00075_200_summary.csv

Mission Failed (Palisades)

Mission Failed (Palisades)

Mission Failed (Palisades)

Mission Failed (Palisades)

Mission Failed (Palisades)

Mission Failed (Palisades)

Mission Failed (Palisades)

Mission Failed (Palisades)

Mission Failed (Palisades)

Mission Failed (Palisades)

Mission Failed (Palisades)

Mission Failed (Palisades)

Mission Failed (Palisades)

Mission Failed (Palisades)

Mission Failed (Palisades)

Mission Failed (Palisades)

Mission Failed (Palisades)

Mission Failed (Palisades)

Mission Failed (Palisades)

Mission Failed (Palisades)

Mission Failed (Palisades)

Mission Failed (Palisades)

Mission Failed (Palisades)

Mission Failed (Palisades)

Mission Failed (Palisades)

Mission Failed (Palisades)

Mission Failed (Palisades)

Mission Failed (Palisades)

Mission Failed (Palisades)

Mission Failed (Palisades)

Mission Failed (Palisades)

Mission Failed (Palisades)

Mission Failed (Palisades)

Mission Failed (Palisades)

Mission Failed (Palisades)

Mission Failed (Palisades)

Mission Failed (Palisades)

Mission Failed (Palisades)

Mission Failed (Palisades)

Mission Failed (Palisades)

Mission Failed (Palisades)

Mission Failed (Palisades)

Mission Failed (Palisades)

Mission Failed (Palisades)

Mission Failed (Palisades)

Mission Failed (Palisades)

Mission Failed (Palisades)

Mission Failed (Palisades)

Mission Failed (Palisades)

Mission Failed (Palisades)

Mission Failed (Palisades)

Mission Failed (Palisades)

Mission Failed (Palisades)

Mission Failed (Palisades)

Mission Failed (Palisades)

Mission Failed (Palisades)

Mission Failed (Palisades)

Mission Failed (Palisades)

Mission Failed (Palisades)

Mission Failed (Palisades)
-----------------------------------------
| time/                   |             |
|    fps                  | 28          |
|    iterations           | 2           |
|    time_elapsed         | 1312        |
|    total_timesteps      | 36864       |
| train/                  |             |
|    approx_kl            | 0.010944796 |
|    clip_fraction        | 0.0651      |
|    clip_range           | 0.2         |
|    entropy_loss         | -8.49       |
|    explained_variance   | -0.366      |
|    learning_rate        | 0.000494    |
|    loss                 | 0.00102     |
|    n_updates            | 5           |
|    policy_gradient_loss | -0.00549    |
|    value_loss           | 0.0321      |
-----------------------------------------

Mission Failed (Palisades)

Mission Failed (Palisades)

Mission Failed (Palisades)

Mission Failed (Palisades)

Mission Failed (Palisades)

Mission Failed (Palisades)

Mission Failed (Palisades)

Mission Failed (Palisades)

Mission Failed (Palisades)

Mission Failed (Palisades)

Mission Failed (Palisades)

Mission Failed (Palisades)

Mission Failed (Palisades)

Mission Failed (Palisades)

Mission Failed (Palisades)

Mission Failed (Palisades)

Mission Failed (Palisades)

Mission Failed (Palisades)

Mission Failed (Palisades)

Mission Failed (Palisades)

Mission Failed (Palisades)

Mission Failed (Palisades)

Mission Failed (Palisades)

Mission Failed (Palisades)

Mission Failed (Palisades)
Episode summary log written to examples/wildfire/data/scenarios/outputs/palisades_lr00075_557251/results_palisades_lr00075_300_summary.csv

Mission Failed (Palisades)

Mission Failed (Palisades)

Mission Failed (Palisades)

Mission Failed (Palisades)

Mission Failed (Palisades)

Mission Failed (Palisades)

Mission Failed (Palisades)

Mission Failed (Palisades)

Mission Failed (Palisades)

Mission Failed (Palisades)

Mission Failed (Palisades)

Mission Failed (Palisades)

Mission Failed (Palisades)

Mission Failed (Palisades)

Mission Failed (Palisades)

Mission Failed (Palisades)

Mission Failed (Palisades)

Mission Failed (Palisades)

Mission Failed (Palisades)

Mission Failed (Palisades)

Mission Failed (Palisades)

Mission Failed (Palisades)

Mission Failed (Palisades)

Mission Failed (Palisades)

Mission Failed (Palisades)

Mission Failed (Palisades)

Mission Failed (Palisades)

Mission Failed (Palisades)

Mission Failed (Palisades)

Mission Failed (Palisades)

Mission Failed (Palisades)

Mission Failed (Palisades)

Mission Failed (Palisades)

Mission Failed (Palisades)

Mission Failed (Palisades)

Mission Failed (Palisades)

Mission Failed (Palisades)

Mission Failed (Palisades)

Mission Failed (Palisades)

Mission Failed (Palisades)

Mission Failed (Palisades)

Mission Failed (Palisades)

Mission Failed (Palisades)

Mission Failed (Palisades)

Mission Failed (Palisades)

Mission Failed (Palisades)

Mission Failed (Palisades)

Mission Failed (Palisades)

Mission Failed (Palisades)

Mission Failed (Palisades)

Mission Failed (Palisades)

Mission Failed (Palisades)

Mission Failed (Palisades)

Mission Failed (Palisades)

Mission Failed (Palisades)

Mission Failed (Palisades)

Mission Failed (Palisades)

Mission Failed (Palisades)

Mission Failed (Palisades)

Mission Failed (Palisades)

Mission Failed (Palisades)

Mission Failed (Palisades)

Mission Failed (Palisades)

Mission Failed (Palisades)

Mission Failed (Palisades)

Mission Failed (Palisades)

Mission Failed (Palisades)

Mission Failed (Palisades)

Mission Failed (Palisades)

Mission Failed (Palisades)

Mission Failed (Palisades)

Mission Failed (Palisades)

Mission Failed (Palisades)

Mission Failed (Palisades)

Mission Failed (Palisades)

Mission Failed (Palisades)

Mission Failed (Palisades)

Mission Failed (Palisades)

Mission Failed (Palisades)

Mission Failed (Palisades)

Mission Failed (Palisades)

Mission Failed (Palisades)

Mission Failed (Palisades)

Mission Failed (Palisades)

Mission Failed (Palisades)

Mission Failed (Palisades)

Mission Failed (Palisades)

Mission Failed (Palisades)

Mission Failed (Palisades)

Mission Failed (Palisades)

Mission Failed (Palisades)

Mission Failed (Palisades)

Mission Failed (Palisades)

Mission Failed (Palisades)

Mission Failed (Palisades)

Mission Failed (Palisades)
Episode summary log written to examples/wildfire/data/scenarios/outputs/palisades_lr00075_557251/results_palisades_lr00075_400_summary.csv

Mission Failed (Palisades)

Mission Failed (Palisades)

Mission Failed (Palisades)

Mission Failed (Palisades)

Mission Failed (Palisades)

Mission Failed (Palisades)

Mission Failed (Palisades)

Mission Failed (Palisades)

Mission Failed (Palisades)
------------------------------------------
| time/                   |              |
|    fps                  | 26           |
|    iterations           | 3            |
|    time_elapsed         | 2067         |
|    total_timesteps      | 55296        |
| train/                  |              |
|    approx_kl            | 0.0098947855 |
|    clip_fraction        | 0.0889       |
|    clip_range           | 0.2          |
|    entropy_loss         | -8.48        |
|    explained_variance   | 0.825        |
|    learning_rate        | 0.000487     |
|    loss                 | -0.00591     |
|    n_updates            | 10           |
|    policy_gradient_loss | -0.00682     |
|    value_loss           | 0.00298      |
------------------------------------------

Mission Failed (Palisades)

Mission Failed (Palisades)

Mission Failed (Palisades)

Mission Failed (Palisades)

Mission Failed (Palisades)

Mission Failed (Palisades)

Mission Failed (Palisades)

Mission Failed (Palisades)

Mission Failed (Palisades)

Mission Failed (Palisades)

Mission Failed (Palisades)

Mission Failed (Palisades)

Mission Failed (Palisades)

Mission Failed (Palisades)

Mission Failed (Palisades)

Mission Failed (Palisades)

Mission Failed (Palisades)

Mission Failed (Palisades)

Mission Failed (Palisades)

Mission Failed (Palisades)

Mission Failed (Palisades)

Mission Failed (Palisades)

Mission Failed (Palisades)

Mission Failed (Palisades)

Mission Failed (Palisades)

Mission Failed (Palisades)

Mission Failed (Palisades)

Mission Failed (Palisades)

Mission Failed (Palisades)

Mission Failed (Palisades)

Mission Failed (Palisades)

Mission Failed (Palisades)

Mission Failed (Palisades)

Mission Failed (Palisades)

Mission Failed (Palisades)

Mission Failed (Palisades)

Mission Failed (Palisades)

Mission Failed (Palisades)

Mission Failed (Palisades)

Mission Failed (Palisades)

Mission Failed (Palisades)

Mission Failed (Palisades)

Mission Failed (Palisades)

Mission Failed (Palisades)

Mission Failed (Palisades)

Mission Failed (Palisades)

Mission Failed (Palisades)

Mission Failed (Palisades)

Mission Failed (Palisades)

Mission Failed (Palisades)

Mission Failed (Palisades)

Mission Failed (Palisades)

Mission Failed (Palisades)

Mission Failed (Palisades)

Mission Failed (Palisades)

Mission Failed (Palisades)

Mission Failed (Palisades)

Mission Failed (Palisades)

Mission Failed (Palisades)

Mission Failed (Palisades)

Mission Failed (Palisades)

Mission Failed (Palisades)

Mission Failed (Palisades)

Mission Failed (Palisades)

Mission Failed (Palisades)

Mission Failed (Palisades)

Mission Failed (Palisades)

Mission Failed (Palisades)

Mission Failed (Palisades)

Mission Failed (Palisades)

Mission Failed (Palisades)

Mission Failed (Palisades)

Mission Failed (Palisades)

Mission Failed (Palisades)

Mission Failed (Palisades)

Mission Failed (Palisades)

Mission Failed (Palisades)

Mission Failed (Palisades)

Mission Failed (Palisades)

Mission Failed (Palisades)

Mission Failed (Palisades)

Mission Failed (Palisades)

Mission Failed (Palisades)

Mission Failed (Palisades)

Mission Failed (Palisades)

Mission Failed (Palisades)
Episode summary log written to examples/wildfire/data/scenarios/outputs/palisades_lr00075_557251/results_palisades_lr00075_500_summary.csv

Mission Failed (Palisades)

Mission Failed (Palisades)

Mission Failed (Palisades)

Mission Failed (Palisades)

Mission Failed (Palisades)

Mission Failed (Palisades)

Mission Failed (Palisades)

Mission Failed (Palisades)

Mission Failed (Palisades)

Mission Failed (Palisades)

Mission Failed (Palisades)

Mission Failed (Palisades)

Mission Failed (Palisades)

Mission Failed (Palisades)

Mission Failed (Palisades)

Mission Failed (Palisades)

Mission Failed (Palisades)

Mission Failed (Palisades)

Mission Failed (Palisades)

Mission Failed (Palisades)

Mission Failed (Palisades)

Mission Failed (Palisades)

Mission Failed (Palisades)

Mission Failed (Palisades)

Mission Failed (Palisades)

Mission Failed (Palisades)

Mission Failed (Palisades)

Mission Failed (Palisades)

Mission Failed (Palisades)

Mission Failed (Palisades)

Mission Failed (Palisades)

Mission Failed (Palisades)

Mission Failed (Palisades)

Mission Failed (Palisades)

Mission Failed (Palisades)

Mission Failed (Palisades)

Mission Failed (Palisades)

Mission Failed (Palisades)

Mission Failed (Palisades)

Mission Failed (Palisades)

Mission Failed (Palisades)

Mission Failed (Palisades)

Mission Failed (Palisades)

Mission Failed (Palisades)

Mission Failed (Palisades)

Mission Failed (Palisades)

Mission Failed (Palisades)

Mission Failed (Palisades)

Mission Failed (Palisades)

Mission Failed (Palisades)

Mission Failed (Palisades)
-----------------------------------------
| time/                   |             |
|    fps                  | 25          |
|    iterations           | 4           |
|    time_elapsed         | 2841        |
|    total_timesteps      | 73728       |
| train/                  |             |
|    approx_kl            | 0.008831944 |
|    clip_fraction        | 0.0782      |
|    clip_range           | 0.2         |
|    entropy_loss         | -8.47       |
|    explained_variance   | 0.945       |
|    learning_rate        | 0.000481    |
|    loss                 | -0.00951    |
|    n_updates            | 15          |
|    policy_gradient_loss | -0.00583    |
|    value_loss           | 0.00272     |
-----------------------------------------

Mission Failed (Palisades)

Mission Failed (Palisades)

Mission Failed (Palisades)

Mission Failed (Palisades)

Mission Failed (Palisades)

Mission Failed (Palisades)

Mission Failed (Palisades)

Mission Failed (Palisades)

Mission Failed (Palisades)

Mission Failed (Palisades)

Mission Failed (Palisades)

Mission Failed (Palisades)

Mission Failed (Palisades)

Mission Failed (Palisades)

Mission Failed (Palisades)

Mission Failed (Palisades)

Mission Failed (Palisades)

Mission Failed (Palisades)

Mission Failed (Palisades)

Mission Failed (Palisades)

Mission Failed (Palisades)

Mission Failed (Palisades)

Mission Failed (Palisades)

Mission Failed (Palisades)

Mission Failed (Palisades)

Mission Failed (Palisades)

Mission Failed (Palisades)

Mission Failed (Palisades)

Mission Failed (Palisades)

Mission Failed (Palisades)

Mission Failed (Palisades)

Mission Failed (Palisades)

Mission Failed (Palisades)

Mission Failed (Palisades)

Mission Failed (Palisades)

Mission Failed (Palisades)

Mission Failed (Palisades)

Mission Failed (Palisades)

Mission Failed (Palisades)

Mission Failed (Palisades)

Mission Failed (Palisades)

Mission Failed (Palisades)

Mission Failed (Palisades)

Mission Failed (Palisades)

Mission Failed (Palisades)

Mission Failed (Palisades)

Mission Failed (Palisades)

Mission Failed (Palisades)

Mission Failed (Palisades)
Episode summary log written to examples/wildfire/data/scenarios/outputs/palisades_lr00075_557251/results_palisades_lr00075_600_summary.csv

Mission Failed (Palisades)

Mission Failed (Palisades)

Mission Failed (Palisades)

Mission Failed (Palisades)

Mission Failed (Palisades)

Mission Failed (Palisades)

Mission Failed (Palisades)

Mission Failed (Palisades)

Mission Failed (Palisades)

Mission Failed (Palisades)

Mission Failed (Palisades)

Mission Failed (Palisades)

Mission Failed (Palisades)

Mission Failed (Palisades)

Mission Failed (Palisades)

Mission Failed (Palisades)

Mission Failed (Palisades)

Mission Failed (Palisades)

Mission Failed (Palisades)

Mission Failed (Palisades)

Mission Failed (Palisades)

Mission Failed (Palisades)

Mission Failed (Palisades)

Mission Failed (Palisades)

Mission Failed (Palisades)

Mission Failed (Palisades)

Mission Failed (Palisades)

Mission Failed (Palisades)

Mission Failed (Palisades)

Mission Failed (Palisades)

Mission Failed (Palisades)

Mission Failed (Palisades)

Mission Failed (Palisades)

Mission Failed (Palisades)

Mission Failed (Palisades)

Mission Failed (Palisades)

Mission Failed (Palisades)

Mission Failed (Palisades)

Mission Failed (Palisades)

Mission Failed (Palisades)

Mission Failed (Palisades)

Mission Failed (Palisades)

Mission Failed (Palisades)

Mission Failed (Palisades)

Mission Failed (Palisades)

Mission Failed (Palisades)

Mission Failed (Palisades)

Mission Failed (Palisades)

Mission Failed (Palisades)

Mission Failed (Palisades)

Mission Failed (Palisades)

Mission Failed (Palisades)

Mission Failed (Palisades)

Mission Failed (Palisades)

Mission Failed (Palisades)

Mission Failed (Palisades)

Mission Failed (Palisades)

Mission Failed (Palisades)

Mission Failed (Palisades)

Mission Failed (Palisades)

Mission Failed (Palisades)

Mission Failed (Palisades)

Mission Failed (Palisades)

Mission Failed (Palisades)

Mission Failed (Palisades)

Mission Failed (Palisades)

Mission Failed (Palisades)

Mission Failed (Palisades)

Mission Failed (Palisades)

Mission Failed (Palisades)

Mission Failed (Palisades)

Mission Failed (Palisades)

Mission Failed (Palisades)

Mission Failed (Palisades)

Mission Failed (Palisades)

Mission Failed (Palisades)

Mission Failed (Palisades)

Mission Failed (Palisades)

Mission Failed (Palisades)

Mission Failed (Palisades)

Mission Failed (Palisades)

Mission Failed (Palisades)

Mission Failed (Palisades)

Mission Failed (Palisades)

Mission Failed (Palisades)

Mission Failed (Palisades)

Mission Failed (Palisades)

Mission Failed (Palisades)

Mission Failed (Palisades)

Mission Failed (Palisades)

Mission Failed (Palisades)

Mission Failed (Palisades)

Mission Failed (Palisades)

Mission Failed (Palisades)

Mission Failed (Palisades)

Mission Failed (Palisades)

Mission Failed (Palisades)

Mission Failed (Palisades)

Mission Failed (Palisades)
Episode summary log written to examples/wildfire/data/scenarios/outputs/palisades_lr00075_557251/results_palisades_lr00075_700_summary.csv

Mission Failed (Palisades)

Mission Failed (Palisades)

Mission Failed (Palisades)

Mission Failed (Palisades)

Mission Failed (Palisades)

Mission Failed (Palisades)

Mission Failed (Palisades)

Mission Failed (Palisades)

Mission Failed (Palisades)

Mission Failed (Palisades)

Mission Failed (Palisades)

Mission Failed (Palisades)

Mission Failed (Palisades)

Mission Failed (Palisades)

Mission Failed (Palisades)

Mission Failed (Palisades)

Mission Failed (Palisades)

Mission Failed (Palisades)

Mission Failed (Palisades)

Mission Failed (Palisades)

Mission Failed (Palisades)

Mission Failed (Palisades)

Mission Failed (Palisades)

Mission Failed (Palisades)

Mission Failed (Palisades)

Mission Failed (Palisades)

Mission Failed (Palisades)

Mission Failed (Palisades)

Mission Failed (Palisades)

Mission Failed (Palisades)

Mission Failed (Palisades)

Mission Failed (Palisades)

Mission Failed (Palisades)

Mission Failed (Palisades)

Mission Failed (Palisades)

Mission Failed (Palisades)

Mission Failed (Palisades)

Mission Failed (Palisades)

Mission Failed (Palisades)

Mission Failed (Palisades)

Mission Failed (Palisades)

Mission Failed (Palisades)

Mission Failed (Palisades)

Mission Failed (Palisades)

Mission Failed (Palisades)

Mission Failed (Palisades)

Mission Failed (Palisades)

Mission Failed (Palisades)

Mission Failed (Palisades)

Mission Failed (Palisades)

Mission Failed (Palisades)

Mission Failed (Palisades)

Mission Failed (Palisades)

Mission Failed (Palisades)

Mission Failed (Palisades)

Mission Failed (Palisades)

Mission Failed (Palisades)

Mission Failed (Palisades)

Mission Failed (Palisades)

Mission Failed (Palisades)

Mission Failed (Palisades)

Mission Failed (Palisades)

Mission Failed (Palisades)

Mission Failed (Palisades)

Mission Failed (Palisades)

Mission Failed (Palisades)

Mission Failed (Palisades)

Mission Failed (Palisades)

Mission Failed (Palisades)

Mission Failed (Palisades)

Mission Failed (Palisades)
-----------------------------------------
| time/                   |             |
|    fps                  | 25          |
|    iterations           | 5           |
|    time_elapsed         | 3620        |
|    total_timesteps      | 92160       |
| train/                  |             |
|    approx_kl            | 0.009098503 |
|    clip_fraction        | 0.0866      |
|    clip_range           | 0.2         |
|    entropy_loss         | -8.47       |
|    explained_variance   | 0.964       |
|    learning_rate        | 0.000474    |
|    loss                 | -0.00819    |
|    n_updates            | 20          |
|    policy_gradient_loss | -0.00664    |
|    value_loss           | 0.00199     |
-----------------------------------------

Mission Failed (Palisades)

Mission Failed (Palisades)

Mission Failed (Palisades)

Mission Failed (Palisades)

Mission Failed (Palisades)

Mission Failed (Palisades)

Mission Failed (Palisades)

Mission Failed (Palisades)

Mission Failed (Palisades)

Mission Failed (Palisades)

Mission Failed (Palisades)

Mission Failed (Palisades)

Mission Failed (Palisades)

Mission Failed (Palisades)

Mission Failed (Palisades)

Mission Failed (Palisades)

Mission Failed (Palisades)

Mission Failed (Palisades)

Mission Failed (Palisades)

Mission Failed (Palisades)

Mission Failed (Palisades)

Mission Failed (Palisades)
Episode summary log written to examples/wildfire/data/scenarios/outputs/palisades_lr00075_557251/results_palisades_lr00075_800_summary.csv

Mission Failed (Palisades)

Mission Failed (Palisades)

Mission Failed (Palisades)

Mission Failed (Palisades)

Mission Failed (Palisades)

Mission Failed (Palisades)

Mission Failed (Palisades)

Mission Failed (Palisades)

Mission Failed (Palisades)

Mission Failed (Palisades)

Mission Failed (Palisades)

Mission Failed (Palisades)

Mission Failed (Palisades)

Mission Failed (Palisades)

Mission Failed (Palisades)

Mission Failed (Palisades)

Mission Failed (Palisades)

Mission Failed (Palisades)

Mission Failed (Palisades)

Mission Failed (Palisades)

Mission Failed (Palisades)

Mission Failed (Palisades)

Mission Failed (Palisades)

Mission Failed (Palisades)

Mission Failed (Palisades)

Mission Failed (Palisades)

Mission Failed (Palisades)

Mission Failed (Palisades)

Mission Failed (Palisades)

Mission Failed (Palisades)

Mission Failed (Palisades)

Mission Failed (Palisades)

Mission Failed (Palisades)

Mission Failed (Palisades)

Mission Failed (Palisades)

Mission Failed (Palisades)

Mission Failed (Palisades)

Mission Failed (Palisades)

Mission Failed (Palisades)

Mission Failed (Palisades)

Mission Failed (Palisades)

Mission Failed (Palisades)

Mission Failed (Palisades)

Mission Failed (Palisades)

Mission Failed (Palisades)

Mission Failed (Palisades)

Mission Failed (Palisades)

Mission Failed (Palisades)

Mission Failed (Palisades)

Mission Failed (Palisades)

Mission Failed (Palisades)

Mission Failed (Palisades)

Mission Failed (Palisades)

Mission Failed (Palisades)

Mission Failed (Palisades)

Mission Failed (Palisades)

Mission Failed (Palisades)

Mission Failed (Palisades)

Mission Failed (Palisades)

Mission Failed (Palisades)

Mission Failed (Palisades)

Mission Failed (Palisades)

Mission Failed (Palisades)

Mission Failed (Palisades)

Mission Failed (Palisades)

Mission Failed (Palisades)

Mission Failed (Palisades)

Mission Failed (Palisades)

Mission Failed (Palisades)

Mission Failed (Palisades)

Mission Failed (Palisades)

Mission Failed (Palisades)

Mission Failed (Palisades)

Mission Failed (Palisades)

Mission Failed (Palisades)

Mission Failed (Palisades)

Mission Failed (Palisades)

Mission Failed (Palisades)

Mission Failed (Palisades)

Mission Failed (Palisades)

Mission Failed (Palisades)

Mission Failed (Palisades)

Mission Failed (Palisades)

Mission Failed (Palisades)

Mission Failed (Palisades)

Mission Failed (Palisades)

Mission Failed (Palisades)

Mission Failed (Palisades)

Mission Failed (Palisades)

Mission Failed (Palisades)

Mission Failed (Palisades)

Mission Failed (Palisades)

Mission Failed (Palisades)

Mission Failed (Palisades)

Mission Failed (Palisades)

Mission Failed (Palisades)

Mission Failed (Palisades)
Episode summary log written to examples/wildfire/data/scenarios/outputs/palisades_lr00075_557251/results_palisades_lr00075_900_summary.csv

Mission Failed (Palisades)

Mission Failed (Palisades)

Mission Failed (Palisades)

Mission Failed (Palisades)

Mission Failed (Palisades)

Mission Failed (Palisades)

Mission Failed (Palisades)

Mission Failed (Palisades)

Mission Failed (Palisades)

Mission Failed (Palisades)

Mission Failed (Palisades)

Mission Failed (Palisades)

Mission Failed (Palisades)

Mission Failed (Palisades)

Mission Failed (Palisades)

Mission Failed (Palisades)

Mission Failed (Palisades)
-----------------------------------------
| time/                   |             |
|    fps                  | 25          |
|    iterations           | 6           |
|    time_elapsed         | 4386        |
|    total_timesteps      | 110592      |
| train/                  |             |
|    approx_kl            | 0.009845457 |
|    clip_fraction        | 0.0926      |
|    clip_range           | 0.2         |
|    entropy_loss         | -8.46       |
|    explained_variance   | 0.98        |
|    learning_rate        | 0.000468    |
|    loss                 | -0.00503    |
|    n_updates            | 25          |
|    policy_gradient_loss | -0.00696    |
|    value_loss           | 0.00164     |
-----------------------------------------

Mission Failed (Palisades)

Mission Failed (Palisades)

Mission Failed (Palisades)

Mission Failed (Palisades)

Mission Failed (Palisades)

Mission Failed (Palisades)

Mission Failed (Palisades)

Mission Failed (Palisades)

Mission Failed (Palisades)

Mission Failed (Palisades)

Mission Failed (Palisades)

Mission Failed (Palisades)

Mission Failed (Palisades)

Mission Failed (Palisades)

Mission Failed (Palisades)

Mission Failed (Palisades)

Mission Failed (Palisades)

Mission Failed (Palisades)

Mission Failed (Palisades)

Mission Failed (Palisades)

Mission Failed (Palisades)

Mission Failed (Palisades)

Mission Failed (Palisades)

Mission Failed (Palisades)

Mission Failed (Palisades)

Mission Failed (Palisades)

Mission Failed (Palisades)

Mission Failed (Palisades)

Mission Failed (Palisades)

Mission Failed (Palisades)

Mission Failed (Palisades)

Mission Failed (Palisades)

Mission Failed (Palisades)

Mission Failed (Palisades)

Mission Failed (Palisades)

Mission Failed (Palisades)

Mission Failed (Palisades)

Mission Failed (Palisades)

Mission Failed (Palisades)

Mission Failed (Palisades)

Mission Failed (Palisades)

Mission Failed (Palisades)

Mission Failed (Palisades)

Mission Failed (Palisades)

Mission Failed (Palisades)

Mission Failed (Palisades)

Mission Failed (Palisades)

Mission Failed (Palisades)

Mission Failed (Palisades)

Mission Failed (Palisades)

Mission Failed (Palisades)

Mission Failed (Palisades)

Mission Failed (Palisades)

Mission Failed (Palisades)

Mission Failed (Palisades)

Mission Failed (Palisades)

Mission Failed (Palisades)

Mission Failed (Palisades)

Mission Failed (Palisades)

Mission Failed (Palisades)

Mission Failed (Palisades)

Mission Failed (Palisades)

Mission Failed (Palisades)

Mission Failed (Palisades)

Mission Failed (Palisades)

Mission Failed (Palisades)

Mission Failed (Palisades)

Mission Failed (Palisades)

Mission Failed (Palisades)

Mission Failed (Palisades)

Mission Failed (Palisades)

Mission Failed (Palisades)

Mission Failed (Palisades)

Mission Failed (Palisades)

Mission Failed (Palisades)

Mission Failed (Palisades)

Mission Failed (Palisades)
Per-step log written to examples/wildfire/data/scenarios/outputs/palisades_lr00075_557251/results_palisades_lr00075_1000_steps.csv
Decision-step log written to examples/wildfire/data/scenarios/outputs/palisades_lr00075_557251/results_palisades_lr00075_1000_decision_steps.csv
Episode summary log written to examples/wildfire/data/scenarios/outputs/palisades_lr00075_557251/results_palisades_lr00075_1000_summary.csv

Mission Failed (Palisades)

Mission Failed (Palisades)

Mission Failed (Palisades)

Mission Failed (Palisades)

Mission Failed (Palisades)

Mission Failed (Palisades)

Mission Failed (Palisades)

Mission Failed (Palisades)

Mission Failed (Palisades)

Mission Failed (Palisades)

Mission Failed (Palisades)

Mission Failed (Palisades)

Mission Failed (Palisades)

Mission Failed (Palisades)

Mission Failed (Palisades)

Mission Failed (Palisades)

Mission Failed (Palisades)

Mission Failed (Palisades)

Mission Failed (Palisades)

Mission Failed (Palisades)

Mission Failed (Palisades)

Mission Failed (Palisades)

Mission Failed (Palisades)

Mission Failed (Palisades)

Mission Failed (Palisades)

Mission Failed (Palisades)

Mission Failed (Palisades)

Mission Failed (Palisades)

Mission Failed (Palisades)

Mission Failed (Palisades)

Mission Failed (Palisades)

Mission Failed (Palisades)

Mission Failed (Palisades)

Mission Failed (Palisades)

Mission Failed (Palisades)

Mission Failed (Palisades)

Mission Failed (Palisades)

Mission Failed (Palisades)

Mission Failed (Palisades)

Mission Failed (Palisades)

Mission Failed (Palisades)

Mission Failed (Palisades)

Mission Failed (Palisades)

Mission Failed (Palisades)

Mission Failed (Palisades)

Mission Failed (Palisades)

Mission Failed (Palisades)

Mission Failed (Palisades)

Mission Failed (Palisades)

Mission Failed (Palisades)

Mission Failed (Palisades)

Mission Failed (Palisades)

Mission Failed (Palisades)

Mission Failed (Palisades)

Mission Failed (Palisades)

Mission Failed (Palisades)

Mission Failed (Palisades)

Mission Failed (Palisades)
----------------------------------------
| time/                   |            |
|    fps                  | 24         |
|    iterations           | 7          |
|    time_elapsed         | 5168       |
|    total_timesteps      | 129024     |
| train/                  |            |
|    approx_kl            | 0.01103525 |
|    clip_fraction        | 0.111      |
|    clip_range           | 0.2        |
|    entropy_loss         | -8.46      |
|    explained_variance   | 0.968      |
|    learning_rate        | 0.000461   |
|    loss                 | -0.0119    |
|    n_updates            | 30         |
|    policy_gradient_loss | -0.00713   |
|    value_loss           | 0.00158    |
----------------------------------------

Mission Failed (Palisades)

Mission Failed (Palisades)

Mission Failed (Palisades)

Mission Failed (Palisades)

Mission Failed (Palisades)

Mission Failed (Palisades)

Mission Failed (Palisades)

Mission Failed (Palisades)

Mission Failed (Palisades)

Mission Failed (Palisades)

Mission Failed (Palisades)

Mission Failed (Palisades)

Mission Failed (Palisades)

Mission Failed (Palisades)

Mission Failed (Palisades)

Mission Failed (Palisades)

Mission Failed (Palisades)

Mission Failed (Palisades)

Mission Failed (Palisades)

Mission Failed (Palisades)

Mission Failed (Palisades)

Mission Failed (Palisades)

Mission Failed (Palisades)

Mission Failed (Palisades)

Mission Failed (Palisades)

Mission Failed (Palisades)

Mission Failed (Palisades)

Mission Failed (Palisades)

Mission Failed (Palisades)

Mission Failed (Palisades)

Mission Failed (Palisades)

Mission Failed (Palisades)

Mission Failed (Palisades)

Mission Failed (Palisades)

Mission Failed (Palisades)

Mission Failed (Palisades)

Mission Failed (Palisades)

Mission Failed (Palisades)

Mission Failed (Palisades)

Mission Failed (Palisades)
Episode summary log written to examples/wildfire/data/scenarios/outputs/palisades_lr00075_557251/results_palisades_lr00075_1100_summary.csv

Mission Failed (Palisades)

Mission Failed (Palisades)

Mission Failed (Palisades)

Mission Failed (Palisades)

Mission Failed (Palisades)

Mission Failed (Palisades)

Mission Failed (Palisades)

Mission Failed (Palisades)

Mission Failed (Palisades)

Mission Failed (Palisades)

Mission Failed (Palisades)

Mission Failed (Palisades)

Mission Failed (Palisades)

Mission Failed (Palisades)

Mission Failed (Palisades)

Mission Failed (Palisades)

Mission Failed (Palisades)

Mission Failed (Palisades)

Mission Failed (Palisades)

Mission Failed (Palisades)

Mission Failed (Palisades)

Mission Failed (Palisades)

Mission Failed (Palisades)

Mission Failed (Palisades)

Mission Failed (Palisades)

Mission Failed (Palisades)

Mission Failed (Palisades)

Mission Failed (Palisades)

Mission Failed (Palisades)

Mission Failed (Palisades)

Mission Failed (Palisades)

Mission Failed (Palisades)

Mission Failed (Palisades)

Mission Failed (Palisades)

Mission Failed (Palisades)

Mission Failed (Palisades)

Mission Failed (Palisades)

Mission Failed (Palisades)

Mission Failed (Palisades)

Mission Failed (Palisades)

Mission Failed (Palisades)

Mission Failed (Palisades)

Mission Failed (Palisades)

Mission Failed (Palisades)

Mission Failed (Palisades)

Mission Failed (Palisades)

Mission Failed (Palisades)

Mission Failed (Palisades)

Mission Failed (Palisades)

Mission Failed (Palisades)

Mission Failed (Palisades)

Mission Failed (Palisades)

Mission Failed (Palisades)

Mission Failed (Palisades)

Mission Failed (Palisades)

Mission Failed (Palisades)

Mission Failed (Palisades)

Mission Failed (Palisades)

Mission Failed (Palisades)

Mission Failed (Palisades)

Mission Failed (Palisades)

Mission Failed (Palisades)

Mission Failed (Palisades)

Mission Failed (Palisades)

Mission Failed (Palisades)

Mission Failed (Palisades)

Mission Failed (Palisades)

Mission Failed (Palisades)

Mission Failed (Palisades)

Mission Failed (Palisades)

Mission Failed (Palisades)

Mission Failed (Palisades)

Mission Failed (Palisades)

Mission Failed (Palisades)

Mission Failed (Palisades)

Mission Failed (Palisades)

Mission Failed (Palisades)

Mission Failed (Palisades)

Mission Failed (Palisades)

Mission Failed (Palisades)

Mission Failed (Palisades)

Mission Failed (Palisades)

Mission Failed (Palisades)

Mission Failed (Palisades)

Mission Failed (Palisades)

Mission Failed (Palisades)

Mission Failed (Palisades)

Mission Failed (Palisades)

Mission Failed (Palisades)

Mission Failed (Palisades)

Mission Failed (Palisades)

Mission Failed (Palisades)
Episode summary log written to examples/wildfire/data/scenarios/outputs/palisades_lr00075_557251/results_palisades_lr00075_1200_summary.csv
------------------------------------------
| time/                   |              |
|    fps                  | 24           |
|    iterations           | 8            |
|    time_elapsed         | 6006         |
|    total_timesteps      | 147456       |
| train/                  |              |
|    approx_kl            | 0.0107078655 |
|    clip_fraction        | 0.112        |
|    clip_range           | 0.2          |
|    entropy_loss         | -8.45        |
|    explained_variance   | 0.957        |
|    learning_rate        | 0.000454     |
|    loss                 | -0.00489     |
|    n_updates            | 35           |
|    policy_gradient_loss | -0.00606     |
|    value_loss           | 0.00143      |
------------------------------------------

Mission Failed (Palisades)

Mission Failed (Palisades)

Mission Failed (Palisades)

Mission Failed (Palisades)

Mission Failed (Palisades)

Mission Failed (Palisades)

Mission Failed (Palisades)

Mission Failed (Palisades)

Mission Failed (Palisades)

Mission Failed (Palisades)

Mission Failed (Palisades)

Mission Failed (Palisades)

Mission Failed (Palisades)

Mission Failed (Palisades)

Mission Failed (Palisades)

Mission Failed (Palisades)

Mission Failed (Palisades)

Mission Failed (Palisades)

Mission Failed (Palisades)

Mission Failed (Palisades)

Mission Failed (Palisades)

Mission Failed (Palisades)

Mission Failed (Palisades)

Mission Failed (Palisades)

Mission Failed (Palisades)

Mission Failed (Palisades)

Mission Failed (Palisades)

Mission Failed (Palisades)

Mission Failed (Palisades)

Mission Failed (Palisades)

Mission Failed (Palisades)

Mission Failed (Palisades)

Mission Failed (Palisades)

Mission Failed (Palisades)

Mission Failed (Palisades)

Mission Failed (Palisades)

Mission Failed (Palisades)

Mission Failed (Palisades)

Mission Failed (Palisades)

Mission Failed (Palisades)

Mission Failed (Palisades)

Mission Failed (Palisades)

Mission Failed (Palisades)

Mission Failed (Palisades)

Mission Failed (Palisades)

Mission Failed (Palisades)

Mission Failed (Palisades)

Mission Failed (Palisades)

Mission Failed (Palisades)

Mission Failed (Palisades)

Mission Failed (Palisades)

Mission Failed (Palisades)

Mission Failed (Palisades)

Mission Failed (Palisades)

Mission Failed (Palisades)

Mission Failed (Palisades)

Mission Failed (Palisades)

Mission Failed (Palisades)

Mission Failed (Palisades)

Mission Failed (Palisades)

Mission Failed (Palisades)

Mission Failed (Palisades)

Mission Failed (Palisades)

Mission Failed (Palisades)

Mission Failed (Palisades)

Mission Failed (Palisades)

Mission Failed (Palisades)

Mission Failed (Palisades)

Mission Failed (Palisades)

Mission Failed (Palisades)

Mission Failed (Palisades)

Mission Failed (Palisades)

Mission Failed (Palisades)

Mission Failed (Palisades)

Mission Failed (Palisades)

Mission Failed (Palisades)

Mission Failed (Palisades)

Mission Failed (Palisades)

Mission Failed (Palisades)

Mission Failed (Palisades)

Mission Failed (Palisades)

Mission Failed (Palisades)

Mission Failed (Palisades)

Mission Failed (Palisades)

Mission Failed (Palisades)

Mission Failed (Palisades)

Mission Failed (Palisades)

Mission Failed (Palisades)

Mission Failed (Palisades)

Mission Failed (Palisades)

Mission Failed (Palisades)

Mission Failed (Palisades)

Mission Failed (Palisades)
Episode summary log written to examples/wildfire/data/scenarios/outputs/palisades_lr00075_557251/results_palisades_lr00075_1300_summary.csv

Mission Failed (Palisades)

Mission Failed (Palisades)

Mission Failed (Palisades)

Mission Failed (Palisades)

Mission Failed (Palisades)

Mission Failed (Palisades)

Mission Failed (Palisades)

Mission Failed (Palisades)

Mission Failed (Palisades)

Mission Failed (Palisades)

Mission Failed (Palisades)

Mission Failed (Palisades)

Mission Failed (Palisades)

Mission Failed (Palisades)

Mission Failed (Palisades)

Mission Failed (Palisades)

Mission Failed (Palisades)

Mission Failed (Palisades)

Mission Failed (Palisades)

Mission Failed (Palisades)

Mission Failed (Palisades)

Mission Failed (Palisades)

Mission Completed (Palisades)

Mission Failed (Palisades)

Mission Failed (Palisades)

Mission Failed (Palisades)

Mission Failed (Palisades)

Mission Failed (Palisades)

Mission Failed (Palisades)

Mission Failed (Palisades)

Mission Failed (Palisades)

Mission Failed (Palisades)

Mission Failed (Palisades)

Mission Failed (Palisades)

Mission Failed (Palisades)

Mission Failed (Palisades)

Mission Failed (Palisades)

Mission Failed (Palisades)

Mission Failed (Palisades)

Mission Failed (Palisades)

Mission Failed (Palisades)

Mission Failed (Palisades)

Mission Failed (Palisades)

Mission Failed (Palisades)

Mission Failed (Palisades)

Mission Failed (Palisades)

Mission Failed (Palisades)

Mission Failed (Palisades)

Mission Failed (Palisades)

Mission Failed (Palisades)

Mission Failed (Palisades)

Mission Failed (Palisades)

Mission Failed (Palisades)

Mission Failed (Palisades)

Mission Failed (Palisades)

Mission Failed (Palisades)

Mission Failed (Palisades)

Mission Failed (Palisades)

Mission Failed (Palisades)

Mission Failed (Palisades)

Mission Completed (Palisades)

Mission Failed (Palisades)

Mission Failed (Palisades)

Mission Failed (Palisades)

Mission Failed (Palisades)

Mission Failed (Palisades)

Mission Failed (Palisades)

Mission Failed (Palisades)

Mission Failed (Palisades)

Mission Failed (Palisades)

Mission Failed (Palisades)

Mission Failed (Palisades)

Mission Failed (Palisades)

Mission Failed (Palisades)

Mission Failed (Palisades)

Mission Failed (Palisades)

Mission Failed (Palisades)

Mission Failed (Palisades)

Mission Failed (Palisades)

Mission Failed (Palisades)

Mission Failed (Palisades)

Mission Failed (Palisades)

Mission Failed (Palisades)

Mission Failed (Palisades)

Mission Failed (Palisades)

Mission Failed (Palisades)

Mission Failed (Palisades)

Mission Failed (Palisades)

Mission Failed (Palisades)

Mission Failed (Palisades)

Mission Failed (Palisades)

Mission Failed (Palisades)

Mission Failed (Palisades)
-----------------------------------------
| time/                   |             |
|    fps                  | 24          |
|    iterations           | 9           |
|    time_elapsed         | 6804        |
|    total_timesteps      | 165888      |
| train/                  |             |
|    approx_kl            | 0.011183958 |
|    clip_fraction        | 0.132       |
|    clip_range           | 0.2         |
|    entropy_loss         | -8.44       |
|    explained_variance   | 0.949       |
|    learning_rate        | 0.000448    |
|    loss                 | -0.00855    |
|    n_updates            | 40          |
|    policy_gradient_loss | -0.00712    |
|    value_loss           | 0.00198     |
-----------------------------------------

Mission Failed (Palisades)

Mission Failed (Palisades)

Mission Failed (Palisades)

Mission Failed (Palisades)
Episode summary log written to examples/wildfire/data/scenarios/outputs/palisades_lr00075_557251/results_palisades_lr00075_1400_summary.csv

Mission Failed (Palisades)

Mission Failed (Palisades)

Mission Failed (Palisades)

Mission Failed (Palisades)

Mission Failed (Palisades)

Mission Failed (Palisades)

Mission Failed (Palisades)

Mission Failed (Palisades)

Mission Failed (Palisades)

Mission Failed (Palisades)

Mission Failed (Palisades)

Mission Failed (Palisades)

Mission Failed (Palisades)

Mission Failed (Palisades)

Mission Failed (Palisades)

Mission Failed (Palisades)

Mission Failed (Palisades)

Mission Failed (Palisades)

Mission Failed (Palisades)

Mission Failed (Palisades)

Mission Failed (Palisades)

Mission Failed (Palisades)

Mission Failed (Palisades)

Mission Failed (Palisades)

Mission Failed (Palisades)

Mission Failed (Palisades)

Mission Failed (Palisades)

Mission Failed (Palisades)

Mission Failed (Palisades)

Mission Failed (Palisades)

Mission Failed (Palisades)

Mission Failed (Palisades)

Mission Failed (Palisades)

Mission Failed (Palisades)

Mission Failed (Palisades)

Mission Failed (Palisades)

Mission Failed (Palisades)

Mission Failed (Palisades)

Mission Failed (Palisades)

Mission Failed (Palisades)

Mission Failed (Palisades)

Mission Failed (Palisades)

Mission Failed (Palisades)

Mission Failed (Palisades)

Mission Failed (Palisades)

Mission Failed (Palisades)

Mission Failed (Palisades)

Mission Failed (Palisades)

Mission Failed (Palisades)

Mission Failed (Palisades)

Mission Failed (Palisades)

Mission Failed (Palisades)

Mission Failed (Palisades)

Mission Failed (Palisades)

Mission Failed (Palisades)

Mission Failed (Palisades)

Mission Failed (Palisades)

Mission Failed (Palisades)

Mission Failed (Palisades)

Mission Failed (Palisades)

Mission Failed (Palisades)

Mission Failed (Palisades)

Mission Failed (Palisades)

Mission Failed (Palisades)

Mission Failed (Palisades)

Mission Failed (Palisades)

Mission Failed (Palisades)

Mission Failed (Palisades)

Mission Failed (Palisades)

Mission Failed (Palisades)

Mission Failed (Palisades)

Mission Failed (Palisades)

Mission Failed (Palisades)

Mission Failed (Palisades)

Mission Failed (Palisades)

Mission Failed (Palisades)

Mission Failed (Palisades)

Mission Failed (Palisades)

Mission Failed (Palisades)

Mission Failed (Palisades)

Mission Failed (Palisades)

Mission Failed (Palisades)

Mission Failed (Palisades)

Mission Failed (Palisades)

Mission Failed (Palisades)

Mission Failed (Palisades)

Mission Failed (Palisades)

Mission Failed (Palisades)

Mission Failed (Palisades)

Mission Failed (Palisades)

Mission Failed (Palisades)

Mission Failed (Palisades)

Mission Failed (Palisades)

Mission Failed (Palisades)

Mission Failed (Palisades)
Episode summary log written to examples/wildfire/data/scenarios/outputs/palisades_lr00075_557251/results_palisades_lr00075_1500_summary.csv

Mission Failed (Palisades)

Mission Failed (Palisades)

Mission Failed (Palisades)

Mission Failed (Palisades)

Mission Failed (Palisades)

Mission Failed (Palisades)

Mission Failed (Palisades)

Mission Failed (Palisades)

Mission Failed (Palisades)

Mission Failed (Palisades)

Mission Failed (Palisades)

Mission Failed (Palisades)

Mission Failed (Palisades)

Mission Failed (Palisades)

Mission Failed (Palisades)

Mission Failed (Palisades)

Mission Failed (Palisades)

Mission Failed (Palisades)

Mission Failed (Palisades)

Mission Failed (Palisades)

Mission Failed (Palisades)

Mission Failed (Palisades)

Mission Failed (Palisades)

Mission Failed (Palisades)

Mission Failed (Palisades)

Mission Failed (Palisades)

Mission Failed (Palisades)

Mission Failed (Palisades)

Mission Failed (Palisades)

Mission Failed (Palisades)

Mission Failed (Palisades)

Mission Completed (Palisades)

Mission Failed (Palisades)

Mission Failed (Palisades)

Mission Failed (Palisades)

Mission Failed (Palisades)

Mission Failed (Palisades)

Mission Failed (Palisades)

Mission Failed (Palisades)

Mission Failed (Palisades)

Mission Failed (Palisades)

Mission Failed (Palisades)

Mission Failed (Palisades)

Mission Failed (Palisades)

Mission Failed (Palisades)

Mission Failed (Palisades)

Mission Failed (Palisades)

Mission Failed (Palisades)

Mission Failed (Palisades)

Mission Failed (Palisades)

Mission Failed (Palisades)

Mission Failed (Palisades)

Mission Failed (Palisades)

Mission Failed (Palisades)

Mission Failed (Palisades)

Mission Failed (Palisades)

Mission Failed (Palisades)

Mission Failed (Palisades)

Mission Failed (Palisades)

Mission Failed (Palisades)

Mission Failed (Palisades)

Mission Failed (Palisades)

Mission Failed (Palisades)

Mission Failed (Palisades)

Mission Failed (Palisades)

Mission Failed (Palisades)

Mission Failed (Palisades)

Mission Failed (Palisades)
-----------------------------------------
| time/                   |             |
|    fps                  | 24          |
|    iterations           | 10          |
|    time_elapsed         | 7645        |
|    total_timesteps      | 184320      |
| train/                  |             |
|    approx_kl            | 0.012846112 |
|    clip_fraction        | 0.137       |
|    clip_range           | 0.2         |
|    entropy_loss         | -8.43       |
|    explained_variance   | 0.958       |
|    learning_rate        | 0.000441    |
|    loss                 | -0.0125     |
|    n_updates            | 45          |
|    policy_gradient_loss | -0.00758    |
|    value_loss           | 0.00191     |
-----------------------------------------

Mission Failed (Palisades)

Mission Failed (Palisades)

Mission Failed (Palisades)

Mission Failed (Palisades)

Mission Failed (Palisades)

Mission Failed (Palisades)

Mission Failed (Palisades)

Mission Failed (Palisades)

Mission Failed (Palisades)

Mission Failed (Palisades)

Mission Failed (Palisades)

Mission Failed (Palisades)

Mission Failed (Palisades)

Mission Failed (Palisades)

Mission Failed (Palisades)

Mission Failed (Palisades)

Mission Failed (Palisades)

Mission Failed (Palisades)

Mission Failed (Palisades)

Mission Failed (Palisades)

Mission Failed (Palisades)
Episode summary log written to examples/wildfire/data/scenarios/outputs/palisades_lr00075_557251/results_palisades_lr00075_1600_summary.csv

Mission Failed (Palisades)

Mission Failed (Palisades)

Mission Failed (Palisades)

Mission Failed (Palisades)

Mission Failed (Palisades)

Mission Failed (Palisades)

Mission Failed (Palisades)

Mission Failed (Palisades)

Mission Failed (Palisades)

Mission Failed (Palisades)

Mission Failed (Palisades)

Mission Failed (Palisades)

Mission Failed (Palisades)

Mission Failed (Palisades)

Mission Failed (Palisades)

Mission Failed (Palisades)

Mission Failed (Palisades)

Mission Failed (Palisades)

Mission Failed (Palisades)

Mission Failed (Palisades)

Mission Failed (Palisades)

Mission Failed (Palisades)

Mission Failed (Palisades)

Mission Failed (Palisades)

Mission Failed (Palisades)

Mission Failed (Palisades)

Mission Failed (Palisades)

Mission Failed (Palisades)

Mission Failed (Palisades)

Mission Failed (Palisades)

Mission Failed (Palisades)

Mission Failed (Palisades)

Mission Failed (Palisades)

Mission Failed (Palisades)

Mission Failed (Palisades)

Mission Failed (Palisades)

Mission Failed (Palisades)

Mission Failed (Palisades)

Mission Failed (Palisades)

Mission Failed (Palisades)

Mission Failed (Palisades)

Mission Failed (Palisades)

Mission Failed (Palisades)

Mission Failed (Palisades)

Mission Failed (Palisades)

Mission Failed (Palisades)

Mission Failed (Palisades)

Mission Failed (Palisades)

Mission Failed (Palisades)

Mission Failed (Palisades)

Mission Failed (Palisades)

Mission Failed (Palisades)

Mission Failed (Palisades)

Mission Failed (Palisades)

Mission Failed (Palisades)

Mission Failed (Palisades)

Mission Failed (Palisades)

Mission Failed (Palisades)

Mission Failed (Palisades)

Mission Failed (Palisades)

Mission Failed (Palisades)

Mission Failed (Palisades)

Mission Failed (Palisades)

Mission Failed (Palisades)

Mission Failed (Palisades)

Mission Failed (Palisades)

Mission Failed (Palisades)

Mission Failed (Palisades)

Mission Failed (Palisades)

Mission Failed (Palisades)

Mission Failed (Palisades)

Mission Failed (Palisades)

Mission Failed (Palisades)

Mission Failed (Palisades)

Mission Failed (Palisades)

Mission Failed (Palisades)

Mission Failed (Palisades)

Mission Failed (Palisades)

Mission Failed (Palisades)

Mission Failed (Palisades)

Mission Failed (Palisades)

Mission Failed (Palisades)

Mission Failed (Palisades)

Mission Failed (Palisades)

Mission Failed (Palisades)

Mission Failed (Palisades)

Mission Failed (Palisades)

Mission Failed (Palisades)

Mission Failed (Palisades)

Mission Failed (Palisades)

Mission Failed (Palisades)

Mission Failed (Palisades)

Mission Failed (Palisades)

Mission Failed (Palisades)

Mission Failed (Palisades)

Mission Failed (Palisades)

Mission Failed (Palisades)

Mission Failed (Palisades)

Mission Failed (Palisades)

Mission Failed (Palisades)

Mission Failed (Palisades)

Mission Failed (Palisades)
Episode summary log written to examples/wildfire/data/scenarios/outputs/palisades_lr00075_557251/results_palisades_lr00075_1700_summary.csv

Mission Failed (Palisades)

Mission Failed (Palisades)

Mission Failed (Palisades)

Mission Failed (Palisades)

Mission Failed (Palisades)

Mission Failed (Palisades)

Mission Failed (Palisades)

Mission Failed (Palisades)

Mission Failed (Palisades)

Mission Failed (Palisades)

Mission Failed (Palisades)

Mission Failed (Palisades)

Mission Failed (Palisades)
-----------------------------------------
| time/                   |             |
|    fps                  | 24          |
|    iterations           | 11          |
|    time_elapsed         | 8436        |
|    total_timesteps      | 202752      |
| train/                  |             |
|    approx_kl            | 0.013418083 |
|    clip_fraction        | 0.157       |
|    clip_range           | 0.2         |
|    entropy_loss         | -8.41       |
|    explained_variance   | 0.95        |
|    learning_rate        | 0.000434    |
|    loss                 | -0.0115     |
|    n_updates            | 50          |
|    policy_gradient_loss | -0.00807    |
|    value_loss           | 0.00215     |
-----------------------------------------

Mission Failed (Palisades)

Mission Failed (Palisades)

Mission Failed (Palisades)

Mission Failed (Palisades)

Mission Failed (Palisades)

Mission Failed (Palisades)

Mission Failed (Palisades)

Mission Failed (Palisades)

Mission Failed (Palisades)

Mission Failed (Palisades)

Mission Failed (Palisades)

Mission Failed (Palisades)

Mission Failed (Palisades)

Mission Failed (Palisades)

Mission Failed (Palisades)

Mission Failed (Palisades)

Mission Failed (Palisades)

Mission Failed (Palisades)

Mission Failed (Palisades)

Mission Failed (Palisades)

Mission Failed (Palisades)

Mission Failed (Palisades)

Mission Failed (Palisades)

Mission Failed (Palisades)

Mission Failed (Palisades)

Mission Failed (Palisades)

Mission Failed (Palisades)

Mission Failed (Palisades)

Mission Failed (Palisades)

Mission Completed (Palisades)

Mission Failed (Palisades)

Mission Failed (Palisades)

Mission Failed (Palisades)

Mission Failed (Palisades)

Mission Failed (Palisades)

Mission Failed (Palisades)

Mission Failed (Palisades)

Mission Failed (Palisades)

Mission Failed (Palisades)

Mission Failed (Palisades)

Mission Failed (Palisades)

Mission Failed (Palisades)

Mission Failed (Palisades)

Mission Failed (Palisades)

Mission Failed (Palisades)

Mission Failed (Palisades)

Mission Failed (Palisades)

Mission Failed (Palisades)

Mission Failed (Palisades)

Mission Failed (Palisades)

Mission Failed (Palisades)

Mission Failed (Palisades)

Mission Failed (Palisades)

Mission Failed (Palisades)

Mission Failed (Palisades)

Mission Failed (Palisades)

Mission Failed (Palisades)

Mission Failed (Palisades)

Mission Failed (Palisades)

Mission Failed (Palisades)

Mission Failed (Palisades)

Mission Failed (Palisades)

Mission Failed (Palisades)

Mission Failed (Palisades)

Mission Failed (Palisades)

Mission Failed (Palisades)

Mission Failed (Palisades)

Mission Failed (Palisades)

Mission Failed (Palisades)

Mission Failed (Palisades)

Mission Failed (Palisades)

Mission Failed (Palisades)

Mission Failed (Palisades)

Mission Failed (Palisades)

Mission Failed (Palisades)

Mission Failed (Palisades)

Mission Failed (Palisades)

Mission Failed (Palisades)

Mission Failed (Palisades)

Mission Failed (Palisades)

Mission Failed (Palisades)
Episode summary log written to examples/wildfire/data/scenarios/outputs/palisades_lr00075_557251/results_palisades_lr00075_1800_summary.csv

Mission Failed (Palisades)

Mission Failed (Palisades)

Mission Failed (Palisades)

Mission Failed (Palisades)

Mission Failed (Palisades)

Mission Failed (Palisades)

Mission Failed (Palisades)

Mission Failed (Palisades)

Mission Failed (Palisades)

Mission Failed (Palisades)

Mission Failed (Palisades)

Mission Failed (Palisades)

Mission Failed (Palisades)

Mission Failed (Palisades)

Mission Failed (Palisades)

Mission Failed (Palisades)

Mission Failed (Palisades)

Mission Failed (Palisades)

Mission Failed (Palisades)

Mission Failed (Palisades)

Mission Failed (Palisades)

Mission Failed (Palisades)

Mission Failed (Palisades)

Mission Failed (Palisades)

Mission Failed (Palisades)

Mission Failed (Palisades)

Mission Failed (Palisades)

Mission Failed (Palisades)

Mission Failed (Palisades)

Mission Failed (Palisades)

Mission Failed (Palisades)

Mission Failed (Palisades)

Mission Failed (Palisades)

Mission Failed (Palisades)

Mission Failed (Palisades)

Mission Failed (Palisades)

Mission Failed (Palisades)

Mission Failed (Palisades)

Mission Failed (Palisades)

Mission Failed (Palisades)

Mission Failed (Palisades)

Mission Failed (Palisades)

Mission Failed (Palisades)

Mission Failed (Palisades)

Mission Failed (Palisades)

Mission Failed (Palisades)

Mission Failed (Palisades)

Mission Failed (Palisades)

Mission Failed (Palisades)

Mission Failed (Palisades)

Mission Failed (Palisades)

Mission Failed (Palisades)

Mission Failed (Palisades)

Mission Failed (Palisades)
-----------------------------------------
| time/                   |             |
|    fps                  | 23          |
|    iterations           | 12          |
|    time_elapsed         | 9223        |
|    total_timesteps      | 221184      |
| train/                  |             |
|    approx_kl            | 0.011856494 |
|    clip_fraction        | 0.134       |
|    clip_range           | 0.2         |
|    entropy_loss         | -8.4        |
|    explained_variance   | 0.969       |
|    learning_rate        | 0.000427    |
|    loss                 | -0.00553    |
|    n_updates            | 55          |
|    policy_gradient_loss | -0.00739    |
|    value_loss           | 0.00115     |
-----------------------------------------

Mission Failed (Palisades)

Mission Failed (Palisades)

Mission Failed (Palisades)

Mission Failed (Palisades)

Mission Failed (Palisades)

Mission Failed (Palisades)

Mission Failed (Palisades)

Mission Failed (Palisades)

Mission Failed (Palisades)

Mission Failed (Palisades)

Mission Failed (Palisades)

Mission Failed (Palisades)

Mission Failed (Palisades)

Mission Failed (Palisades)

Mission Failed (Palisades)

Mission Failed (Palisades)

Mission Failed (Palisades)

Mission Failed (Palisades)

Mission Failed (Palisades)

Mission Failed (Palisades)

Mission Failed (Palisades)

Mission Failed (Palisades)

Mission Failed (Palisades)

Mission Completed (Palisades)

Mission Failed (Palisades)

Mission Failed (Palisades)

Mission Failed (Palisades)

Mission Failed (Palisades)

Mission Failed (Palisades)

Mission Failed (Palisades)

Mission Failed (Palisades)

Mission Failed (Palisades)

Mission Failed (Palisades)

Mission Failed (Palisades)

Mission Failed (Palisades)
Episode summary log written to examples/wildfire/data/scenarios/outputs/palisades_lr00075_557251/results_palisades_lr00075_1900_summary.csv

Mission Failed (Palisades)

Mission Failed (Palisades)

Mission Failed (Palisades)

Mission Failed (Palisades)

Mission Failed (Palisades)

Mission Failed (Palisades)

Mission Failed (Palisades)

Mission Failed (Palisades)

Mission Failed (Palisades)

Mission Failed (Palisades)

Mission Failed (Palisades)

Mission Failed (Palisades)

Mission Failed (Palisades)

Mission Failed (Palisades)

Mission Failed (Palisades)

Mission Failed (Palisades)

Mission Failed (Palisades)

Mission Failed (Palisades)

Mission Failed (Palisades)

Mission Failed (Palisades)

Mission Failed (Palisades)

Mission Failed (Palisades)

Mission Failed (Palisades)

Mission Failed (Palisades)

Mission Failed (Palisades)

Mission Failed (Palisades)

Mission Failed (Palisades)

Mission Failed (Palisades)

Mission Failed (Palisades)

Mission Failed (Palisades)

Mission Failed (Palisades)

Mission Failed (Palisades)

Mission Failed (Palisades)

Mission Failed (Palisades)

Mission Failed (Palisades)

Mission Failed (Palisades)

Mission Failed (Palisades)

Mission Failed (Palisades)

Mission Failed (Palisades)

Mission Failed (Palisades)

Mission Failed (Palisades)

Mission Failed (Palisades)

Mission Failed (Palisades)

Mission Failed (Palisades)

Mission Failed (Palisades)

Mission Failed (Palisades)

Mission Failed (Palisades)

Mission Failed (Palisades)

Mission Failed (Palisades)

Mission Failed (Palisades)

Mission Failed (Palisades)

Mission Failed (Palisades)

Mission Failed (Palisades)

Mission Failed (Palisades)

Mission Failed (Palisades)

Mission Failed (Palisades)

Mission Failed (Palisades)

Mission Failed (Palisades)

Mission Failed (Palisades)

Mission Failed (Palisades)

Mission Failed (Palisades)

Mission Failed (Palisades)

Mission Failed (Palisades)

Mission Failed (Palisades)

Mission Failed (Palisades)

Mission Failed (Palisades)

Mission Failed (Palisades)

Mission Failed (Palisades)

Mission Completed (Palisades)

Mission Failed (Palisades)

Mission Failed (Palisades)

Mission Failed (Palisades)

Mission Failed (Palisades)

Mission Failed (Palisades)

Mission Failed (Palisades)

Mission Failed (Palisades)

Mission Failed (Palisades)

Mission Failed (Palisades)

Mission Failed (Palisades)

Mission Failed (Palisades)

Mission Failed (Palisades)

Mission Failed (Palisades)

Mission Failed (Palisades)

Mission Failed (Palisades)

Mission Failed (Palisades)

Mission Failed (Palisades)

Mission Failed (Palisades)

Mission Failed (Palisades)

Mission Failed (Palisades)

Mission Failed (Palisades)

Mission Failed (Palisades)

Mission Failed (Palisades)

Mission Failed (Palisades)

Mission Failed (Palisades)

Mission Failed (Palisades)
Per-step log written to examples/wildfire/data/scenarios/outputs/palisades_lr00075_557251/results_palisades_lr00075_2000_steps.csv
Decision-step log written to examples/wildfire/data/scenarios/outputs/palisades_lr00075_557251/results_palisades_lr00075_2000_decision_steps.csv
Episode summary log written to examples/wildfire/data/scenarios/outputs/palisades_lr00075_557251/results_palisades_lr00075_2000_summary.csv

Mission Failed (Palisades)

Mission Failed (Palisades)

Mission Failed (Palisades)

Mission Failed (Palisades)

Mission Failed (Palisades)

Mission Failed (Palisades)

Mission Failed (Palisades)

Mission Failed (Palisades)

Mission Failed (Palisades)

Mission Failed (Palisades)

Mission Failed (Palisades)

Mission Failed (Palisades)

Mission Failed (Palisades)

Mission Failed (Palisades)

Mission Failed (Palisades)

Mission Failed (Palisades)

Mission Failed (Palisades)

Mission Failed (Palisades)

Mission Failed (Palisades)

Mission Failed (Palisades)

Mission Failed (Palisades)

Mission Failed (Palisades)

Mission Failed (Palisades)

Mission Failed (Palisades)

Mission Failed (Palisades)

Mission Failed (Palisades)

Mission Failed (Palisades)

Mission Failed (Palisades)

Mission Failed (Palisades)

Mission Failed (Palisades)
-----------------------------------------
| time/                   |             |
|    fps                  | 23          |
|    iterations           | 13          |
|    time_elapsed         | 10110       |
|    total_timesteps      | 239616      |
| train/                  |             |
|    approx_kl            | 0.012640528 |
|    clip_fraction        | 0.15        |
|    clip_range           | 0.2         |
|    entropy_loss         | -8.39       |
|    explained_variance   | 0.939       |
|    learning_rate        | 0.00042     |
|    loss                 | 0.000998    |
|    n_updates            | 60          |
|    policy_gradient_loss | -0.00702    |
|    value_loss           | 0.00226     |
-----------------------------------------

Mission Failed (Palisades)

Mission Failed (Palisades)

Mission Failed (Palisades)

Mission Failed (Palisades)

Mission Failed (Palisades)

Mission Failed (Palisades)

Mission Failed (Palisades)

Mission Failed (Palisades)

Mission Failed (Palisades)

Mission Failed (Palisades)

Mission Failed (Palisades)

Mission Failed (Palisades)

Mission Failed (Palisades)

Mission Failed (Palisades)

Mission Failed (Palisades)

Mission Failed (Palisades)

Mission Failed (Palisades)

Mission Failed (Palisades)

Mission Failed (Palisades)

Mission Failed (Palisades)

Mission Failed (Palisades)

Mission Failed (Palisades)

Mission Failed (Palisades)

Mission Failed (Palisades)

Mission Failed (Palisades)

Mission Failed (Palisades)

Mission Failed (Palisades)

Mission Failed (Palisades)

Mission Failed (Palisades)

Mission Failed (Palisades)

Mission Failed (Palisades)

Mission Failed (Palisades)

Mission Failed (Palisades)

Mission Failed (Palisades)

Mission Failed (Palisades)

Mission Failed (Palisades)

Mission Failed (Palisades)

Mission Failed (Palisades)

Mission Failed (Palisades)

Mission Failed (Palisades)

Mission Failed (Palisades)

Mission Failed (Palisades)

Mission Failed (Palisades)

Mission Failed (Palisades)

Mission Failed (Palisades)

Mission Failed (Palisades)

Mission Failed (Palisades)

Mission Failed (Palisades)

Mission Failed (Palisades)

Mission Failed (Palisades)

Mission Failed (Palisades)

Mission Failed (Palisades)

Mission Failed (Palisades)

Mission Failed (Palisades)

Mission Failed (Palisades)

Mission Failed (Palisades)

Mission Failed (Palisades)

Mission Failed (Palisades)

Mission Failed (Palisades)

Mission Failed (Palisades)

Mission Failed (Palisades)

Mission Failed (Palisades)

Mission Failed (Palisades)

Mission Failed (Palisades)
Episode summary log written to examples/wildfire/data/scenarios/outputs/palisades_lr00075_557251/results_palisades_lr00075_2100_summary.csv

Mission Failed (Palisades)

Mission Failed (Palisades)

Mission Failed (Palisades)

Mission Failed (Palisades)

Mission Failed (Palisades)

Mission Failed (Palisades)

Mission Failed (Palisades)

Mission Failed (Palisades)

Mission Failed (Palisades)

Mission Failed (Palisades)

Mission Failed (Palisades)

Mission Failed (Palisades)

Mission Failed (Palisades)

Mission Failed (Palisades)

Mission Failed (Palisades)

Mission Failed (Palisades)

Mission Failed (Palisades)

Mission Failed (Palisades)

Mission Failed (Palisades)

Mission Failed (Palisades)

Mission Failed (Palisades)

Mission Failed (Palisades)

Mission Failed (Palisades)

Mission Failed (Palisades)

Mission Failed (Palisades)

Mission Failed (Palisades)

Mission Failed (Palisades)

Mission Failed (Palisades)

Mission Failed (Palisades)

Mission Failed (Palisades)

Mission Failed (Palisades)

Mission Failed (Palisades)

Mission Failed (Palisades)

Mission Failed (Palisades)

Mission Failed (Palisades)

Mission Failed (Palisades)

Mission Failed (Palisades)

Mission Failed (Palisades)

Mission Failed (Palisades)

Mission Failed (Palisades)

Mission Failed (Palisades)

Mission Failed (Palisades)

Mission Failed (Palisades)

Mission Failed (Palisades)

Mission Failed (Palisades)

Mission Failed (Palisades)

Mission Failed (Palisades)

Mission Failed (Palisades)

Mission Failed (Palisades)

Mission Failed (Palisades)

Mission Failed (Palisades)

Mission Failed (Palisades)

Mission Failed (Palisades)

Mission Failed (Palisades)

Mission Failed (Palisades)

Mission Failed (Palisades)

Mission Failed (Palisades)

Mission Failed (Palisades)

Mission Failed (Palisades)

Mission Completed (Palisades)

Mission Failed (Palisades)

Mission Failed (Palisades)

Mission Failed (Palisades)

Mission Failed (Palisades)

Mission Failed (Palisades)

Mission Failed (Palisades)

Mission Failed (Palisades)

Mission Failed (Palisades)

Mission Failed (Palisades)

Mission Failed (Palisades)

Mission Failed (Palisades)

Mission Failed (Palisades)

Mission Failed (Palisades)

Mission Failed (Palisades)

Mission Failed (Palisades)

Mission Failed (Palisades)

Mission Failed (Palisades)

Mission Failed (Palisades)

Mission Failed (Palisades)

Mission Failed (Palisades)

Mission Failed (Palisades)

Mission Failed (Palisades)

Mission Failed (Palisades)

Mission Failed (Palisades)

Mission Failed (Palisades)

Mission Failed (Palisades)

Mission Failed (Palisades)

Mission Failed (Palisades)

Mission Failed (Palisades)

Mission Failed (Palisades)

Mission Failed (Palisades)

Mission Failed (Palisades)
Episode summary log written to examples/wildfire/data/scenarios/outputs/palisades_lr00075_557251/results_palisades_lr00075_2200_summary.csv

Mission Completed (Palisades)

Mission Failed (Palisades)

Mission Failed (Palisades)

Mission Failed (Palisades)

Mission Failed (Palisades)

Mission Failed (Palisades)

Mission Failed (Palisades)

Mission Failed (Palisades)

Mission Failed (Palisades)

Mission Failed (Palisades)

Mission Failed (Palisades)

Mission Failed (Palisades)

Mission Failed (Palisades)

Mission Failed (Palisades)

Mission Failed (Palisades)

Mission Failed (Palisades)

Mission Failed (Palisades)

Mission Failed (Palisades)

Mission Failed (Palisades)

Mission Failed (Palisades)

Mission Failed (Palisades)

Mission Failed (Palisades)
----------------------------------------
| time/                   |            |
|    fps                  | 23         |
|    iterations           | 14         |
|    time_elapsed         | 10931      |
|    total_timesteps      | 258048     |
| train/                  |            |
|    approx_kl            | 0.01181877 |
|    clip_fraction        | 0.139      |
|    clip_range           | 0.2        |
|    entropy_loss         | -8.38      |
|    explained_variance   | 0.963      |
|    learning_rate        | 0.000413   |
|    loss                 | -0.00924   |
|    n_updates            | 65         |
|    policy_gradient_loss | -0.00736   |
|    value_loss           | 0.00145    |
----------------------------------------

Mission Failed (Palisades)

Mission Failed (Palisades)

Mission Failed (Palisades)

Mission Failed (Palisades)

Mission Failed (Palisades)

Mission Failed (Palisades)

Mission Completed (Palisades)

Mission Failed (Palisades)

Mission Failed (Palisades)

Mission Failed (Palisades)

Mission Failed (Palisades)

Mission Failed (Palisades)

Mission Failed (Palisades)

Mission Failed (Palisades)

Mission Failed (Palisades)

Mission Failed (Palisades)

Mission Failed (Palisades)

Mission Failed (Palisades)

Mission Failed (Palisades)

Mission Failed (Palisades)

Mission Failed (Palisades)

Mission Failed (Palisades)

Mission Failed (Palisades)

Mission Failed (Palisades)

Mission Failed (Palisades)

Mission Failed (Palisades)

Mission Failed (Palisades)

Mission Failed (Palisades)

Mission Failed (Palisades)

Mission Failed (Palisades)

Mission Failed (Palisades)

Mission Failed (Palisades)

Mission Failed (Palisades)

Mission Failed (Palisades)

Mission Failed (Palisades)

Mission Failed (Palisades)

Mission Failed (Palisades)

Mission Failed (Palisades)

Mission Failed (Palisades)

Mission Failed (Palisades)

Mission Failed (Palisades)

Mission Failed (Palisades)

Mission Failed (Palisades)

Mission Failed (Palisades)

Mission Failed (Palisades)

Mission Failed (Palisades)

Mission Failed (Palisades)

Mission Failed (Palisades)

Mission Failed (Palisades)

Mission Failed (Palisades)

Mission Failed (Palisades)

Mission Failed (Palisades)

Mission Failed (Palisades)

Mission Failed (Palisades)

Mission Failed (Palisades)

Mission Failed (Palisades)

Mission Failed (Palisades)

Mission Failed (Palisades)

Mission Failed (Palisades)

Mission Failed (Palisades)

Mission Failed (Palisades)

Mission Failed (Palisades)

Mission Failed (Palisades)

Mission Failed (Palisades)

Mission Failed (Palisades)

Mission Failed (Palisades)

Mission Failed (Palisades)

Mission Failed (Palisades)

Mission Failed (Palisades)

Mission Failed (Palisades)

Mission Failed (Palisades)

Mission Failed (Palisades)

Mission Failed (Palisades)
Episode summary log written to examples/wildfire/data/scenarios/outputs/palisades_lr00075_557251/results_palisades_lr00075_2300_summary.csv

Mission Failed (Palisades)

Mission Failed (Palisades)

Mission Failed (Palisades)

Mission Failed (Palisades)

Mission Failed (Palisades)

Mission Failed (Palisades)

Mission Failed (Palisades)

Mission Failed (Palisades)

Mission Failed (Palisades)

Mission Failed (Palisades)

Mission Failed (Palisades)

Mission Failed (Palisades)

Mission Failed (Palisades)

Mission Failed (Palisades)

Mission Failed (Palisades)

Mission Failed (Palisades)

Mission Failed (Palisades)

Mission Failed (Palisades)

Mission Failed (Palisades)

Mission Failed (Palisades)

Mission Failed (Palisades)

Mission Failed (Palisades)

Mission Failed (Palisades)

Mission Failed (Palisades)

Mission Failed (Palisades)

Mission Failed (Palisades)

Mission Failed (Palisades)

Mission Failed (Palisades)

Mission Failed (Palisades)

Mission Failed (Palisades)

Mission Failed (Palisades)

Mission Failed (Palisades)

Mission Failed (Palisades)

Mission Failed (Palisades)

Mission Failed (Palisades)

Mission Failed (Palisades)

Mission Failed (Palisades)

Mission Failed (Palisades)

Mission Failed (Palisades)

Mission Failed (Palisades)

Mission Failed (Palisades)

Mission Failed (Palisades)

Mission Failed (Palisades)

Mission Failed (Palisades)

Mission Failed (Palisades)

Mission Failed (Palisades)

Mission Failed (Palisades)

Mission Failed (Palisades)

Mission Failed (Palisades)

Mission Failed (Palisades)

Mission Failed (Palisades)

Mission Failed (Palisades)

Mission Failed (Palisades)

Mission Failed (Palisades)

Mission Failed (Palisades)

Mission Failed (Palisades)

Mission Failed (Palisades)

Mission Failed (Palisades)

Mission Failed (Palisades)

Mission Failed (Palisades)

Mission Failed (Palisades)

Mission Failed (Palisades)

Mission Failed (Palisades)

Mission Failed (Palisades)

Mission Failed (Palisades)

Mission Failed (Palisades)

Mission Failed (Palisades)

Mission Failed (Palisades)

Mission Failed (Palisades)

Mission Failed (Palisades)

Mission Failed (Palisades)
-----------------------------------------
| time/                   |             |
|    fps                  | 23          |
|    iterations           | 15          |
|    time_elapsed         | 11724       |
|    total_timesteps      | 276480      |
| train/                  |             |
|    approx_kl            | 0.012068412 |
|    clip_fraction        | 0.161       |
|    clip_range           | 0.2         |
|    entropy_loss         | -8.37       |
|    explained_variance   | 0.954       |
|    learning_rate        | 0.000407    |
|    loss                 | -0.00418    |
|    n_updates            | 70          |
|    policy_gradient_loss | -0.00671    |
|    value_loss           | 0.00197     |
-----------------------------------------

Mission Failed (Palisades)

Mission Failed (Palisades)

Mission Failed (Palisades)

Mission Failed (Palisades)

Mission Failed (Palisades)

Mission Failed (Palisades)

Mission Failed (Palisades)

Mission Failed (Palisades)

Mission Failed (Palisades)

Mission Failed (Palisades)

Mission Failed (Palisades)

Mission Failed (Palisades)

Mission Failed (Palisades)

Mission Failed (Palisades)

Mission Failed (Palisades)

Mission Failed (Palisades)

Mission Failed (Palisades)

Mission Failed (Palisades)

Mission Failed (Palisades)

Mission Failed (Palisades)
Episode summary log written to examples/wildfire/data/scenarios/outputs/palisades_lr00075_557251/results_palisades_lr00075_2400_summary.csv

Mission Failed (Palisades)

Mission Failed (Palisades)

Mission Failed (Palisades)

Mission Failed (Palisades)

Mission Failed (Palisades)

Mission Failed (Palisades)

Mission Failed (Palisades)

Mission Failed (Palisades)

Mission Failed (Palisades)

Mission Failed (Palisades)

Mission Failed (Palisades)

Mission Failed (Palisades)

Mission Failed (Palisades)

Mission Failed (Palisades)

Mission Failed (Palisades)

Mission Failed (Palisades)

Mission Failed (Palisades)

Mission Failed (Palisades)

Mission Failed (Palisades)

Mission Failed (Palisades)

Mission Failed (Palisades)

Mission Failed (Palisades)

Mission Failed (Palisades)

Mission Failed (Palisades)

Mission Failed (Palisades)

Mission Failed (Palisades)

Mission Failed (Palisades)

Mission Failed (Palisades)

Mission Failed (Palisades)

Mission Failed (Palisades)

Mission Failed (Palisades)

Mission Failed (Palisades)

Mission Failed (Palisades)

Mission Failed (Palisades)

Mission Failed (Palisades)

Mission Failed (Palisades)

Mission Failed (Palisades)

Mission Failed (Palisades)

Mission Failed (Palisades)

Mission Failed (Palisades)

Mission Failed (Palisades)

Mission Failed (Palisades)

Mission Failed (Palisades)

Mission Failed (Palisades)

Mission Failed (Palisades)

Mission Failed (Palisades)

Mission Failed (Palisades)

Mission Failed (Palisades)

Mission Failed (Palisades)

Mission Failed (Palisades)

Mission Failed (Palisades)

Mission Failed (Palisades)

Mission Failed (Palisades)

Mission Failed (Palisades)

Mission Failed (Palisades)

Mission Failed (Palisades)

Mission Failed (Palisades)

Mission Failed (Palisades)

Mission Failed (Palisades)

Mission Failed (Palisades)

Mission Failed (Palisades)

Mission Failed (Palisades)

Mission Failed (Palisades)

Mission Failed (Palisades)

Mission Failed (Palisades)

Mission Failed (Palisades)

Mission Failed (Palisades)

Mission Failed (Palisades)

Mission Failed (Palisades)

Mission Failed (Palisades)

Mission Failed (Palisades)

Mission Failed (Palisades)

Mission Failed (Palisades)

Mission Failed (Palisades)

Mission Failed (Palisades)

Mission Failed (Palisades)

Mission Failed (Palisades)

Mission Failed (Palisades)

Mission Failed (Palisades)

Mission Failed (Palisades)

Mission Completed (Palisades)

Mission Failed (Palisades)

Mission Failed (Palisades)

Mission Failed (Palisades)

Mission Failed (Palisades)

Mission Failed (Palisades)

Mission Failed (Palisades)

Mission Failed (Palisades)

Mission Failed (Palisades)

Mission Failed (Palisades)

Mission Failed (Palisades)

Mission Failed (Palisades)

Mission Failed (Palisades)

Mission Failed (Palisades)

Mission Failed (Palisades)
Episode summary log written to examples/wildfire/data/scenarios/outputs/palisades_lr00075_557251/results_palisades_lr00075_2500_summary.csv

Mission Failed (Palisades)

Mission Failed (Palisades)

Mission Failed (Palisades)

Mission Failed (Palisades)

Mission Failed (Palisades)

Mission Failed (Palisades)

Mission Failed (Palisades)

Mission Failed (Palisades)

Mission Failed (Palisades)

Mission Failed (Palisades)

Mission Failed (Palisades)

Mission Failed (Palisades)

Mission Failed (Palisades)

Mission Failed (Palisades)

Mission Failed (Palisades)

Mission Failed (Palisades)

Mission Failed (Palisades)

Mission Failed (Palisades)

Mission Failed (Palisades)

Mission Failed (Palisades)

Mission Failed (Palisades)

Mission Failed (Palisades)

Mission Failed (Palisades)

Mission Failed (Palisades)

Mission Failed (Palisades)

Mission Failed (Palisades)

Mission Failed (Palisades)

Mission Failed (Palisades)
-----------------------------------------
| time/                   |             |
|    fps                  | 23          |
|    iterations           | 16          |
|    time_elapsed         | 12557       |
|    total_timesteps      | 294912      |
| train/                  |             |
|    approx_kl            | 0.012694889 |
|    clip_fraction        | 0.144       |
|    clip_range           | 0.2         |
|    entropy_loss         | -8.37       |
|    explained_variance   | 0.954       |
|    learning_rate        | 0.000399    |
|    loss                 | -0.00559    |
|    n_updates            | 75          |
|    policy_gradient_loss | -0.00742    |
|    value_loss           | 0.00182     |
-----------------------------------------

Mission Failed (Palisades)

Mission Failed (Palisades)

Mission Failed (Palisades)

Mission Failed (Palisades)

Mission Failed (Palisades)

Mission Failed (Palisades)

Mission Failed (Palisades)

Mission Failed (Palisades)

Mission Failed (Palisades)

Mission Failed (Palisades)

Mission Failed (Palisades)

Mission Failed (Palisades)

Mission Failed (Palisades)

Mission Failed (Palisades)

Mission Failed (Palisades)

Mission Failed (Palisades)

Mission Failed (Palisades)

Mission Failed (Palisades)

Mission Failed (Palisades)

Mission Failed (Palisades)

Mission Failed (Palisades)

Mission Failed (Palisades)

Mission Failed (Palisades)

Mission Failed (Palisades)

Mission Failed (Palisades)

Mission Failed (Palisades)

Mission Failed (Palisades)

Mission Failed (Palisades)

Mission Failed (Palisades)

Mission Failed (Palisades)

Mission Failed (Palisades)

Mission Failed (Palisades)

Mission Failed (Palisades)

Mission Failed (Palisades)

Mission Failed (Palisades)

Mission Failed (Palisades)

Mission Failed (Palisades)

Mission Failed (Palisades)

Mission Failed (Palisades)

Mission Failed (Palisades)

Mission Failed (Palisades)

Mission Failed (Palisades)

Mission Failed (Palisades)

Mission Failed (Palisades)

Mission Failed (Palisades)

Mission Failed (Palisades)

Mission Failed (Palisades)

Mission Failed (Palisades)

Mission Failed (Palisades)

Mission Failed (Palisades)

Mission Failed (Palisades)

Mission Failed (Palisades)

Mission Failed (Palisades)

Mission Failed (Palisades)

Mission Failed (Palisades)

Mission Failed (Palisades)

Mission Failed (Palisades)

Mission Failed (Palisades)

Mission Failed (Palisades)

Mission Failed (Palisades)

Mission Failed (Palisades)
Episode summary log written to examples/wildfire/data/scenarios/outputs/palisades_lr00075_557251/results_palisades_lr00075_2600_summary.csv

Mission Failed (Palisades)

Mission Failed (Palisades)

Mission Failed (Palisades)

Mission Failed (Palisades)

Mission Failed (Palisades)

Mission Failed (Palisades)

Mission Failed (Palisades)

Mission Failed (Palisades)

Mission Failed (Palisades)

Mission Failed (Palisades)

Mission Failed (Palisades)

Mission Failed (Palisades)

Mission Failed (Palisades)

Mission Failed (Palisades)

Mission Failed (Palisades)

Mission Failed (Palisades)

Mission Failed (Palisades)

Mission Failed (Palisades)

Mission Failed (Palisades)

Mission Failed (Palisades)

Mission Failed (Palisades)

Mission Failed (Palisades)

Mission Failed (Palisades)

Mission Failed (Palisades)

Mission Failed (Palisades)

Mission Failed (Palisades)

Mission Failed (Palisades)

Mission Failed (Palisades)

Mission Failed (Palisades)

Mission Failed (Palisades)

Mission Failed (Palisades)

Mission Failed (Palisades)

Mission Failed (Palisades)

Mission Failed (Palisades)

Mission Failed (Palisades)

Mission Failed (Palisades)

Mission Failed (Palisades)

Mission Failed (Palisades)

Mission Failed (Palisades)

Mission Failed (Palisades)

Mission Failed (Palisades)

Mission Failed (Palisades)

Mission Failed (Palisades)

Mission Failed (Palisades)

Mission Failed (Palisades)

Mission Failed (Palisades)

Mission Failed (Palisades)

Mission Failed (Palisades)

Mission Failed (Palisades)

Mission Completed (Palisades)

Mission Failed (Palisades)

Mission Failed (Palisades)

Mission Failed (Palisades)

Mission Failed (Palisades)

Mission Failed (Palisades)

Mission Failed (Palisades)

Mission Failed (Palisades)

Mission Failed (Palisades)

Mission Failed (Palisades)

Mission Failed (Palisades)

Mission Failed (Palisades)

Mission Failed (Palisades)

Mission Failed (Palisades)

Mission Failed (Palisades)

Mission Failed (Palisades)

Mission Failed (Palisades)

Mission Failed (Palisades)

Mission Failed (Palisades)

Mission Failed (Palisades)

Mission Failed (Palisades)

Mission Failed (Palisades)

Mission Completed (Palisades)

Mission Failed (Palisades)

Mission Failed (Palisades)

Mission Failed (Palisades)

Mission Failed (Palisades)

Mission Failed (Palisades)
-----------------------------------------
| time/                   |             |
|    fps                  | 23          |
|    iterations           | 17          |
|    time_elapsed         | 13346       |
|    total_timesteps      | 313344      |
| train/                  |             |
|    approx_kl            | 0.012512903 |
|    clip_fraction        | 0.151       |
|    clip_range           | 0.2         |
|    entropy_loss         | -8.36       |
|    explained_variance   | 0.943       |
|    learning_rate        | 0.000392    |
|    loss                 | -0.00815    |
|    n_updates            | 80          |
|    policy_gradient_loss | -0.00711    |
|    value_loss           | 0.00216     |
-----------------------------------------

Mission Failed (Palisades)

Mission Failed (Palisades)

Mission Failed (Palisades)

Mission Failed (Palisades)

Mission Failed (Palisades)

Mission Failed (Palisades)

Mission Failed (Palisades)

Mission Failed (Palisades)

Mission Failed (Palisades)

Mission Failed (Palisades)

Mission Failed (Palisades)

Mission Failed (Palisades)

Mission Failed (Palisades)

Mission Failed (Palisades)

Mission Failed (Palisades)

Mission Failed (Palisades)

Mission Failed (Palisades)
Episode summary log written to examples/wildfire/data/scenarios/outputs/palisades_lr00075_557251/results_palisades_lr00075_2700_summary.csv

Mission Completed (Palisades)

Mission Failed (Palisades)

Mission Failed (Palisades)

Mission Failed (Palisades)

Mission Failed (Palisades)

Mission Failed (Palisades)

Mission Failed (Palisades)

Mission Failed (Palisades)

Mission Failed (Palisades)

Mission Failed (Palisades)

Mission Failed (Palisades)

Mission Failed (Palisades)

Mission Failed (Palisades)

Mission Failed (Palisades)

Mission Failed (Palisades)

Mission Failed (Palisades)

Mission Failed (Palisades)

Mission Failed (Palisades)

Mission Failed (Palisades)

Mission Failed (Palisades)

Mission Failed (Palisades)

Mission Failed (Palisades)

Mission Failed (Palisades)

Mission Failed (Palisades)

Mission Failed (Palisades)

Mission Failed (Palisades)

Mission Failed (Palisades)

Mission Failed (Palisades)

Mission Failed (Palisades)

Mission Failed (Palisades)

Mission Failed (Palisades)

Mission Failed (Palisades)

Mission Failed (Palisades)

Mission Failed (Palisades)

Mission Failed (Palisades)

Mission Failed (Palisades)

Mission Failed (Palisades)

Mission Failed (Palisades)

Mission Failed (Palisades)

Mission Failed (Palisades)

Mission Failed (Palisades)

Mission Failed (Palisades)

Mission Failed (Palisades)

Mission Failed (Palisades)

Mission Completed (Palisades)

Mission Failed (Palisades)

Mission Failed (Palisades)

Mission Failed (Palisades)

Mission Completed (Palisades)

Mission Failed (Palisades)

Mission Failed (Palisades)

Mission Failed (Palisades)

Mission Failed (Palisades)

Mission Failed (Palisades)

Mission Failed (Palisades)

Mission Failed (Palisades)

Mission Failed (Palisades)

Mission Failed (Palisades)

Mission Failed (Palisades)

Mission Failed (Palisades)

Mission Failed (Palisades)

Mission Failed (Palisades)

Mission Failed (Palisades)

Mission Failed (Palisades)

Mission Failed (Palisades)

Mission Failed (Palisades)

Mission Failed (Palisades)

Mission Failed (Palisades)

Mission Failed (Palisades)

Mission Failed (Palisades)

Mission Failed (Palisades)

Mission Failed (Palisades)

Mission Failed (Palisades)

Mission Failed (Palisades)

Mission Failed (Palisades)

Mission Failed (Palisades)

Mission Failed (Palisades)

Mission Failed (Palisades)

Mission Failed (Palisades)

Mission Failed (Palisades)

Mission Failed (Palisades)

Mission Failed (Palisades)

Mission Failed (Palisades)

Mission Failed (Palisades)

Mission Failed (Palisades)

Mission Failed (Palisades)

Mission Failed (Palisades)

Mission Failed (Palisades)

Mission Failed (Palisades)

Mission Failed (Palisades)

Mission Failed (Palisades)

Mission Failed (Palisades)

Mission Failed (Palisades)
Episode summary log written to examples/wildfire/data/scenarios/outputs/palisades_lr00075_557251/results_palisades_lr00075_2800_summary.csv

Mission Failed (Palisades)

Mission Failed (Palisades)

Mission Failed (Palisades)

Mission Failed (Palisades)

Mission Failed (Palisades)

Mission Failed (Palisades)

Mission Failed (Palisades)

Mission Failed (Palisades)

Mission Failed (Palisades)

Mission Failed (Palisades)

Mission Failed (Palisades)

Mission Failed (Palisades)

Mission Failed (Palisades)

Mission Failed (Palisades)

Mission Failed (Palisades)

Mission Failed (Palisades)

Mission Failed (Palisades)

Mission Failed (Palisades)

Mission Failed (Palisades)

Mission Failed (Palisades)

Mission Failed (Palisades)

Mission Failed (Palisades)

Mission Failed (Palisades)

Mission Failed (Palisades)

Mission Failed (Palisades)

Mission Failed (Palisades)

Mission Failed (Palisades)

Mission Failed (Palisades)

Mission Failed (Palisades)

Mission Failed (Palisades)

Mission Failed (Palisades)

Mission Failed (Palisades)

Mission Failed (Palisades)

Mission Failed (Palisades)

Mission Failed (Palisades)

Mission Failed (Palisades)

Mission Failed (Palisades)

Mission Failed (Palisades)

Mission Failed (Palisades)

Mission Failed (Palisades)

Mission Failed (Palisades)

Mission Failed (Palisades)

Mission Failed (Palisades)

Mission Failed (Palisades)

Mission Failed (Palisades)

Mission Failed (Palisades)

Mission Failed (Palisades)

Mission Failed (Palisades)

Mission Failed (Palisades)
-----------------------------------------
| time/                   |             |
|    fps                  | 23          |
|    iterations           | 18          |
|    time_elapsed         | 14168       |
|    total_timesteps      | 331776      |
| train/                  |             |
|    approx_kl            | 0.011625777 |
|    clip_fraction        | 0.143       |
|    clip_range           | 0.2         |
|    entropy_loss         | -8.34       |
|    explained_variance   | 0.946       |
|    learning_rate        | 0.000385    |
|    loss                 | -0.00308    |
|    n_updates            | 85          |
|    policy_gradient_loss | -0.00702    |
|    value_loss           | 0.00227     |
-----------------------------------------

Mission Failed (Palisades)

Mission Failed (Palisades)

Mission Failed (Palisades)

Mission Failed (Palisades)

Mission Failed (Palisades)

Mission Failed (Palisades)

Mission Failed (Palisades)

Mission Failed (Palisades)

Mission Failed (Palisades)

Mission Failed (Palisades)

Mission Failed (Palisades)

Mission Failed (Palisades)

Mission Failed (Palisades)

Mission Failed (Palisades)

Mission Failed (Palisades)

Mission Failed (Palisades)

Mission Failed (Palisades)

Mission Failed (Palisades)

Mission Failed (Palisades)

Mission Failed (Palisades)

Mission Failed (Palisades)

Mission Failed (Palisades)

Mission Failed (Palisades)

Mission Failed (Palisades)

Mission Failed (Palisades)

Mission Failed (Palisades)

Mission Failed (Palisades)

Mission Failed (Palisades)

Mission Failed (Palisades)

Mission Failed (Palisades)

Mission Failed (Palisades)

Mission Failed (Palisades)

Mission Failed (Palisades)

Mission Failed (Palisades)

Mission Failed (Palisades)

Mission Failed (Palisades)

Mission Failed (Palisades)

Mission Failed (Palisades)

Mission Failed (Palisades)

Mission Failed (Palisades)

Mission Failed (Palisades)

Mission Failed (Palisades)

Mission Failed (Palisades)

Mission Failed (Palisades)

Mission Failed (Palisades)
Episode summary log written to examples/wildfire/data/scenarios/outputs/palisades_lr00075_557251/results_palisades_lr00075_2900_summary.csv

Mission Failed (Palisades)

Mission Failed (Palisades)

Mission Failed (Palisades)

Mission Failed (Palisades)

Mission Failed (Palisades)

Mission Failed (Palisades)

Mission Failed (Palisades)

Mission Failed (Palisades)

Mission Failed (Palisades)

Mission Failed (Palisades)

Mission Failed (Palisades)

Mission Failed (Palisades)

Mission Failed (Palisades)

Mission Failed (Palisades)

Mission Failed (Palisades)

Mission Failed (Palisades)

Mission Failed (Palisades)

Mission Failed (Palisades)

Mission Failed (Palisades)

Mission Failed (Palisades)

Mission Failed (Palisades)

Mission Failed (Palisades)

Mission Failed (Palisades)

Mission Failed (Palisades)

Mission Failed (Palisades)

Mission Failed (Palisades)

Mission Failed (Palisades)

Mission Failed (Palisades)

Mission Failed (Palisades)

Mission Failed (Palisades)

Mission Failed (Palisades)

Mission Failed (Palisades)

Mission Failed (Palisades)

Mission Failed (Palisades)

Mission Failed (Palisades)

Mission Failed (Palisades)

Mission Failed (Palisades)

Mission Failed (Palisades)

Mission Failed (Palisades)

Mission Failed (Palisades)

Mission Failed (Palisades)

Mission Failed (Palisades)

Mission Failed (Palisades)

Mission Failed (Palisades)

Mission Failed (Palisades)

Mission Failed (Palisades)

Mission Failed (Palisades)

Mission Failed (Palisades)

Mission Failed (Palisades)

Mission Failed (Palisades)

Mission Failed (Palisades)

Mission Failed (Palisades)

Mission Failed (Palisades)

Mission Failed (Palisades)

Mission Failed (Palisades)

Mission Failed (Palisades)

Mission Failed (Palisades)

Mission Failed (Palisades)

Mission Failed (Palisades)

Mission Failed (Palisades)

Mission Failed (Palisades)

Mission Failed (Palisades)

Mission Failed (Palisades)

Mission Failed (Palisades)

Mission Failed (Palisades)

Mission Failed (Palisades)

Mission Failed (Palisades)

Mission Failed (Palisades)

Mission Failed (Palisades)

Mission Failed (Palisades)

Mission Failed (Palisades)

Mission Failed (Palisades)

Mission Failed (Palisades)

Mission Failed (Palisades)

Mission Failed (Palisades)

Mission Failed (Palisades)

Mission Failed (Palisades)

Mission Failed (Palisades)

Mission Failed (Palisades)

Mission Failed (Palisades)

Mission Failed (Palisades)

Mission Failed (Palisades)

Mission Failed (Palisades)

Mission Failed (Palisades)

Mission Failed (Palisades)

Mission Failed (Palisades)
Per-step log written to examples/wildfire/data/scenarios/outputs/palisades_lr00075_557251/results_palisades_lr00075_3000_steps.csv
Decision-step log written to examples/wildfire/data/scenarios/outputs/palisades_lr00075_557251/results_palisades_lr00075_3000_decision_steps.csv
Episode summary log written to examples/wildfire/data/scenarios/outputs/palisades_lr00075_557251/results_palisades_lr00075_3000_summary.csv

Mission Failed (Palisades)

Mission Failed (Palisades)

Mission Failed (Palisades)

Mission Failed (Palisades)

Mission Failed (Palisades)

Mission Failed (Palisades)

Mission Failed (Palisades)

Mission Failed (Palisades)

Mission Failed (Palisades)

Mission Failed (Palisades)

Mission Failed (Palisades)

Mission Failed (Palisades)

Mission Failed (Palisades)

Mission Failed (Palisades)

Mission Failed (Palisades)

Mission Failed (Palisades)

Mission Failed (Palisades)

Mission Failed (Palisades)

Mission Failed (Palisades)

Mission Failed (Palisades)

Mission Failed (Palisades)

Mission Failed (Palisades)

Mission Failed (Palisades)

Mission Failed (Palisades)

Mission Failed (Palisades)

Mission Failed (Palisades)

Mission Failed (Palisades)

Mission Failed (Palisades)

Mission Failed (Palisades)

Mission Failed (Palisades)

Mission Failed (Palisades)

Mission Failed (Palisades)

Mission Failed (Palisades)
-----------------------------------------
| time/                   |             |
|    fps                  | 23          |
|    iterations           | 19          |
|    time_elapsed         | 14965       |
|    total_timesteps      | 350208      |
| train/                  |             |
|    approx_kl            | 0.013182218 |
|    clip_fraction        | 0.149       |
|    clip_range           | 0.2         |
|    entropy_loss         | -8.32       |
|    explained_variance   | 0.948       |
|    learning_rate        | 0.000378    |
|    loss                 | -0.00866    |
|    n_updates            | 90          |
|    policy_gradient_loss | -0.00912    |
|    value_loss           | 0.0024      |
-----------------------------------------

Mission Failed (Palisades)

Mission Failed (Palisades)

Mission Failed (Palisades)

Mission Failed (Palisades)

Mission Failed (Palisades)

Mission Failed (Palisades)

Mission Failed (Palisades)

Mission Failed (Palisades)

Mission Failed (Palisades)

Mission Failed (Palisades)

Mission Failed (Palisades)

Mission Failed (Palisades)

Mission Failed (Palisades)

Mission Failed (Palisades)

Mission Failed (Palisades)

Mission Failed (Palisades)

Mission Failed (Palisades)

Mission Failed (Palisades)

Mission Failed (Palisades)

Mission Failed (Palisades)

Mission Failed (Palisades)

Mission Failed (Palisades)

Mission Failed (Palisades)

Mission Failed (Palisades)

Mission Failed (Palisades)

Mission Failed (Palisades)

Mission Failed (Palisades)

Mission Failed (Palisades)

Mission Failed (Palisades)

Mission Failed (Palisades)

Mission Failed (Palisades)

Mission Failed (Palisades)

Mission Failed (Palisades)

Mission Failed (Palisades)

Mission Failed (Palisades)

Mission Failed (Palisades)

Mission Failed (Palisades)

Mission Failed (Palisades)

Mission Failed (Palisades)

Mission Failed (Palisades)

Mission Failed (Palisades)

Mission Failed (Palisades)

Mission Failed (Palisades)

Mission Failed (Palisades)

Mission Failed (Palisades)

Mission Failed (Palisades)

Mission Failed (Palisades)

Mission Failed (Palisades)

Mission Failed (Palisades)

Mission Failed (Palisades)

Mission Failed (Palisades)

Mission Failed (Palisades)

Mission Failed (Palisades)

Mission Failed (Palisades)

Mission Failed (Palisades)
Episode summary log written to examples/wildfire/data/scenarios/outputs/palisades_lr00075_557251/results_palisades_lr00075_3100_summary.csv

Mission Failed (Palisades)

Mission Failed (Palisades)

Mission Failed (Palisades)

Mission Failed (Palisades)

Mission Failed (Palisades)

Mission Failed (Palisades)

Mission Failed (Palisades)

Mission Failed (Palisades)

Mission Failed (Palisades)

Mission Failed (Palisades)

Mission Failed (Palisades)

Mission Failed (Palisades)

Mission Failed (Palisades)

Mission Failed (Palisades)

Mission Failed (Palisades)

Mission Failed (Palisades)

Mission Failed (Palisades)

Mission Failed (Palisades)

Mission Failed (Palisades)

Mission Failed (Palisades)

Mission Failed (Palisades)

Mission Failed (Palisades)

Mission Failed (Palisades)

Mission Failed (Palisades)

Mission Failed (Palisades)

Mission Failed (Palisades)

Mission Failed (Palisades)

Mission Failed (Palisades)

Mission Failed (Palisades)

Mission Failed (Palisades)

Mission Failed (Palisades)

Mission Failed (Palisades)

Mission Failed (Palisades)

Mission Failed (Palisades)

Mission Failed (Palisades)

Mission Failed (Palisades)

Mission Failed (Palisades)

Mission Failed (Palisades)

Mission Failed (Palisades)

Mission Failed (Palisades)

Mission Failed (Palisades)

Mission Failed (Palisades)

Mission Failed (Palisades)

Mission Failed (Palisades)

Mission Failed (Palisades)

Mission Failed (Palisades)

Mission Failed (Palisades)

Mission Failed (Palisades)

Mission Failed (Palisades)

Mission Failed (Palisades)

Mission Failed (Palisades)

Mission Failed (Palisades)

Mission Failed (Palisades)

Mission Failed (Palisades)

Mission Failed (Palisades)

Mission Failed (Palisades)

Mission Failed (Palisades)

Mission Failed (Palisades)

Mission Failed (Palisades)

Mission Failed (Palisades)

Mission Failed (Palisades)

Mission Failed (Palisades)

Mission Failed (Palisades)

Mission Failed (Palisades)

Mission Failed (Palisades)

Mission Completed (Palisades)

Mission Failed (Palisades)

Mission Failed (Palisades)

Mission Failed (Palisades)

Mission Failed (Palisades)

Mission Failed (Palisades)

Mission Failed (Palisades)

Mission Failed (Palisades)

Mission Failed (Palisades)

Mission Failed (Palisades)

Mission Failed (Palisades)

Mission Completed (Palisades)

Mission Failed (Palisades)

Mission Failed (Palisades)

Mission Failed (Palisades)

Mission Failed (Palisades)

Mission Failed (Palisades)

Mission Failed (Palisades)

Mission Failed (Palisades)

Mission Failed (Palisades)

Mission Failed (Palisades)

Mission Failed (Palisades)

Mission Failed (Palisades)

Mission Failed (Palisades)

Mission Failed (Palisades)

Mission Failed (Palisades)
Episode summary log written to examples/wildfire/data/scenarios/outputs/palisades_lr00075_557251/results_palisades_lr00075_3200_summary.csv

Mission Failed (Palisades)
-----------------------------------------
| time/                   |             |
|    fps                  | 23          |
|    iterations           | 20          |
|    time_elapsed         | 15754       |
|    total_timesteps      | 368640      |
| train/                  |             |
|    approx_kl            | 0.011808486 |
|    clip_fraction        | 0.156       |
|    clip_range           | 0.2         |
|    entropy_loss         | -8.3        |
|    explained_variance   | 0.935       |
|    learning_rate        | 0.000371    |
|    loss                 | -0.00181    |
|    n_updates            | 95          |
|    policy_gradient_loss | -0.00724    |
|    value_loss           | 0.00277     |
-----------------------------------------

Mission Failed (Palisades)

Mission Failed (Palisades)

Mission Failed (Palisades)

Mission Failed (Palisades)

Mission Failed (Palisades)

Mission Failed (Palisades)

Mission Failed (Palisades)

Mission Failed (Palisades)

Mission Failed (Palisades)

Mission Failed (Palisades)

Mission Failed (Palisades)

Mission Failed (Palisades)

Mission Failed (Palisades)

Mission Failed (Palisades)

Mission Failed (Palisades)

Mission Failed (Palisades)

Mission Failed (Palisades)

Mission Failed (Palisades)

Mission Failed (Palisades)

Mission Failed (Palisades)

Mission Failed (Palisades)

Mission Failed (Palisades)

Mission Failed (Palisades)

Mission Failed (Palisades)

Mission Failed (Palisades)

Mission Failed (Palisades)

Mission Failed (Palisades)

Mission Failed (Palisades)

Mission Failed (Palisades)

Mission Failed (Palisades)

Mission Failed (Palisades)

Mission Failed (Palisades)

Mission Failed (Palisades)

Mission Failed (Palisades)

Mission Failed (Palisades)

Mission Failed (Palisades)

Mission Failed (Palisades)

Mission Failed (Palisades)

Mission Failed (Palisades)

Mission Failed (Palisades)

Mission Failed (Palisades)

Mission Failed (Palisades)

Mission Failed (Palisades)

Mission Failed (Palisades)

Mission Failed (Palisades)

Mission Failed (Palisades)

Mission Failed (Palisades)

Mission Failed (Palisades)

Mission Failed (Palisades)

Mission Failed (Palisades)

Mission Failed (Palisades)

Mission Failed (Palisades)

Mission Failed (Palisades)

Mission Failed (Palisades)

Mission Failed (Palisades)

Mission Failed (Palisades)

Mission Failed (Palisades)

Mission Failed (Palisades)

Mission Failed (Palisades)

Mission Failed (Palisades)

Mission Failed (Palisades)

Mission Failed (Palisades)

Mission Failed (Palisades)

Mission Failed (Palisades)

Mission Failed (Palisades)

Mission Failed (Palisades)

Mission Failed (Palisades)

Mission Failed (Palisades)

Mission Failed (Palisades)

Mission Failed (Palisades)

Mission Failed (Palisades)

Mission Failed (Palisades)

Mission Failed (Palisades)

Mission Failed (Palisades)

Mission Failed (Palisades)

Mission Failed (Palisades)

Mission Failed (Palisades)

Mission Failed (Palisades)

Mission Failed (Palisades)

Mission Failed (Palisades)

Mission Failed (Palisades)

Mission Failed (Palisades)

Mission Failed (Palisades)

Mission Failed (Palisades)

Mission Failed (Palisades)

Mission Failed (Palisades)

Mission Failed (Palisades)

Mission Completed (Palisades)

Mission Failed (Palisades)

Mission Failed (Palisades)

Mission Failed (Palisades)

Mission Failed (Palisades)

Mission Failed (Palisades)

Mission Failed (Palisades)

Mission Failed (Palisades)
Episode summary log written to examples/wildfire/data/scenarios/outputs/palisades_lr00075_557251/results_palisades_lr00075_3300_summary.csv

Mission Failed (Palisades)

Mission Failed (Palisades)

Mission Failed (Palisades)

Mission Failed (Palisades)

Mission Failed (Palisades)

Mission Failed (Palisades)

Mission Failed (Palisades)

Mission Failed (Palisades)

Mission Failed (Palisades)

Mission Failed (Palisades)

Mission Failed (Palisades)

Mission Failed (Palisades)

Mission Failed (Palisades)

Mission Failed (Palisades)

Mission Failed (Palisades)

Mission Failed (Palisades)

Mission Failed (Palisades)

Mission Failed (Palisades)

Mission Failed (Palisades)

Mission Failed (Palisades)

Mission Failed (Palisades)

Mission Failed (Palisades)

Mission Failed (Palisades)

Mission Failed (Palisades)

Mission Failed (Palisades)

Mission Failed (Palisades)

Mission Failed (Palisades)

Mission Failed (Palisades)

Mission Failed (Palisades)

Mission Completed (Palisades)

Mission Failed (Palisades)

Mission Failed (Palisades)

Mission Failed (Palisades)

Mission Failed (Palisades)

Mission Failed (Palisades)

Mission Completed (Palisades)

Mission Completed (Palisades)

Mission Failed (Palisades)

Mission Failed (Palisades)

Mission Failed (Palisades)

Mission Failed (Palisades)

Mission Failed (Palisades)

Mission Failed (Palisades)

Mission Failed (Palisades)

Mission Failed (Palisades)

Mission Failed (Palisades)

Mission Failed (Palisades)

Mission Failed (Palisades)

Mission Failed (Palisades)

Mission Failed (Palisades)

Mission Failed (Palisades)

Mission Failed (Palisades)

Mission Failed (Palisades)

Mission Failed (Palisades)

Mission Failed (Palisades)

Mission Failed (Palisades)

Mission Failed (Palisades)

Mission Failed (Palisades)

Mission Failed (Palisades)
-----------------------------------------
| time/                   |             |
|    fps                  | 23          |
|    iterations           | 21          |
|    time_elapsed         | 16577       |
|    total_timesteps      | 387072      |
| train/                  |             |
|    approx_kl            | 0.012680896 |
|    clip_fraction        | 0.155       |
|    clip_range           | 0.2         |
|    entropy_loss         | -8.28       |
|    explained_variance   | 0.943       |
|    learning_rate        | 0.000364    |
|    loss                 | -0.00499    |
|    n_updates            | 100         |
|    policy_gradient_loss | -0.00697    |
|    value_loss           | 0.00257     |
-----------------------------------------

Mission Failed (Palisades)

Mission Failed (Palisades)

Mission Failed (Palisades)

Mission Failed (Palisades)

Mission Failed (Palisades)

Mission Failed (Palisades)

Mission Failed (Palisades)

Mission Failed (Palisades)

Mission Failed (Palisades)

Mission Failed (Palisades)

Mission Failed (Palisades)

Mission Failed (Palisades)

Mission Failed (Palisades)

Mission Failed (Palisades)

Mission Failed (Palisades)

Mission Failed (Palisades)

Mission Failed (Palisades)

Mission Failed (Palisades)

Mission Failed (Palisades)

Mission Failed (Palisades)

Mission Failed (Palisades)

Mission Failed (Palisades)

Mission Failed (Palisades)

Mission Failed (Palisades)

Mission Failed (Palisades)

Mission Failed (Palisades)

Mission Failed (Palisades)

Mission Failed (Palisades)

Mission Failed (Palisades)

Mission Failed (Palisades)

Mission Failed (Palisades)

Mission Failed (Palisades)

Mission Failed (Palisades)

Mission Failed (Palisades)

Mission Failed (Palisades)
Episode summary log written to examples/wildfire/data/scenarios/outputs/palisades_lr00075_557251/results_palisades_lr00075_3400_summary.csv

Mission Failed (Palisades)

Mission Failed (Palisades)

Mission Failed (Palisades)

Mission Failed (Palisades)

Mission Failed (Palisades)

Mission Failed (Palisades)

Mission Failed (Palisades)

Mission Failed (Palisades)

Mission Failed (Palisades)

Mission Failed (Palisades)

Mission Failed (Palisades)

Mission Failed (Palisades)

Mission Failed (Palisades)

Mission Failed (Palisades)

Mission Failed (Palisades)

Mission Failed (Palisades)

Mission Failed (Palisades)

Mission Failed (Palisades)

Mission Failed (Palisades)

Mission Failed (Palisades)

Mission Failed (Palisades)

Mission Failed (Palisades)

Mission Failed (Palisades)

Mission Failed (Palisades)

Mission Failed (Palisades)

Mission Failed (Palisades)

Mission Failed (Palisades)

Mission Failed (Palisades)

Mission Failed (Palisades)

Mission Failed (Palisades)

Mission Failed (Palisades)

Mission Failed (Palisades)

Mission Failed (Palisades)

Mission Failed (Palisades)

Mission Failed (Palisades)

Mission Failed (Palisades)

Mission Failed (Palisades)

Mission Failed (Palisades)

Mission Failed (Palisades)

Mission Failed (Palisades)

Mission Failed (Palisades)

Mission Failed (Palisades)

Mission Failed (Palisades)

Mission Failed (Palisades)

Mission Failed (Palisades)

Mission Failed (Palisades)

Mission Failed (Palisades)

Mission Completed (Palisades)

Mission Failed (Palisades)

Mission Failed (Palisades)

Mission Failed (Palisades)

Mission Failed (Palisades)

Mission Failed (Palisades)

Mission Failed (Palisades)

Mission Failed (Palisades)

Mission Failed (Palisades)

Mission Completed (Palisades)

Mission Failed (Palisades)

Mission Failed (Palisades)

Mission Failed (Palisades)

Mission Failed (Palisades)

Mission Failed (Palisades)

Mission Failed (Palisades)

Mission Failed (Palisades)

Mission Failed (Palisades)

Mission Failed (Palisades)

Mission Failed (Palisades)

Mission Failed (Palisades)

Mission Failed (Palisades)

Mission Failed (Palisades)

Mission Failed (Palisades)

Mission Failed (Palisades)

Mission Failed (Palisades)

Mission Failed (Palisades)

Mission Failed (Palisades)

Mission Failed (Palisades)

Mission Failed (Palisades)

Mission Failed (Palisades)

Mission Failed (Palisades)

Mission Failed (Palisades)

Mission Failed (Palisades)

Mission Failed (Palisades)
Episode summary log written to examples/wildfire/data/scenarios/outputs/palisades_lr00075_557251/results_palisades_lr00075_3500_summary.csv

Mission Failed (Palisades)

Mission Failed (Palisades)

Mission Failed (Palisades)

Mission Failed (Palisades)

Mission Failed (Palisades)

Mission Failed (Palisades)

Mission Completed (Palisades)

Mission Failed (Palisades)

Mission Failed (Palisades)

Mission Failed (Palisades)

Mission Failed (Palisades)

Mission Failed (Palisades)

Mission Failed (Palisades)

Mission Failed (Palisades)

Mission Failed (Palisades)

Mission Failed (Palisades)

Mission Failed (Palisades)

Mission Failed (Palisades)

Mission Failed (Palisades)

Mission Failed (Palisades)

Mission Failed (Palisades)

Mission Failed (Palisades)

Mission Failed (Palisades)

Mission Failed (Palisades)

Mission Failed (Palisades)

Mission Failed (Palisades)

Mission Failed (Palisades)

Mission Failed (Palisades)

Mission Failed (Palisades)

Mission Failed (Palisades)

Mission Failed (Palisades)

Mission Failed (Palisades)
-----------------------------------------
| time/                   |             |
|    fps                  | 23          |
|    iterations           | 22          |
|    time_elapsed         | 17426       |
|    total_timesteps      | 405504      |
| train/                  |             |
|    approx_kl            | 0.012578898 |
|    clip_fraction        | 0.158       |
|    clip_range           | 0.2         |
|    entropy_loss         | -8.26       |
|    explained_variance   | 0.956       |
|    learning_rate        | 0.000356    |
|    loss                 | -0.00666    |
|    n_updates            | 105         |
|    policy_gradient_loss | -0.00731    |
|    value_loss           | 0.00194     |
-----------------------------------------

Mission Failed (Palisades)

Mission Failed (Palisades)

Mission Failed (Palisades)

Mission Failed (Palisades)

Mission Failed (Palisades)

Mission Failed (Palisades)

Mission Failed (Palisades)

Mission Failed (Palisades)

Mission Failed (Palisades)

Mission Failed (Palisades)

Mission Failed (Palisades)

Mission Failed (Palisades)

Mission Failed (Palisades)

Mission Failed (Palisades)

Mission Failed (Palisades)

Mission Failed (Palisades)

Mission Failed (Palisades)

Mission Failed (Palisades)

Mission Failed (Palisades)

Mission Failed (Palisades)

Mission Failed (Palisades)

Mission Failed (Palisades)

Mission Failed (Palisades)

Mission Failed (Palisades)

Mission Failed (Palisades)

Mission Failed (Palisades)

Mission Failed (Palisades)

Mission Failed (Palisades)

Mission Failed (Palisades)

Mission Failed (Palisades)

Mission Failed (Palisades)

Mission Failed (Palisades)

Mission Failed (Palisades)

Mission Failed (Palisades)

Mission Failed (Palisades)

Mission Failed (Palisades)

Mission Failed (Palisades)

Mission Failed (Palisades)

Mission Failed (Palisades)

Mission Failed (Palisades)

Mission Failed (Palisades)

Mission Failed (Palisades)

Mission Failed (Palisades)

Mission Failed (Palisades)

Mission Failed (Palisades)

Mission Failed (Palisades)

Mission Failed (Palisades)

Mission Failed (Palisades)

Mission Failed (Palisades)

Mission Failed (Palisades)

Mission Failed (Palisades)

Mission Failed (Palisades)

Mission Failed (Palisades)

Mission Failed (Palisades)

Mission Failed (Palisades)

Mission Failed (Palisades)

Mission Failed (Palisades)
Episode summary log written to examples/wildfire/data/scenarios/outputs/palisades_lr00075_557251/results_palisades_lr00075_3600_summary.csv

Mission Failed (Palisades)

Mission Failed (Palisades)

Mission Failed (Palisades)

Mission Failed (Palisades)

Mission Failed (Palisades)

Mission Failed (Palisades)

Mission Failed (Palisades)

Mission Failed (Palisades)

Mission Failed (Palisades)

Mission Failed (Palisades)

Mission Failed (Palisades)

Mission Failed (Palisades)

Mission Failed (Palisades)

Mission Failed (Palisades)

Mission Failed (Palisades)

Mission Failed (Palisades)

Mission Failed (Palisades)

Mission Failed (Palisades)

Mission Failed (Palisades)

Mission Failed (Palisades)

Mission Failed (Palisades)

Mission Failed (Palisades)

Mission Failed (Palisades)

Mission Failed (Palisades)

Mission Failed (Palisades)

Mission Failed (Palisades)

Mission Failed (Palisades)

Mission Completed (Palisades)

Mission Failed (Palisades)

Mission Failed (Palisades)

Mission Failed (Palisades)

Mission Failed (Palisades)

Mission Failed (Palisades)

Mission Failed (Palisades)

Mission Failed (Palisades)

Mission Failed (Palisades)

Mission Failed (Palisades)

Mission Failed (Palisades)

Mission Failed (Palisades)

Mission Failed (Palisades)

Mission Failed (Palisades)

Mission Failed (Palisades)

Mission Failed (Palisades)

Mission Failed (Palisades)

Mission Failed (Palisades)

Mission Failed (Palisades)

Mission Failed (Palisades)

Mission Failed (Palisades)

Mission Failed (Palisades)

Mission Failed (Palisades)

Mission Failed (Palisades)

Mission Failed (Palisades)

Mission Failed (Palisades)

Mission Failed (Palisades)

Mission Failed (Palisades)

Mission Failed (Palisades)

Mission Failed (Palisades)

Mission Failed (Palisades)

Mission Failed (Palisades)

Mission Failed (Palisades)

Mission Failed (Palisades)

Mission Failed (Palisades)

Mission Failed (Palisades)

Mission Failed (Palisades)

Mission Failed (Palisades)

Mission Failed (Palisades)

Mission Failed (Palisades)

Mission Failed (Palisades)

Mission Failed (Palisades)

Mission Failed (Palisades)

Mission Failed (Palisades)

Mission Completed (Palisades)

Mission Failed (Palisades)

Mission Failed (Palisades)

Mission Failed (Palisades)

Mission Completed (Palisades)

Mission Failed (Palisades)

Mission Failed (Palisades)

Mission Failed (Palisades)

Mission Failed (Palisades)

Mission Failed (Palisades)

Mission Failed (Palisades)

Mission Failed (Palisades)

Mission Failed (Palisades)

Mission Failed (Palisades)

Mission Failed (Palisades)

Mission Failed (Palisades)

Mission Failed (Palisades)
Episode summary log written to examples/wildfire/data/scenarios/outputs/palisades_lr00075_557251/results_palisades_lr00075_3700_summary.csv

Mission Failed (Palisades)

Mission Failed (Palisades)

Mission Failed (Palisades)

Mission Failed (Palisades)

Mission Failed (Palisades)

Mission Failed (Palisades)

Mission Failed (Palisades)

Mission Failed (Palisades)

Mission Failed (Palisades)

Mission Failed (Palisades)
-----------------------------------------
| time/                   |             |
|    fps                  | 23          |
|    iterations           | 23          |
|    time_elapsed         | 18241       |
|    total_timesteps      | 423936      |
| train/                  |             |
|    approx_kl            | 0.014659653 |
|    clip_fraction        | 0.168       |
|    clip_range           | 0.2         |
|    entropy_loss         | -8.24       |
|    explained_variance   | 0.934       |
|    learning_rate        | 0.000349    |
|    loss                 | -0.00363    |
|    n_updates            | 110         |
|    policy_gradient_loss | -0.00656    |
|    value_loss           | 0.00345     |
-----------------------------------------

Mission Failed (Palisades)

Mission Failed (Palisades)

Mission Failed (Palisades)

Mission Failed (Palisades)

Mission Failed (Palisades)

Mission Failed (Palisades)

Mission Failed (Palisades)

Mission Failed (Palisades)

Mission Failed (Palisades)

Mission Failed (Palisades)

Mission Failed (Palisades)

Mission Failed (Palisades)

Mission Failed (Palisades)

Mission Failed (Palisades)

Mission Failed (Palisades)

Mission Failed (Palisades)

Mission Failed (Palisades)

Mission Failed (Palisades)

Mission Failed (Palisades)

Mission Failed (Palisades)

Mission Failed (Palisades)

Mission Failed (Palisades)

Mission Failed (Palisades)

Mission Failed (Palisades)

Mission Failed (Palisades)

Mission Failed (Palisades)

Mission Failed (Palisades)

Mission Failed (Palisades)

Mission Failed (Palisades)

Mission Failed (Palisades)

Mission Failed (Palisades)

Mission Failed (Palisades)

Mission Failed (Palisades)

Mission Failed (Palisades)

Mission Failed (Palisades)

Mission Failed (Palisades)

Mission Failed (Palisades)

Mission Failed (Palisades)

Mission Failed (Palisades)

Mission Failed (Palisades)

Mission Failed (Palisades)

Mission Failed (Palisades)

Mission Failed (Palisades)

Mission Failed (Palisades)

Mission Failed (Palisades)

Mission Failed (Palisades)

Mission Failed (Palisades)

Mission Failed (Palisades)

Mission Failed (Palisades)

Mission Failed (Palisades)

Mission Failed (Palisades)

Mission Failed (Palisades)

Mission Failed (Palisades)

Mission Failed (Palisades)

Mission Failed (Palisades)

Mission Failed (Palisades)

Mission Failed (Palisades)

Mission Failed (Palisades)

Mission Failed (Palisades)

Mission Failed (Palisades)

Mission Failed (Palisades)

Mission Failed (Palisades)

Mission Failed (Palisades)

Mission Failed (Palisades)

Mission Failed (Palisades)

Mission Failed (Palisades)

Mission Failed (Palisades)

Mission Failed (Palisades)

Mission Failed (Palisades)

Mission Failed (Palisades)

Mission Failed (Palisades)

Mission Failed (Palisades)

Mission Failed (Palisades)

Mission Failed (Palisades)

Mission Failed (Palisades)

Mission Failed (Palisades)

Mission Failed (Palisades)

Mission Failed (Palisades)
Episode summary log written to examples/wildfire/data/scenarios/outputs/palisades_lr00075_557251/results_palisades_lr00075_3800_summary.csv

Mission Failed (Palisades)

Mission Failed (Palisades)

Mission Failed (Palisades)

Mission Failed (Palisades)

Mission Failed (Palisades)

Mission Failed (Palisades)

Mission Failed (Palisades)

Mission Failed (Palisades)

Mission Failed (Palisades)

Mission Failed (Palisades)

Mission Failed (Palisades)

Mission Failed (Palisades)

Mission Failed (Palisades)

Mission Failed (Palisades)

Mission Failed (Palisades)

Mission Failed (Palisades)

Mission Failed (Palisades)

Mission Failed (Palisades)

Mission Failed (Palisades)

Mission Failed (Palisades)

Mission Failed (Palisades)

Mission Failed (Palisades)

Mission Failed (Palisades)

Mission Failed (Palisades)

Mission Failed (Palisades)

Mission Failed (Palisades)

Mission Failed (Palisades)

Mission Failed (Palisades)

Mission Failed (Palisades)

Mission Failed (Palisades)

Mission Failed (Palisades)

Mission Failed (Palisades)

Mission Failed (Palisades)

Mission Failed (Palisades)

Mission Failed (Palisades)

Mission Failed (Palisades)

Mission Failed (Palisades)

Mission Failed (Palisades)

Mission Failed (Palisades)

Mission Failed (Palisades)

Mission Failed (Palisades)

Mission Failed (Palisades)

Mission Failed (Palisades)

Mission Failed (Palisades)

Mission Failed (Palisades)

Mission Failed (Palisades)

Mission Failed (Palisades)

Mission Failed (Palisades)

Mission Failed (Palisades)

Mission Failed (Palisades)

Mission Failed (Palisades)

Mission Failed (Palisades)

Mission Failed (Palisades)

Mission Failed (Palisades)

Mission Failed (Palisades)

Mission Failed (Palisades)

Mission Failed (Palisades)

Mission Failed (Palisades)

Mission Failed (Palisades)

Mission Failed (Palisades)

Mission Failed (Palisades)

Mission Failed (Palisades)

Mission Failed (Palisades)

Mission Failed (Palisades)

Mission Failed (Palisades)

Mission Failed (Palisades)

Mission Failed (Palisades)
-----------------------------------------
| time/                   |             |
|    fps                  | 23          |
|    iterations           | 24          |
|    time_elapsed         | 19096       |
|    total_timesteps      | 442368      |
| train/                  |             |
|    approx_kl            | 0.012365535 |
|    clip_fraction        | 0.154       |
|    clip_range           | 0.2         |
|    entropy_loss         | -8.23       |
|    explained_variance   | 0.947       |
|    learning_rate        | 0.000341    |
|    loss                 | -0.0126     |
|    n_updates            | 115         |
|    policy_gradient_loss | -0.00868    |
|    value_loss           | 0.00232     |
-----------------------------------------

Mission Failed (Palisades)

Mission Failed (Palisades)

Mission Failed (Palisades)

Mission Failed (Palisades)

Mission Failed (Palisades)

Mission Failed (Palisades)

Mission Failed (Palisades)

Mission Failed (Palisades)

Mission Failed (Palisades)

Mission Failed (Palisades)

Mission Failed (Palisades)

Mission Failed (Palisades)

Mission Failed (Palisades)

Mission Failed (Palisades)

Mission Failed (Palisades)

Mission Failed (Palisades)

Mission Failed (Palisades)

Mission Failed (Palisades)
Episode summary log written to examples/wildfire/data/scenarios/outputs/palisades_lr00075_557251/results_palisades_lr00075_3900_summary.csv

Mission Failed (Palisades)

Mission Failed (Palisades)

Mission Failed (Palisades)

Mission Failed (Palisades)

Mission Failed (Palisades)

Mission Failed (Palisades)

Mission Failed (Palisades)

Mission Failed (Palisades)

Mission Failed (Palisades)

Mission Failed (Palisades)

Mission Failed (Palisades)

Mission Failed (Palisades)

Mission Failed (Palisades)

Mission Failed (Palisades)

Mission Failed (Palisades)

Mission Failed (Palisades)

Mission Failed (Palisades)

Mission Failed (Palisades)

Mission Failed (Palisades)

Mission Failed (Palisades)

Mission Failed (Palisades)

Mission Failed (Palisades)

Mission Failed (Palisades)

Mission Completed (Palisades)

Mission Failed (Palisades)

Mission Failed (Palisades)

Mission Failed (Palisades)

Mission Completed (Palisades)

Mission Failed (Palisades)

Mission Failed (Palisades)

Mission Failed (Palisades)

Mission Failed (Palisades)

Mission Failed (Palisades)

Mission Failed (Palisades)

Mission Failed (Palisades)

Mission Failed (Palisades)

Mission Failed (Palisades)

Mission Failed (Palisades)

Mission Failed (Palisades)

Mission Failed (Palisades)

Mission Failed (Palisades)

Mission Failed (Palisades)

Mission Failed (Palisades)

Mission Failed (Palisades)

Mission Failed (Palisades)

Mission Failed (Palisades)

Mission Failed (Palisades)

Mission Failed (Palisades)

Mission Failed (Palisades)

Mission Failed (Palisades)

Mission Failed (Palisades)

Mission Failed (Palisades)

Mission Failed (Palisades)

Mission Failed (Palisades)

Mission Failed (Palisades)

Mission Failed (Palisades)

Mission Failed (Palisades)

Mission Failed (Palisades)

Mission Failed (Palisades)

Mission Failed (Palisades)

Mission Failed (Palisades)

Mission Failed (Palisades)

Mission Failed (Palisades)

Mission Failed (Palisades)

Mission Failed (Palisades)

Mission Failed (Palisades)

Mission Failed (Palisades)

Mission Failed (Palisades)

Mission Failed (Palisades)

Mission Failed (Palisades)

Mission Failed (Palisades)

Mission Failed (Palisades)

Mission Failed (Palisades)

Mission Failed (Palisades)

Mission Failed (Palisades)

Mission Failed (Palisades)

Mission Failed (Palisades)

Mission Failed (Palisades)

Mission Failed (Palisades)

Mission Failed (Palisades)

Mission Failed (Palisades)

Mission Failed (Palisades)

Mission Failed (Palisades)

Mission Failed (Palisades)

Mission Failed (Palisades)

Mission Failed (Palisades)

Mission Failed (Palisades)
Per-step log written to examples/wildfire/data/scenarios/outputs/palisades_lr00075_557251/results_palisades_lr00075_4000_steps.csv
Decision-step log written to examples/wildfire/data/scenarios/outputs/palisades_lr00075_557251/results_palisades_lr00075_4000_decision_steps.csv
Episode summary log written to examples/wildfire/data/scenarios/outputs/palisades_lr00075_557251/results_palisades_lr00075_4000_summary.csv

Mission Failed (Palisades)

Mission Completed (Palisades)

Mission Failed (Palisades)

Mission Failed (Palisades)

Mission Failed (Palisades)

Mission Failed (Palisades)

Mission Failed (Palisades)

Mission Failed (Palisades)

Mission Failed (Palisades)

Mission Failed (Palisades)

Mission Failed (Palisades)

Mission Failed (Palisades)

Mission Failed (Palisades)

Mission Failed (Palisades)

Mission Failed (Palisades)

Mission Failed (Palisades)

Mission Failed (Palisades)

Mission Failed (Palisades)

Mission Failed (Palisades)

Mission Failed (Palisades)

Mission Failed (Palisades)

Mission Failed (Palisades)

Mission Failed (Palisades)

Mission Failed (Palisades)

Mission Failed (Palisades)

Mission Failed (Palisades)

Mission Failed (Palisades)

Mission Failed (Palisades)

Mission Failed (Palisades)

Mission Failed (Palisades)

Mission Failed (Palisades)

Mission Failed (Palisades)

Mission Failed (Palisades)

Mission Failed (Palisades)

Mission Failed (Palisades)

Mission Failed (Palisades)

Mission Failed (Palisades)

Mission Failed (Palisades)

Mission Failed (Palisades)

Mission Failed (Palisades)

Mission Failed (Palisades)

Mission Failed (Palisades)

Mission Failed (Palisades)

Mission Failed (Palisades)
-----------------------------------------
| time/                   |             |
|    fps                  | 23          |
|    iterations           | 25          |
|    time_elapsed         | 19942       |
|    total_timesteps      | 460800      |
| train/                  |             |
|    approx_kl            | 0.012098752 |
|    clip_fraction        | 0.154       |
|    clip_range           | 0.2         |
|    entropy_loss         | -8.2        |
|    explained_variance   | 0.946       |
|    learning_rate        | 0.000334    |
|    loss                 | -0.00565    |
|    n_updates            | 120         |
|    policy_gradient_loss | -0.00825    |
|    value_loss           | 0.00273     |
-----------------------------------------

Mission Failed (Palisades)

Mission Failed (Palisades)

Mission Failed (Palisades)

Mission Failed (Palisades)

Mission Failed (Palisades)

Mission Failed (Palisades)

Mission Failed (Palisades)

Mission Completed (Palisades)

Mission Failed (Palisades)

Mission Failed (Palisades)

Mission Failed (Palisades)

Mission Failed (Palisades)

Mission Failed (Palisades)

Mission Completed (Palisades)

Mission Failed (Palisades)

Mission Failed (Palisades)

Mission Failed (Palisades)

Mission Failed (Palisades)

Mission Failed (Palisades)

Mission Failed (Palisades)

Mission Failed (Palisades)

Mission Failed (Palisades)

Mission Failed (Palisades)

Mission Failed (Palisades)

Mission Failed (Palisades)

Mission Failed (Palisades)

Mission Failed (Palisades)

Mission Failed (Palisades)

Mission Failed (Palisades)

Mission Failed (Palisades)

Mission Failed (Palisades)

Mission Failed (Palisades)

Mission Failed (Palisades)

Mission Failed (Palisades)

Mission Failed (Palisades)

Mission Failed (Palisades)

Mission Failed (Palisades)

Mission Failed (Palisades)

Mission Failed (Palisades)

Mission Failed (Palisades)

Mission Failed (Palisades)

Mission Failed (Palisades)

Mission Failed (Palisades)

Mission Failed (Palisades)

Mission Failed (Palisades)

Mission Failed (Palisades)

Mission Failed (Palisades)
Episode summary log written to examples/wildfire/data/scenarios/outputs/palisades_lr00075_557251/results_palisades_lr00075_4100_summary.csv

Mission Failed (Palisades)

Mission Failed (Palisades)

Mission Failed (Palisades)

Mission Failed (Palisades)

Mission Failed (Palisades)

Mission Failed (Palisades)

Mission Failed (Palisades)

Mission Failed (Palisades)

Mission Failed (Palisades)

Mission Failed (Palisades)

Mission Failed (Palisades)

Mission Failed (Palisades)

Mission Failed (Palisades)

Mission Failed (Palisades)

Mission Failed (Palisades)

Mission Failed (Palisades)

Mission Failed (Palisades)

Mission Failed (Palisades)

Mission Failed (Palisades)

Mission Failed (Palisades)

Mission Failed (Palisades)

Mission Failed (Palisades)

Mission Failed (Palisades)

Mission Failed (Palisades)

Mission Failed (Palisades)

Mission Failed (Palisades)

Mission Failed (Palisades)

Mission Failed (Palisades)

Mission Failed (Palisades)

Mission Failed (Palisades)

Mission Failed (Palisades)

Mission Failed (Palisades)

Mission Failed (Palisades)

Mission Failed (Palisades)

Mission Failed (Palisades)

Mission Failed (Palisades)

Mission Failed (Palisades)

Mission Failed (Palisades)

Mission Failed (Palisades)

Mission Failed (Palisades)

Mission Failed (Palisades)

Mission Failed (Palisades)

Mission Completed (Palisades)

Mission Failed (Palisades)

Mission Failed (Palisades)

Mission Failed (Palisades)

Mission Failed (Palisades)

Mission Failed (Palisades)

Mission Failed (Palisades)

Mission Failed (Palisades)

Mission Failed (Palisades)

Mission Failed (Palisades)

Mission Failed (Palisades)

Mission Failed (Palisades)

Mission Failed (Palisades)

Mission Failed (Palisades)

Mission Failed (Palisades)

Mission Failed (Palisades)

Mission Failed (Palisades)

Mission Failed (Palisades)

Mission Failed (Palisades)

Mission Failed (Palisades)

Mission Failed (Palisades)

Mission Failed (Palisades)

Mission Failed (Palisades)

Mission Failed (Palisades)

Mission Failed (Palisades)

Mission Failed (Palisades)

Mission Failed (Palisades)

Mission Failed (Palisades)

Mission Failed (Palisades)

Mission Failed (Palisades)

Mission Failed (Palisades)

Mission Failed (Palisades)

Mission Failed (Palisades)

Mission Failed (Palisades)

Mission Failed (Palisades)

Mission Failed (Palisades)

Mission Failed (Palisades)

Mission Failed (Palisades)
Episode summary log written to examples/wildfire/data/scenarios/outputs/palisades_lr00075_557251/results_palisades_lr00075_4200_summary.csv

Mission Failed (Palisades)

Mission Failed (Palisades)

Mission Failed (Palisades)

Mission Failed (Palisades)

Mission Failed (Palisades)

Mission Failed (Palisades)

Mission Failed (Palisades)

Mission Failed (Palisades)

Mission Failed (Palisades)

Mission Failed (Palisades)

Mission Failed (Palisades)

Mission Completed (Palisades)

Mission Failed (Palisades)

Mission Failed (Palisades)

Mission Failed (Palisades)

Mission Failed (Palisades)

Mission Failed (Palisades)

Mission Failed (Palisades)

Mission Failed (Palisades)

Mission Failed (Palisades)

Mission Failed (Palisades)
-----------------------------------------
| time/                   |             |
|    fps                  | 23          |
|    iterations           | 26          |
|    time_elapsed         | 20744       |
|    total_timesteps      | 479232      |
| train/                  |             |
|    approx_kl            | 0.012780706 |
|    clip_fraction        | 0.164       |
|    clip_range           | 0.2         |
|    entropy_loss         | -8.2        |
|    explained_variance   | 0.939       |
|    learning_rate        | 0.000326    |
|    loss                 | -0.0187     |
|    n_updates            | 125         |
|    policy_gradient_loss | -0.00837    |
|    value_loss           | 0.00312     |
-----------------------------------------

Mission Failed (Palisades)

Mission Failed (Palisades)

Mission Failed (Palisades)

Mission Failed (Palisades)

Mission Failed (Palisades)

Mission Failed (Palisades)

Mission Failed (Palisades)

Mission Failed (Palisades)

Mission Failed (Palisades)

Mission Failed (Palisades)

Mission Failed (Palisades)

Mission Failed (Palisades)

Mission Failed (Palisades)

Mission Failed (Palisades)

Mission Failed (Palisades)

Mission Failed (Palisades)

Mission Failed (Palisades)

Mission Failed (Palisades)

Mission Failed (Palisades)

Mission Failed (Palisades)

Mission Failed (Palisades)

Mission Failed (Palisades)

Mission Failed (Palisades)

Mission Failed (Palisades)

Mission Failed (Palisades)

Mission Failed (Palisades)

Mission Failed (Palisades)

Mission Failed (Palisades)

Mission Failed (Palisades)

Mission Failed (Palisades)

Mission Failed (Palisades)

Mission Failed (Palisades)

Mission Failed (Palisades)

Mission Failed (Palisades)

Mission Failed (Palisades)

Mission Failed (Palisades)

Mission Failed (Palisades)

Mission Failed (Palisades)

Mission Failed (Palisades)

Mission Failed (Palisades)

Mission Failed (Palisades)

Mission Failed (Palisades)

Mission Failed (Palisades)

Mission Completed (Palisades)

Mission Failed (Palisades)

Mission Failed (Palisades)

Mission Failed (Palisades)

Mission Failed (Palisades)

Mission Failed (Palisades)

Mission Failed (Palisades)

Mission Failed (Palisades)

Mission Failed (Palisades)

Mission Failed (Palisades)

Mission Failed (Palisades)

Mission Failed (Palisades)

Mission Failed (Palisades)

Mission Failed (Palisades)

Mission Failed (Palisades)

Mission Failed (Palisades)

Mission Failed (Palisades)

Mission Failed (Palisades)

Mission Failed (Palisades)

Mission Failed (Palisades)

Mission Failed (Palisades)

Mission Failed (Palisades)

Mission Failed (Palisades)

Mission Failed (Palisades)

Mission Failed (Palisades)
Episode summary log written to examples/wildfire/data/scenarios/outputs/palisades_lr00075_557251/results_palisades_lr00075_4300_summary.csv

Mission Failed (Palisades)

Mission Failed (Palisades)

Mission Failed (Palisades)

Mission Failed (Palisades)

Mission Failed (Palisades)

Mission Failed (Palisades)

Mission Failed (Palisades)

Mission Failed (Palisades)

Mission Failed (Palisades)

Mission Failed (Palisades)

Mission Failed (Palisades)

Mission Failed (Palisades)

Mission Failed (Palisades)

Mission Failed (Palisades)

Mission Failed (Palisades)

Mission Failed (Palisades)

Mission Failed (Palisades)

Mission Failed (Palisades)

Mission Failed (Palisades)

Mission Failed (Palisades)

Mission Failed (Palisades)

Mission Failed (Palisades)

Mission Failed (Palisades)

Mission Failed (Palisades)

Mission Failed (Palisades)

Mission Failed (Palisades)

Mission Failed (Palisades)

Mission Failed (Palisades)

Mission Failed (Palisades)

Mission Failed (Palisades)

Mission Failed (Palisades)

Mission Failed (Palisades)

Mission Failed (Palisades)

Mission Failed (Palisades)

Mission Failed (Palisades)

Mission Failed (Palisades)

Mission Failed (Palisades)

Mission Failed (Palisades)

Mission Failed (Palisades)

Mission Failed (Palisades)

Mission Failed (Palisades)

Mission Failed (Palisades)

Mission Failed (Palisades)

Mission Failed (Palisades)

Mission Completed (Palisades)

Mission Failed (Palisades)

Mission Failed (Palisades)

Mission Failed (Palisades)

Mission Failed (Palisades)

Mission Failed (Palisades)

Mission Failed (Palisades)

Mission Failed (Palisades)

Mission Failed (Palisades)

Mission Failed (Palisades)

Mission Failed (Palisades)

Mission Failed (Palisades)

Mission Failed (Palisades)

Mission Failed (Palisades)

Mission Failed (Palisades)

Mission Failed (Palisades)

Mission Failed (Palisades)

Mission Failed (Palisades)

Mission Failed (Palisades)

Mission Failed (Palisades)

Mission Failed (Palisades)

Mission Failed (Palisades)

Mission Failed (Palisades)

Mission Failed (Palisades)

Mission Failed (Palisades)

Mission Failed (Palisades)

Mission Failed (Palisades)

Mission Failed (Palisades)

Mission Failed (Palisades)

Mission Failed (Palisades)

Mission Failed (Palisades)

Mission Failed (Palisades)

Mission Failed (Palisades)
-----------------------------------------
| time/                   |             |
|    fps                  | 23          |
|    iterations           | 27          |
|    time_elapsed         | 21553       |
|    total_timesteps      | 497664      |
| train/                  |             |
|    approx_kl            | 0.012460082 |
|    clip_fraction        | 0.148       |
|    clip_range           | 0.2         |
|    entropy_loss         | -8.18       |
|    explained_variance   | 0.938       |
|    learning_rate        | 0.000318    |
|    loss                 | -0.00349    |
|    n_updates            | 130         |
|    policy_gradient_loss | -0.00839    |
|    value_loss           | 0.00327     |
-----------------------------------------

Mission Failed (Palisades)

Mission Failed (Palisades)

Mission Failed (Palisades)

Mission Failed (Palisades)

Mission Failed (Palisades)

Mission Failed (Palisades)

Mission Failed (Palisades)

Mission Failed (Palisades)

Mission Failed (Palisades)

Mission Failed (Palisades)

Mission Failed (Palisades)

Mission Failed (Palisades)

Mission Failed (Palisades)

Mission Failed (Palisades)
Episode summary log written to examples/wildfire/data/scenarios/outputs/palisades_lr00075_557251/results_palisades_lr00075_4400_summary.csv

Mission Failed (Palisades)

Mission Failed (Palisades)

Mission Failed (Palisades)

Mission Failed (Palisades)

Mission Failed (Palisades)

Mission Failed (Palisades)

Mission Failed (Palisades)

Mission Completed (Palisades)

Mission Failed (Palisades)

Mission Failed (Palisades)

Mission Failed (Palisades)

Mission Failed (Palisades)

Mission Failed (Palisades)

Mission Failed (Palisades)

Mission Failed (Palisades)

Mission Failed (Palisades)

Mission Failed (Palisades)

Mission Failed (Palisades)

Mission Failed (Palisades)

Mission Failed (Palisades)

Mission Failed (Palisades)

Mission Failed (Palisades)

Mission Failed (Palisades)

Mission Failed (Palisades)

Mission Failed (Palisades)

Mission Failed (Palisades)

Mission Failed (Palisades)

Mission Failed (Palisades)

Mission Failed (Palisades)

Mission Completed (Palisades)

Mission Failed (Palisades)

Mission Failed (Palisades)

Mission Failed (Palisades)

Mission Failed (Palisades)

Mission Failed (Palisades)

Mission Failed (Palisades)

Mission Failed (Palisades)

Mission Failed (Palisades)

Mission Failed (Palisades)

Mission Failed (Palisades)

Mission Failed (Palisades)

Mission Failed (Palisades)

Mission Failed (Palisades)

Mission Failed (Palisades)

Mission Failed (Palisades)

Mission Failed (Palisades)

Mission Failed (Palisades)

Mission Failed (Palisades)

Mission Failed (Palisades)

Mission Failed (Palisades)

Mission Failed (Palisades)

Mission Failed (Palisades)

Mission Failed (Palisades)

Mission Failed (Palisades)

Mission Failed (Palisades)

Mission Failed (Palisades)

Mission Failed (Palisades)

Mission Failed (Palisades)

Mission Failed (Palisades)

Mission Failed (Palisades)

Mission Failed (Palisades)

Mission Failed (Palisades)

Mission Failed (Palisades)

Mission Failed (Palisades)

Mission Failed (Palisades)

Mission Failed (Palisades)

Mission Failed (Palisades)

Mission Failed (Palisades)

Mission Failed (Palisades)

Mission Failed (Palisades)

Mission Failed (Palisades)

Mission Failed (Palisades)

Mission Failed (Palisades)

Mission Failed (Palisades)

Mission Failed (Palisades)
Episode summary log written to examples/wildfire/data/scenarios/outputs/palisades_lr00075_557251/results_palisades_lr00075_4500_summary.csv

Mission Failed (Palisades)

Mission Failed (Palisades)

Mission Failed (Palisades)

Mission Failed (Palisades)

Mission Failed (Palisades)

Mission Failed (Palisades)

Mission Failed (Palisades)

Mission Failed (Palisades)

Mission Failed (Palisades)

Mission Failed (Palisades)

Mission Failed (Palisades)

Mission Failed (Palisades)

Mission Failed (Palisades)

Mission Failed (Palisades)

Mission Failed (Palisades)

Mission Failed (Palisades)

Mission Failed (Palisades)

Mission Failed (Palisades)

Mission Failed (Palisades)

Mission Failed (Palisades)

Mission Failed (Palisades)

Mission Failed (Palisades)

Mission Failed (Palisades)

Mission Failed (Palisades)

Mission Failed (Palisades)

Mission Failed (Palisades)

Mission Failed (Palisades)

Mission Failed (Palisades)

Mission Failed (Palisades)

Mission Failed (Palisades)

Mission Failed (Palisades)

Mission Failed (Palisades)

Mission Failed (Palisades)

Mission Failed (Palisades)

Mission Failed (Palisades)

Mission Failed (Palisades)

Mission Failed (Palisades)

Mission Failed (Palisades)

Mission Failed (Palisades)

Mission Failed (Palisades)

Mission Failed (Palisades)

Mission Failed (Palisades)

Mission Failed (Palisades)

Mission Failed (Palisades)

Mission Failed (Palisades)

Mission Failed (Palisades)

Mission Failed (Palisades)

Mission Failed (Palisades)

Mission Failed (Palisades)

Mission Failed (Palisades)

Mission Failed (Palisades)

Mission Failed (Palisades)

Mission Failed (Palisades)

Mission Failed (Palisades)
-----------------------------------------
| time/                   |             |
|    fps                  | 23          |
|    iterations           | 28          |
|    time_elapsed         | 22369       |
|    total_timesteps      | 516096      |
| train/                  |             |
|    approx_kl            | 0.011668116 |
|    clip_fraction        | 0.132       |
|    clip_range           | 0.2         |
|    entropy_loss         | -8.18       |
|    explained_variance   | 0.951       |
|    learning_rate        | 0.00031     |
|    loss                 | -0.00948    |
|    n_updates            | 135         |
|    policy_gradient_loss | -0.00779    |
|    value_loss           | 0.00258     |
-----------------------------------------

Mission Failed (Palisades)

Mission Failed (Palisades)

Mission Failed (Palisades)

Mission Failed (Palisades)

Mission Failed (Palisades)

Mission Failed (Palisades)

Mission Failed (Palisades)

Mission Failed (Palisades)

Mission Failed (Palisades)

Mission Failed (Palisades)

Mission Failed (Palisades)

Mission Failed (Palisades)

Mission Failed (Palisades)

Mission Failed (Palisades)

Mission Failed (Palisades)

Mission Failed (Palisades)

Mission Failed (Palisades)

Mission Failed (Palisades)

Mission Failed (Palisades)

Mission Failed (Palisades)

Mission Failed (Palisades)

Mission Failed (Palisades)

Mission Completed (Palisades)

Mission Failed (Palisades)

Mission Failed (Palisades)

Mission Failed (Palisades)

Mission Failed (Palisades)

Mission Failed (Palisades)

Mission Failed (Palisades)

Mission Failed (Palisades)

Mission Failed (Palisades)

Mission Failed (Palisades)

Mission Failed (Palisades)

Mission Failed (Palisades)
Episode summary log written to examples/wildfire/data/scenarios/outputs/palisades_lr00075_557251/results_palisades_lr00075_4600_summary.csv

Mission Failed (Palisades)

Mission Failed (Palisades)

Mission Failed (Palisades)

Mission Failed (Palisades)

Mission Failed (Palisades)

Mission Failed (Palisades)

Mission Failed (Palisades)

Mission Failed (Palisades)

Mission Failed (Palisades)

Mission Failed (Palisades)

Mission Failed (Palisades)

Mission Failed (Palisades)

Mission Failed (Palisades)

Mission Failed (Palisades)

Mission Failed (Palisades)

Mission Failed (Palisades)

Mission Failed (Palisades)

Mission Failed (Palisades)

Mission Failed (Palisades)

Mission Failed (Palisades)

Mission Failed (Palisades)

Mission Failed (Palisades)

Mission Failed (Palisades)

Mission Failed (Palisades)

Mission Failed (Palisades)

Mission Failed (Palisades)

Mission Failed (Palisades)

Mission Failed (Palisades)

Mission Failed (Palisades)

Mission Failed (Palisades)

Mission Failed (Palisades)

Mission Failed (Palisades)

Mission Failed (Palisades)

Mission Failed (Palisades)

Mission Failed (Palisades)

Mission Failed (Palisades)

Mission Failed (Palisades)

Mission Failed (Palisades)

Mission Failed (Palisades)

Mission Failed (Palisades)

Mission Failed (Palisades)

Mission Failed (Palisades)

Mission Failed (Palisades)

Mission Failed (Palisades)

Mission Failed (Palisades)

Mission Failed (Palisades)

Mission Failed (Palisades)

Mission Failed (Palisades)

Mission Failed (Palisades)

Mission Failed (Palisades)

Mission Failed (Palisades)

Mission Completed (Palisades)

Mission Failed (Palisades)

Mission Failed (Palisades)

Mission Failed (Palisades)

Mission Failed (Palisades)

Mission Failed (Palisades)

Mission Failed (Palisades)

Mission Failed (Palisades)

Mission Failed (Palisades)

Mission Failed (Palisades)

Mission Failed (Palisades)

Mission Failed (Palisades)

Mission Failed (Palisades)

Mission Failed (Palisades)

Mission Failed (Palisades)

Mission Failed (Palisades)

Mission Failed (Palisades)

Mission Failed (Palisades)

Mission Failed (Palisades)

Mission Failed (Palisades)

Mission Failed (Palisades)

Mission Failed (Palisades)

Mission Failed (Palisades)

Mission Failed (Palisades)

Mission Failed (Palisades)

Mission Failed (Palisades)

Mission Failed (Palisades)

Mission Failed (Palisades)

Mission Failed (Palisades)
Episode summary log written to examples/wildfire/data/scenarios/outputs/palisades_lr00075_557251/results_palisades_lr00075_4700_summary.csv

Mission Failed (Palisades)

Mission Failed (Palisades)

Mission Failed (Palisades)

Mission Failed (Palisades)

Mission Failed (Palisades)

Mission Failed (Palisades)

Mission Failed (Palisades)

Mission Failed (Palisades)

Mission Failed (Palisades)

Mission Failed (Palisades)

Mission Failed (Palisades)

Mission Failed (Palisades)

Mission Failed (Palisades)

Mission Failed (Palisades)

Mission Failed (Palisades)

Mission Failed (Palisades)

Mission Failed (Palisades)

Mission Failed (Palisades)

Mission Failed (Palisades)

Mission Failed (Palisades)

Mission Failed (Palisades)

Mission Failed (Palisades)

Mission Failed (Palisades)

Mission Failed (Palisades)

Mission Failed (Palisades)

Mission Failed (Palisades)

Mission Failed (Palisades)

Mission Failed (Palisades)

Mission Failed (Palisades)

Mission Failed (Palisades)

Mission Failed (Palisades)

Mission Failed (Palisades)

Mission Failed (Palisades)

Mission Failed (Palisades)

Mission Failed (Palisades)

Mission Failed (Palisades)

Mission Failed (Palisades)

Mission Failed (Palisades)
----------------------------------------
| time/                   |            |
|    fps                  | 23         |
|    iterations           | 29         |
|    time_elapsed         | 23199      |
|    total_timesteps      | 534528     |
| train/                  |            |
|    approx_kl            | 0.01178678 |
|    clip_fraction        | 0.157      |
|    clip_range           | 0.2        |
|    entropy_loss         | -8.17      |
|    explained_variance   | 0.937      |
|    learning_rate        | 0.000303   |
|    loss                 | 0.00171    |
|    n_updates            | 140        |
|    policy_gradient_loss | -0.0088    |
|    value_loss           | 0.0034     |
----------------------------------------

Mission Failed (Palisades)

Mission Failed (Palisades)

Mission Failed (Palisades)

Mission Failed (Palisades)

Mission Failed (Palisades)

Mission Failed (Palisades)

Mission Failed (Palisades)

Mission Failed (Palisades)

Mission Failed (Palisades)

Mission Failed (Palisades)

Mission Failed (Palisades)

Mission Failed (Palisades)

Mission Failed (Palisades)

Mission Failed (Palisades)

Mission Failed (Palisades)

Mission Failed (Palisades)

Mission Failed (Palisades)

Mission Failed (Palisades)

Mission Failed (Palisades)

Mission Failed (Palisades)

Mission Failed (Palisades)

Mission Failed (Palisades)

Mission Failed (Palisades)

Mission Failed (Palisades)

Mission Failed (Palisades)

Mission Failed (Palisades)

Mission Failed (Palisades)

Mission Failed (Palisades)

Mission Failed (Palisades)

Mission Failed (Palisades)

Mission Failed (Palisades)

Mission Failed (Palisades)

Mission Failed (Palisades)

Mission Failed (Palisades)

Mission Failed (Palisades)

Mission Failed (Palisades)

Mission Failed (Palisades)

Mission Failed (Palisades)

Mission Failed (Palisades)

Mission Failed (Palisades)

Mission Failed (Palisades)

Mission Failed (Palisades)

Mission Failed (Palisades)

Mission Failed (Palisades)

Mission Failed (Palisades)

Mission Failed (Palisades)

Mission Failed (Palisades)
Episode summary log written to examples/wildfire/data/scenarios/outputs/palisades_lr00075_557251/results_palisades_lr00075_4800_summary.csv

Mission Completed (Palisades)

Mission Failed (Palisades)

Mission Failed (Palisades)

Mission Failed (Palisades)

Mission Failed (Palisades)

Mission Failed (Palisades)

Mission Failed (Palisades)

Mission Failed (Palisades)

Mission Failed (Palisades)

Mission Failed (Palisades)

Mission Failed (Palisades)

Mission Failed (Palisades)

Mission Failed (Palisades)

Mission Failed (Palisades)

Mission Failed (Palisades)

Mission Failed (Palisades)

Mission Failed (Palisades)

Mission Failed (Palisades)

Mission Failed (Palisades)

Mission Failed (Palisades)

Mission Failed (Palisades)

Mission Failed (Palisades)

Mission Failed (Palisades)

Mission Failed (Palisades)

Mission Completed (Palisades)

Mission Failed (Palisades)

Mission Failed (Palisades)

Mission Failed (Palisades)

Mission Failed (Palisades)

Mission Failed (Palisades)

Mission Failed (Palisades)

Mission Failed (Palisades)

Mission Failed (Palisades)

Mission Failed (Palisades)

Mission Failed (Palisades)

Mission Failed (Palisades)

Mission Failed (Palisades)

Mission Failed (Palisades)

Mission Failed (Palisades)

Mission Failed (Palisades)

Mission Failed (Palisades)

Mission Failed (Palisades)

Mission Failed (Palisades)

Mission Failed (Palisades)

Mission Failed (Palisades)

Mission Completed (Palisades)

Mission Failed (Palisades)

Mission Failed (Palisades)

Mission Failed (Palisades)

Mission Failed (Palisades)

Mission Failed (Palisades)

Mission Failed (Palisades)

Mission Failed (Palisades)

Mission Failed (Palisades)

Mission Failed (Palisades)

Mission Failed (Palisades)

Mission Failed (Palisades)

Mission Failed (Palisades)

Mission Failed (Palisades)

Mission Failed (Palisades)

Mission Failed (Palisades)

Mission Failed (Palisades)

Mission Failed (Palisades)

Mission Failed (Palisades)

Mission Failed (Palisades)

Mission Failed (Palisades)

Mission Failed (Palisades)

Mission Failed (Palisades)

Mission Failed (Palisades)

Mission Failed (Palisades)

Mission Failed (Palisades)

Mission Failed (Palisades)

Mission Failed (Palisades)

Mission Failed (Palisades)

Mission Failed (Palisades)

Mission Failed (Palisades)

Mission Failed (Palisades)

Mission Failed (Palisades)

Mission Failed (Palisades)

Mission Failed (Palisades)

Mission Failed (Palisades)

Mission Failed (Palisades)
Episode summary log written to examples/wildfire/data/scenarios/outputs/palisades_lr00075_557251/results_palisades_lr00075_4900_summary.csv

Mission Failed (Palisades)

Mission Failed (Palisades)

Mission Failed (Palisades)

Mission Failed (Palisades)

Mission Failed (Palisades)

Mission Failed (Palisades)

Mission Failed (Palisades)

Mission Failed (Palisades)

Mission Failed (Palisades)

Mission Failed (Palisades)

Mission Failed (Palisades)

Mission Failed (Palisades)

Mission Failed (Palisades)

Mission Failed (Palisades)

Mission Failed (Palisades)

Mission Failed (Palisades)

Mission Failed (Palisades)
-----------------------------------------
| time/                   |             |
|    fps                  | 22          |
|    iterations           | 30          |
|    time_elapsed         | 24075       |
|    total_timesteps      | 552960      |
| train/                  |             |
|    approx_kl            | 0.011255509 |
|    clip_fraction        | 0.135       |
|    clip_range           | 0.2         |
|    entropy_loss         | -8.16       |
|    explained_variance   | 0.929       |
|    learning_rate        | 0.000295    |
|    loss                 | -0.00929    |
|    n_updates            | 145         |
|    policy_gradient_loss | -0.00796    |
|    value_loss           | 0.0036      |
-----------------------------------------

Mission Failed (Palisades)

Mission Failed (Palisades)

Mission Failed (Palisades)

Mission Failed (Palisades)

Mission Failed (Palisades)

Mission Failed (Palisades)

Mission Failed (Palisades)

Mission Failed (Palisades)

Mission Failed (Palisades)

Mission Failed (Palisades)

Mission Failed (Palisades)

Mission Failed (Palisades)

Mission Failed (Palisades)

Mission Failed (Palisades)

Mission Failed (Palisades)

Mission Failed (Palisades)

Mission Failed (Palisades)

Mission Failed (Palisades)

Mission Failed (Palisades)

Mission Failed (Palisades)

Mission Failed (Palisades)

Mission Failed (Palisades)

Mission Failed (Palisades)

Mission Failed (Palisades)

Mission Failed (Palisades)

Mission Failed (Palisades)

Mission Completed (Palisades)

Mission Failed (Palisades)

Mission Failed (Palisades)

Mission Failed (Palisades)

Mission Failed (Palisades)

Mission Failed (Palisades)

Mission Failed (Palisades)

Mission Failed (Palisades)

Mission Failed (Palisades)

Mission Failed (Palisades)

Mission Failed (Palisades)

Mission Failed (Palisades)

Mission Failed (Palisades)

Mission Failed (Palisades)

Mission Failed (Palisades)

Mission Failed (Palisades)

Mission Failed (Palisades)

Mission Failed (Palisades)

Mission Failed (Palisades)

Mission Failed (Palisades)

Mission Failed (Palisades)

Mission Failed (Palisades)

Mission Failed (Palisades)

Mission Failed (Palisades)

Mission Failed (Palisades)

Mission Failed (Palisades)

Mission Failed (Palisades)

Mission Failed (Palisades)

Mission Failed (Palisades)

Mission Failed (Palisades)

Mission Failed (Palisades)

Mission Failed (Palisades)

Mission Failed (Palisades)

Mission Failed (Palisades)

Mission Failed (Palisades)

Mission Failed (Palisades)
Per-step log written to examples/wildfire/data/scenarios/outputs/palisades_lr00075_557251/results_palisades_lr00075_5000_steps.csv
Decision-step log written to examples/wildfire/data/scenarios/outputs/palisades_lr00075_557251/results_palisades_lr00075_5000_decision_steps.csv
Episode summary log written to examples/wildfire/data/scenarios/outputs/palisades_lr00075_557251/results_palisades_lr00075_5000_summary.csv

Mission Failed (Palisades)

Mission Failed (Palisades)

Mission Failed (Palisades)

Mission Failed (Palisades)

Mission Failed (Palisades)

Mission Failed (Palisades)

Mission Failed (Palisades)

Mission Failed (Palisades)

Mission Failed (Palisades)

Mission Failed (Palisades)

Mission Failed (Palisades)

Mission Failed (Palisades)

Mission Failed (Palisades)

Mission Failed (Palisades)

Mission Failed (Palisades)

Mission Failed (Palisades)

Mission Failed (Palisades)

Mission Failed (Palisades)

Mission Failed (Palisades)

Mission Failed (Palisades)

Mission Failed (Palisades)

Mission Failed (Palisades)

Mission Failed (Palisades)

Mission Failed (Palisades)

Mission Failed (Palisades)

Mission Failed (Palisades)

Mission Failed (Palisades)

Mission Failed (Palisades)

Mission Failed (Palisades)

Mission Failed (Palisades)

Mission Failed (Palisades)

Mission Failed (Palisades)

Mission Failed (Palisades)

Mission Failed (Palisades)

Mission Failed (Palisades)

Mission Failed (Palisades)

Mission Failed (Palisades)

Mission Failed (Palisades)

Mission Failed (Palisades)

Mission Failed (Palisades)

Mission Failed (Palisades)

Mission Failed (Palisades)

Mission Failed (Palisades)

Mission Failed (Palisades)

Mission Failed (Palisades)

Mission Failed (Palisades)

Mission Failed (Palisades)

Mission Failed (Palisades)

Mission Failed (Palisades)

Mission Failed (Palisades)

Mission Failed (Palisades)

Mission Failed (Palisades)

Mission Failed (Palisades)

Mission Failed (Palisades)

Mission Failed (Palisades)

Mission Failed (Palisades)

Mission Failed (Palisades)

Mission Failed (Palisades)

Mission Failed (Palisades)

Mission Failed (Palisades)

Mission Failed (Palisades)

Mission Failed (Palisades)

Mission Failed (Palisades)

Mission Failed (Palisades)

Mission Failed (Palisades)

Mission Failed (Palisades)

Mission Failed (Palisades)

Mission Failed (Palisades)

Mission Failed (Palisades)

Mission Failed (Palisades)

Mission Failed (Palisades)

Mission Failed (Palisades)

Mission Failed (Palisades)

Mission Failed (Palisades)

Mission Failed (Palisades)

Mission Failed (Palisades)

Mission Failed (Palisades)

Mission Failed (Palisades)

Mission Failed (Palisades)

Mission Failed (Palisades)

Mission Failed (Palisades)

Mission Failed (Palisades)

Mission Failed (Palisades)
-----------------------------------------
| time/                   |             |
|    fps                  | 22          |
|    iterations           | 31          |
|    time_elapsed         | 24934       |
|    total_timesteps      | 571392      |
| train/                  |             |
|    approx_kl            | 0.011061278 |
|    clip_fraction        | 0.143       |
|    clip_range           | 0.2         |
|    entropy_loss         | -8.14       |
|    explained_variance   | 0.932       |
|    learning_rate        | 0.000287    |
|    loss                 | -0.00246    |
|    n_updates            | 150         |
|    policy_gradient_loss | -0.00923    |
|    value_loss           | 0.00336     |
-----------------------------------------

Mission Failed (Palisades)

Mission Failed (Palisades)

Mission Failed (Palisades)

Mission Failed (Palisades)
Episode summary log written to examples/wildfire/data/scenarios/outputs/palisades_lr00075_557251/results_palisades_lr00075_5100_summary.csv

Mission Failed (Palisades)

Mission Failed (Palisades)

Mission Failed (Palisades)

Mission Failed (Palisades)

Mission Failed (Palisades)

Mission Failed (Palisades)

Mission Failed (Palisades)

Mission Failed (Palisades)

Mission Failed (Palisades)

Mission Failed (Palisades)

Mission Failed (Palisades)

Mission Failed (Palisades)

Mission Failed (Palisades)

Mission Failed (Palisades)

Mission Failed (Palisades)

Mission Failed (Palisades)

Mission Failed (Palisades)

Mission Failed (Palisades)

Mission Failed (Palisades)

Mission Failed (Palisades)

Mission Failed (Palisades)

Mission Failed (Palisades)

Mission Failed (Palisades)

Mission Failed (Palisades)

Mission Failed (Palisades)

Mission Failed (Palisades)

Mission Completed (Palisades)

Mission Failed (Palisades)

Mission Failed (Palisades)

Mission Failed (Palisades)

Mission Failed (Palisades)

Mission Failed (Palisades)

Mission Failed (Palisades)

Mission Failed (Palisades)

Mission Failed (Palisades)

Mission Failed (Palisades)

Mission Failed (Palisades)

Mission Failed (Palisades)

Mission Failed (Palisades)

Mission Failed (Palisades)

Mission Failed (Palisades)

Mission Failed (Palisades)

Mission Failed (Palisades)

Mission Failed (Palisades)

Mission Failed (Palisades)

Mission Failed (Palisades)

Mission Failed (Palisades)

Mission Failed (Palisades)

Mission Completed (Palisades)

Mission Failed (Palisades)

Mission Failed (Palisades)

Mission Failed (Palisades)

Mission Failed (Palisades)

Mission Failed (Palisades)

Mission Failed (Palisades)

Mission Failed (Palisades)

Mission Failed (Palisades)

Mission Failed (Palisades)

Mission Failed (Palisades)

Mission Failed (Palisades)

Mission Failed (Palisades)

Mission Failed (Palisades)

Mission Failed (Palisades)

Mission Failed (Palisades)

Mission Failed (Palisades)

Mission Failed (Palisades)

Mission Failed (Palisades)
Episode summary log written to examples/wildfire/data/scenarios/outputs/palisades_lr00075_557251/results_palisades_lr00075_5200_summary.csv

Mission Failed (Palisades)

Mission Failed (Palisades)

Mission Failed (Palisades)

Mission Failed (Palisades)

Mission Failed (Palisades)

Mission Failed (Palisades)

Mission Failed (Palisades)

Mission Failed (Palisades)

Mission Failed (Palisades)

Mission Failed (Palisades)

Mission Failed (Palisades)

Mission Failed (Palisades)

Mission Failed (Palisades)

Mission Failed (Palisades)

Mission Failed (Palisades)

Mission Failed (Palisades)

Mission Failed (Palisades)

Mission Failed (Palisades)

Mission Failed (Palisades)

Mission Failed (Palisades)

Mission Failed (Palisades)

Mission Failed (Palisades)

Mission Failed (Palisades)

Mission Failed (Palisades)

Mission Failed (Palisades)

Mission Failed (Palisades)

Mission Failed (Palisades)

Mission Failed (Palisades)

Mission Failed (Palisades)

Mission Failed (Palisades)

Mission Failed (Palisades)

Mission Failed (Palisades)

Mission Failed (Palisades)

Mission Failed (Palisades)

Mission Failed (Palisades)

Mission Failed (Palisades)

Mission Failed (Palisades)

Mission Failed (Palisades)

Mission Failed (Palisades)

Mission Failed (Palisades)

Mission Failed (Palisades)

Mission Failed (Palisades)

Mission Failed (Palisades)

Mission Failed (Palisades)

Mission Failed (Palisades)

Mission Failed (Palisades)

Mission Failed (Palisades)

Mission Failed (Palisades)

Mission Failed (Palisades)

Mission Failed (Palisades)

Mission Failed (Palisades)

Mission Failed (Palisades)

Mission Failed (Palisades)

Mission Failed (Palisades)

Mission Failed (Palisades)

Mission Failed (Palisades)

Mission Failed (Palisades)

Mission Failed (Palisades)

Mission Failed (Palisades)

Mission Failed (Palisades)

Mission Failed (Palisades)

Mission Failed (Palisades)

Mission Failed (Palisades)

Mission Failed (Palisades)

Mission Failed (Palisades)

Mission Failed (Palisades)
-----------------------------------------
| time/                   |             |
|    fps                  | 22          |
|    iterations           | 32          |
|    time_elapsed         | 25727       |
|    total_timesteps      | 589824      |
| train/                  |             |
|    approx_kl            | 0.011112337 |
|    clip_fraction        | 0.127       |
|    clip_range           | 0.2         |
|    entropy_loss         | -8.12       |
|    explained_variance   | 0.932       |
|    learning_rate        | 0.000278    |
|    loss                 | -0.0111     |
|    n_updates            | 155         |
|    policy_gradient_loss | -0.00793    |
|    value_loss           | 0.00365     |
-----------------------------------------

Mission Failed (Palisades)

Mission Failed (Palisades)

Mission Failed (Palisades)

Mission Failed (Palisades)

Mission Failed (Palisades)

Mission Failed (Palisades)

Mission Failed (Palisades)

Mission Failed (Palisades)

Mission Failed (Palisades)

Mission Failed (Palisades)

Mission Failed (Palisades)

Mission Failed (Palisades)

Mission Failed (Palisades)

Mission Failed (Palisades)

Mission Failed (Palisades)

Mission Failed (Palisades)

Mission Failed (Palisades)

Mission Failed (Palisades)

Mission Failed (Palisades)

Mission Failed (Palisades)

Mission Failed (Palisades)

Mission Failed (Palisades)

Mission Failed (Palisades)

Mission Failed (Palisades)
Episode summary log written to examples/wildfire/data/scenarios/outputs/palisades_lr00075_557251/results_palisades_lr00075_5300_summary.csv

Mission Failed (Palisades)

Mission Failed (Palisades)

Mission Failed (Palisades)

Mission Failed (Palisades)

Mission Failed (Palisades)

Mission Failed (Palisades)

Mission Failed (Palisades)

Mission Failed (Palisades)

Mission Failed (Palisades)

Mission Failed (Palisades)

Mission Failed (Palisades)

Mission Failed (Palisades)

Mission Failed (Palisades)

Mission Failed (Palisades)

Mission Failed (Palisades)

Mission Failed (Palisades)

Mission Failed (Palisades)

Mission Failed (Palisades)

Mission Failed (Palisades)

Mission Failed (Palisades)

Mission Failed (Palisades)

Mission Failed (Palisades)

Mission Failed (Palisades)

Mission Failed (Palisades)

Mission Failed (Palisades)

Mission Failed (Palisades)

Mission Failed (Palisades)

Mission Failed (Palisades)

Mission Failed (Palisades)

Mission Failed (Palisades)

Mission Failed (Palisades)

Mission Failed (Palisades)

Mission Failed (Palisades)

Mission Failed (Palisades)

Mission Failed (Palisades)

Mission Failed (Palisades)

Mission Failed (Palisades)

Mission Failed (Palisades)

Mission Failed (Palisades)

Mission Failed (Palisades)

Mission Failed (Palisades)

Mission Failed (Palisades)

Mission Failed (Palisades)

Mission Failed (Palisades)

Mission Failed (Palisades)

Mission Failed (Palisades)

Mission Failed (Palisades)

Mission Failed (Palisades)

Mission Failed (Palisades)

Mission Failed (Palisades)

Mission Failed (Palisades)

Mission Failed (Palisades)

Mission Failed (Palisades)

Mission Failed (Palisades)

Mission Failed (Palisades)

Mission Failed (Palisades)

Mission Failed (Palisades)

Mission Failed (Palisades)

Mission Failed (Palisades)

Mission Failed (Palisades)

Mission Failed (Palisades)

Mission Failed (Palisades)

Mission Failed (Palisades)

Mission Failed (Palisades)

Mission Failed (Palisades)

Mission Failed (Palisades)

Mission Failed (Palisades)

Mission Failed (Palisades)

Mission Failed (Palisades)

Mission Failed (Palisades)

Mission Failed (Palisades)

Mission Failed (Palisades)

Mission Failed (Palisades)

Mission Failed (Palisades)

Mission Failed (Palisades)

Mission Failed (Palisades)

Mission Completed (Palisades)

Mission Failed (Palisades)

Mission Failed (Palisades)

Mission Failed (Palisades)

Mission Failed (Palisades)

Mission Failed (Palisades)

Mission Failed (Palisades)

Mission Failed (Palisades)

Mission Failed (Palisades)

Mission Failed (Palisades)

Mission Failed (Palisades)

Mission Failed (Palisades)
Episode summary log written to examples/wildfire/data/scenarios/outputs/palisades_lr00075_557251/results_palisades_lr00075_5400_summary.csv

Mission Failed (Palisades)

Mission Failed (Palisades)

Mission Failed (Palisades)

Mission Failed (Palisades)

Mission Failed (Palisades)

Mission Failed (Palisades)

Mission Failed (Palisades)

Mission Failed (Palisades)

Mission Failed (Palisades)

Mission Failed (Palisades)

Mission Failed (Palisades)

Mission Failed (Palisades)

Mission Failed (Palisades)

Mission Failed (Palisades)

Mission Failed (Palisades)

Mission Failed (Palisades)

Mission Failed (Palisades)

Mission Failed (Palisades)

Mission Failed (Palisades)

Mission Failed (Palisades)

Mission Failed (Palisades)

Mission Failed (Palisades)

Mission Failed (Palisades)

Mission Failed (Palisades)

Mission Failed (Palisades)

Mission Failed (Palisades)

Mission Failed (Palisades)

Mission Failed (Palisades)

Mission Failed (Palisades)

Mission Failed (Palisades)

Mission Failed (Palisades)

Mission Failed (Palisades)

Mission Failed (Palisades)

Mission Failed (Palisades)

Mission Failed (Palisades)

Mission Failed (Palisades)

Mission Failed (Palisades)

Mission Failed (Palisades)

Mission Failed (Palisades)
-----------------------------------------
| time/                   |             |
|    fps                  | 22          |
|    iterations           | 33          |
|    time_elapsed         | 26523       |
|    total_timesteps      | 608256      |
| train/                  |             |
|    approx_kl            | 0.012224205 |
|    clip_fraction        | 0.143       |
|    clip_range           | 0.2         |
|    entropy_loss         | -8.11       |
|    explained_variance   | 0.922       |
|    learning_rate        | 0.00027     |
|    loss                 | -0.0025     |
|    n_updates            | 160         |
|    policy_gradient_loss | -0.00891    |
|    value_loss           | 0.00415     |
-----------------------------------------

Mission Failed (Palisades)

Mission Failed (Palisades)

Mission Failed (Palisades)

Mission Failed (Palisades)

Mission Failed (Palisades)

Mission Failed (Palisades)

Mission Failed (Palisades)

Mission Failed (Palisades)

Mission Failed (Palisades)

Mission Failed (Palisades)

Mission Failed (Palisades)

Mission Failed (Palisades)

Mission Failed (Palisades)

Mission Failed (Palisades)

Mission Failed (Palisades)

Mission Failed (Palisades)

Mission Failed (Palisades)

Mission Failed (Palisades)

Mission Failed (Palisades)

Mission Failed (Palisades)

Mission Failed (Palisades)

Mission Failed (Palisades)

Mission Failed (Palisades)

Mission Failed (Palisades)

Mission Failed (Palisades)

Mission Failed (Palisades)

Mission Failed (Palisades)

Mission Failed (Palisades)

Mission Failed (Palisades)

Mission Failed (Palisades)

Mission Failed (Palisades)

Mission Failed (Palisades)

Mission Failed (Palisades)

Mission Failed (Palisades)

Mission Failed (Palisades)

Mission Failed (Palisades)

Mission Failed (Palisades)

Mission Failed (Palisades)

Mission Failed (Palisades)

Mission Failed (Palisades)

Mission Failed (Palisades)

Mission Failed (Palisades)

Mission Failed (Palisades)

Mission Failed (Palisades)

Mission Failed (Palisades)

Mission Failed (Palisades)

Mission Failed (Palisades)
Episode summary log written to examples/wildfire/data/scenarios/outputs/palisades_lr00075_557251/results_palisades_lr00075_5500_summary.csv

Mission Failed (Palisades)

Mission Failed (Palisades)

Mission Failed (Palisades)

Mission Failed (Palisades)

Mission Failed (Palisades)

Mission Failed (Palisades)

Mission Completed (Palisades)

Mission Failed (Palisades)

Mission Failed (Palisades)

Mission Failed (Palisades)

Mission Failed (Palisades)

Mission Failed (Palisades)

Mission Failed (Palisades)

Mission Failed (Palisades)

Mission Failed (Palisades)

Mission Failed (Palisades)

Mission Failed (Palisades)

Mission Failed (Palisades)

Mission Failed (Palisades)

Mission Completed (Palisades)

Mission Failed (Palisades)

Mission Failed (Palisades)

Mission Failed (Palisades)

Mission Failed (Palisades)

Mission Failed (Palisades)

Mission Failed (Palisades)

Mission Failed (Palisades)

Mission Failed (Palisades)

Mission Failed (Palisades)

Mission Failed (Palisades)

Mission Failed (Palisades)

Mission Failed (Palisades)

Mission Failed (Palisades)

Mission Failed (Palisades)

Mission Failed (Palisades)

Mission Failed (Palisades)

Mission Failed (Palisades)

Mission Failed (Palisades)

Mission Failed (Palisades)

Mission Failed (Palisades)

Mission Failed (Palisades)

Mission Failed (Palisades)

Mission Failed (Palisades)

Mission Failed (Palisades)

Mission Failed (Palisades)

Mission Failed (Palisades)

Mission Failed (Palisades)

Mission Failed (Palisades)

Mission Failed (Palisades)

Mission Failed (Palisades)

Mission Failed (Palisades)

Mission Failed (Palisades)

Mission Failed (Palisades)

Mission Failed (Palisades)

Mission Failed (Palisades)

Mission Failed (Palisades)

Mission Failed (Palisades)

Mission Failed (Palisades)

Mission Failed (Palisades)

Mission Failed (Palisades)

Mission Failed (Palisades)

Mission Failed (Palisades)

Mission Failed (Palisades)

Mission Failed (Palisades)

Mission Failed (Palisades)

Mission Failed (Palisades)

Mission Failed (Palisades)

Mission Failed (Palisades)

Mission Failed (Palisades)

Mission Failed (Palisades)

Mission Failed (Palisades)

Mission Failed (Palisades)

Mission Failed (Palisades)

Mission Failed (Palisades)

Mission Failed (Palisades)

Mission Failed (Palisades)
Episode summary log written to examples/wildfire/data/scenarios/outputs/palisades_lr00075_557251/results_palisades_lr00075_5600_summary.csv

Mission Failed (Palisades)

Mission Failed (Palisades)

Mission Failed (Palisades)

Mission Failed (Palisades)

Mission Failed (Palisades)

Mission Failed (Palisades)

Mission Failed (Palisades)

Mission Failed (Palisades)

Mission Failed (Palisades)

Mission Failed (Palisades)

Mission Failed (Palisades)

Mission Failed (Palisades)

Mission Failed (Palisades)

Mission Failed (Palisades)

Mission Failed (Palisades)

Mission Failed (Palisades)
------------------------------------------
| time/                   |              |
|    fps                  | 22           |
|    iterations           | 34           |
|    time_elapsed         | 27351        |
|    total_timesteps      | 626688       |
| train/                  |              |
|    approx_kl            | 0.0111890435 |
|    clip_fraction        | 0.137        |
|    clip_range           | 0.2          |
|    entropy_loss         | -8.08        |
|    explained_variance   | 0.947        |
|    learning_rate        | 0.000262     |
|    loss                 | -0.0135      |
|    n_updates            | 165          |
|    policy_gradient_loss | -0.0093      |
|    value_loss           | 0.0026       |
------------------------------------------

Mission Failed (Palisades)

Mission Failed (Palisades)

Mission Failed (Palisades)

Mission Failed (Palisades)

Mission Failed (Palisades)

Mission Failed (Palisades)

Mission Failed (Palisades)

Mission Failed (Palisades)

Mission Failed (Palisades)

Mission Failed (Palisades)

Mission Failed (Palisades)

Mission Failed (Palisades)

Mission Failed (Palisades)

Mission Failed (Palisades)

Mission Failed (Palisades)

Mission Failed (Palisades)

Mission Failed (Palisades)

Mission Failed (Palisades)

Mission Failed (Palisades)

Mission Failed (Palisades)

Mission Failed (Palisades)

Mission Failed (Palisades)

Mission Failed (Palisades)

Mission Completed (Palisades)

Mission Failed (Palisades)

Mission Failed (Palisades)

Mission Failed (Palisades)

Mission Failed (Palisades)

Mission Failed (Palisades)

Mission Failed (Palisades)

Mission Failed (Palisades)

Mission Failed (Palisades)

Mission Failed (Palisades)

Mission Failed (Palisades)

Mission Failed (Palisades)

Mission Failed (Palisades)

Mission Failed (Palisades)

Mission Failed (Palisades)

Mission Failed (Palisades)

Mission Failed (Palisades)

Mission Failed (Palisades)

Mission Failed (Palisades)

Mission Failed (Palisades)

Mission Failed (Palisades)

Mission Failed (Palisades)

Mission Failed (Palisades)

Mission Failed (Palisades)

Mission Failed (Palisades)

Mission Failed (Palisades)

Mission Failed (Palisades)

Mission Failed (Palisades)

Mission Failed (Palisades)

Mission Failed (Palisades)

Mission Failed (Palisades)

Mission Failed (Palisades)
Episode summary log written to examples/wildfire/data/scenarios/outputs/palisades_lr00075_557251/results_palisades_lr00075_5700_summary.csv

Mission Failed (Palisades)

Mission Failed (Palisades)

Mission Failed (Palisades)

Mission Failed (Palisades)

Mission Failed (Palisades)

Mission Failed (Palisades)

Mission Failed (Palisades)

Mission Failed (Palisades)

Mission Failed (Palisades)

Mission Failed (Palisades)

Mission Failed (Palisades)

Mission Failed (Palisades)

Mission Failed (Palisades)

Mission Failed (Palisades)

Mission Failed (Palisades)

Mission Failed (Palisades)

Mission Failed (Palisades)

Mission Failed (Palisades)

Mission Failed (Palisades)

Mission Failed (Palisades)

Mission Failed (Palisades)

Mission Failed (Palisades)

Mission Failed (Palisades)

Mission Failed (Palisades)

Mission Failed (Palisades)

Mission Failed (Palisades)

Mission Failed (Palisades)

Mission Failed (Palisades)

Mission Failed (Palisades)

Mission Failed (Palisades)

Mission Failed (Palisades)

Mission Completed (Palisades)

Mission Failed (Palisades)

Mission Failed (Palisades)

Mission Failed (Palisades)

Mission Failed (Palisades)

Mission Failed (Palisades)

Mission Failed (Palisades)

Mission Failed (Palisades)

Mission Failed (Palisades)

Mission Failed (Palisades)

Mission Failed (Palisades)

Mission Failed (Palisades)

Mission Failed (Palisades)

Mission Failed (Palisades)

Mission Failed (Palisades)

Mission Failed (Palisades)

Mission Failed (Palisades)

Mission Failed (Palisades)

Mission Failed (Palisades)

Mission Failed (Palisades)

Mission Failed (Palisades)

Mission Failed (Palisades)

Mission Failed (Palisades)

Mission Failed (Palisades)

Mission Failed (Palisades)

Mission Failed (Palisades)

Mission Failed (Palisades)

Mission Failed (Palisades)

Mission Failed (Palisades)

Mission Failed (Palisades)

Mission Failed (Palisades)

Mission Failed (Palisades)

Mission Failed (Palisades)

Mission Failed (Palisades)

Mission Failed (Palisades)

Mission Completed (Palisades)

Mission Failed (Palisades)

Mission Failed (Palisades)

Mission Failed (Palisades)

Mission Failed (Palisades)

Mission Failed (Palisades)

Mission Failed (Palisades)
Episode summary log written to examples/wildfire/data/scenarios/outputs/palisades_lr00075_557251/results_palisades_lr00075_5800_summary.csv

Mission Failed (Palisades)

Mission Failed (Palisades)

Mission Failed (Palisades)

Mission Failed (Palisades)

Mission Failed (Palisades)

Mission Failed (Palisades)

Mission Failed (Palisades)

Mission Failed (Palisades)

Mission Failed (Palisades)

Mission Failed (Palisades)

Mission Failed (Palisades)

Mission Failed (Palisades)

Mission Failed (Palisades)

Mission Failed (Palisades)

Mission Failed (Palisades)
-----------------------------------------
| time/                   |             |
|    fps                  | 22          |
|    iterations           | 35          |
|    time_elapsed         | 28143       |
|    total_timesteps      | 645120      |
| train/                  |             |
|    approx_kl            | 0.010794832 |
|    clip_fraction        | 0.131       |
|    clip_range           | 0.2         |
|    entropy_loss         | -8.04       |
|    explained_variance   | 0.927       |
|    learning_rate        | 0.000253    |
|    loss                 | -0.0113     |
|    n_updates            | 170         |
|    policy_gradient_loss | -0.0083     |
|    value_loss           | 0.00405     |
-----------------------------------------

Mission Failed (Palisades)

Mission Failed (Palisades)

Mission Failed (Palisades)

Mission Failed (Palisades)

Mission Failed (Palisades)

Mission Failed (Palisades)

Mission Failed (Palisades)

Mission Failed (Palisades)

Mission Failed (Palisades)

Mission Failed (Palisades)

Mission Failed (Palisades)

Mission Failed (Palisades)

Mission Failed (Palisades)

Mission Failed (Palisades)

Mission Failed (Palisades)

Mission Completed (Palisades)

Mission Failed (Palisades)

Mission Failed (Palisades)

Mission Failed (Palisades)

Mission Completed (Palisades)

Mission Failed (Palisades)

Mission Failed (Palisades)

Mission Failed (Palisades)

Mission Failed (Palisades)

Mission Failed (Palisades)

Mission Failed (Palisades)

Mission Failed (Palisades)

Mission Failed (Palisades)

Mission Failed (Palisades)

Mission Failed (Palisades)

Mission Failed (Palisades)

Mission Failed (Palisades)

Mission Failed (Palisades)

Mission Failed (Palisades)

Mission Failed (Palisades)

Mission Failed (Palisades)

Mission Failed (Palisades)

Mission Failed (Palisades)

Mission Failed (Palisades)

Mission Failed (Palisades)

Mission Failed (Palisades)

Mission Failed (Palisades)

Mission Failed (Palisades)

Mission Failed (Palisades)

Mission Failed (Palisades)

Mission Failed (Palisades)

Mission Failed (Palisades)

Mission Failed (Palisades)

Mission Failed (Palisades)

Mission Failed (Palisades)

Mission Failed (Palisades)

Mission Failed (Palisades)

Mission Failed (Palisades)

Mission Failed (Palisades)

Mission Failed (Palisades)

Mission Failed (Palisades)

Mission Failed (Palisades)

Mission Failed (Palisades)
Episode summary log written to examples/wildfire/data/scenarios/outputs/palisades_lr00075_557251/results_palisades_lr00075_5900_summary.csv

Mission Failed (Palisades)

Mission Failed (Palisades)

Mission Failed (Palisades)

Mission Failed (Palisades)

Mission Failed (Palisades)

Mission Failed (Palisades)

Mission Failed (Palisades)

Mission Failed (Palisades)

Mission Failed (Palisades)

Mission Failed (Palisades)

Mission Failed (Palisades)

Mission Failed (Palisades)

Mission Failed (Palisades)

Mission Failed (Palisades)

Mission Failed (Palisades)

Mission Failed (Palisades)

Mission Failed (Palisades)

Mission Failed (Palisades)

Mission Failed (Palisades)

Mission Failed (Palisades)

Mission Failed (Palisades)

Mission Failed (Palisades)

Mission Failed (Palisades)

Mission Failed (Palisades)

Mission Failed (Palisades)

Mission Failed (Palisades)

Mission Failed (Palisades)

Mission Failed (Palisades)

Mission Failed (Palisades)

Mission Failed (Palisades)

Mission Failed (Palisades)

Mission Failed (Palisades)

Mission Failed (Palisades)

Mission Failed (Palisades)

Mission Failed (Palisades)

Mission Failed (Palisades)

Mission Failed (Palisades)

Mission Failed (Palisades)

Mission Failed (Palisades)

Mission Failed (Palisades)

Mission Failed (Palisades)

Mission Failed (Palisades)

Mission Failed (Palisades)

Mission Failed (Palisades)

Mission Failed (Palisades)

Mission Failed (Palisades)

Mission Failed (Palisades)

Mission Failed (Palisades)

Mission Failed (Palisades)

Mission Failed (Palisades)

Mission Failed (Palisades)

Mission Failed (Palisades)

Mission Failed (Palisades)

Mission Failed (Palisades)

Mission Failed (Palisades)

Mission Failed (Palisades)

Mission Failed (Palisades)

Mission Failed (Palisades)

Mission Failed (Palisades)

Mission Failed (Palisades)

Mission Failed (Palisades)

Mission Failed (Palisades)

Mission Failed (Palisades)

Mission Failed (Palisades)

Mission Failed (Palisades)

Mission Failed (Palisades)
Per-step log written to examples/wildfire/data/scenarios/outputs/palisades_lr00075_557251/results_palisades_lr00075_6000_steps.csv
Decision-step log written to examples/wildfire/data/scenarios/outputs/palisades_lr00075_557251/results_palisades_lr00075_6000_decision_steps.csv
Episode summary log written to examples/wildfire/data/scenarios/outputs/palisades_lr00075_557251/results_palisades_lr00075_6000_summary.csv

Mission Failed (Palisades)

Mission Failed (Palisades)

Mission Failed (Palisades)

Mission Failed (Palisades)

Mission Failed (Palisades)

Mission Failed (Palisades)

Mission Failed (Palisades)

Mission Failed (Palisades)

Mission Failed (Palisades)

Mission Failed (Palisades)
-----------------------------------------
| time/                   |             |
|    fps                  | 22          |
|    iterations           | 36          |
|    time_elapsed         | 28930       |
|    total_timesteps      | 663552      |
| train/                  |             |
|    approx_kl            | 0.010741685 |
|    clip_fraction        | 0.122       |
|    clip_range           | 0.2         |
|    entropy_loss         | -8.01       |
|    explained_variance   | 0.898       |
|    learning_rate        | 0.000245    |
|    loss                 | -0.00423    |
|    n_updates            | 175         |
|    policy_gradient_loss | -0.00748    |
|    value_loss           | 0.00559     |
-----------------------------------------

Mission Failed (Palisades)

Mission Failed (Palisades)

Mission Failed (Palisades)

Mission Failed (Palisades)

Mission Failed (Palisades)

Mission Failed (Palisades)

Mission Failed (Palisades)

Mission Failed (Palisades)

Mission Failed (Palisades)

Mission Failed (Palisades)

Mission Completed (Palisades)

Mission Failed (Palisades)

Mission Failed (Palisades)

Mission Failed (Palisades)

Mission Failed (Palisades)

Mission Failed (Palisades)

Mission Failed (Palisades)

Mission Failed (Palisades)

Mission Failed (Palisades)

Mission Failed (Palisades)

Mission Failed (Palisades)

Mission Failed (Palisades)

Mission Failed (Palisades)

Mission Failed (Palisades)

Mission Completed (Palisades)

Mission Failed (Palisades)

Mission Failed (Palisades)

Mission Failed (Palisades)

Mission Failed (Palisades)

Mission Failed (Palisades)

Mission Failed (Palisades)

Mission Failed (Palisades)

Mission Failed (Palisades)

Mission Failed (Palisades)

Mission Failed (Palisades)

Mission Failed (Palisades)

Mission Failed (Palisades)

Mission Failed (Palisades)

Mission Failed (Palisades)

Mission Failed (Palisades)

Mission Failed (Palisades)

Mission Failed (Palisades)

Mission Failed (Palisades)

Mission Failed (Palisades)

Mission Failed (Palisades)

Mission Failed (Palisades)

Mission Failed (Palisades)

Mission Failed (Palisades)

Mission Failed (Palisades)

Mission Failed (Palisades)

Mission Failed (Palisades)

Mission Failed (Palisades)

Mission Failed (Palisades)

Mission Failed (Palisades)

Mission Failed (Palisades)

Mission Failed (Palisades)

Mission Failed (Palisades)

Mission Failed (Palisades)

Mission Failed (Palisades)

Mission Failed (Palisades)

Mission Failed (Palisades)

Mission Failed (Palisades)

Mission Failed (Palisades)

Mission Failed (Palisades)
Episode summary log written to examples/wildfire/data/scenarios/outputs/palisades_lr00075_557251/results_palisades_lr00075_6100_summary.csv

Mission Failed (Palisades)

Mission Failed (Palisades)

Mission Failed (Palisades)

Mission Failed (Palisades)

Mission Failed (Palisades)

Mission Failed (Palisades)

Mission Failed (Palisades)

Mission Failed (Palisades)

Mission Failed (Palisades)

Mission Failed (Palisades)

Mission Failed (Palisades)

Mission Failed (Palisades)

Mission Failed (Palisades)

Mission Failed (Palisades)

Mission Failed (Palisades)

Mission Failed (Palisades)

Mission Failed (Palisades)

Mission Failed (Palisades)

Mission Failed (Palisades)

Mission Failed (Palisades)

Mission Failed (Palisades)

Mission Completed (Palisades)

Mission Failed (Palisades)

Mission Failed (Palisades)

Mission Failed (Palisades)

Mission Failed (Palisades)

Mission Failed (Palisades)

Mission Completed (Palisades)

Mission Failed (Palisades)

Mission Failed (Palisades)

Mission Failed (Palisades)

Mission Failed (Palisades)

Mission Failed (Palisades)

Mission Failed (Palisades)

Mission Failed (Palisades)

Mission Failed (Palisades)

Mission Failed (Palisades)

Mission Failed (Palisades)

Mission Failed (Palisades)

Mission Failed (Palisades)

Mission Failed (Palisades)

Mission Failed (Palisades)

Mission Failed (Palisades)

Mission Failed (Palisades)

Mission Failed (Palisades)

Mission Failed (Palisades)

Mission Failed (Palisades)

Mission Failed (Palisades)

Mission Completed (Palisades)

Mission Failed (Palisades)

Mission Failed (Palisades)

Mission Failed (Palisades)

Mission Failed (Palisades)

Mission Failed (Palisades)

Mission Failed (Palisades)

Mission Failed (Palisades)

Mission Failed (Palisades)

Mission Failed (Palisades)

Mission Failed (Palisades)

Mission Failed (Palisades)

Mission Failed (Palisades)

Mission Failed (Palisades)

Mission Failed (Palisades)

Mission Failed (Palisades)

Mission Failed (Palisades)

Mission Completed (Palisades)

Mission Failed (Palisades)

Mission Failed (Palisades)

Mission Failed (Palisades)
Episode summary log written to examples/wildfire/data/scenarios/outputs/palisades_lr00075_557251/results_palisades_lr00075_6200_summary.csv

Mission Failed (Palisades)

Mission Failed (Palisades)

Mission Failed (Palisades)

Mission Failed (Palisades)

Mission Failed (Palisades)

Mission Failed (Palisades)

Mission Failed (Palisades)

Mission Failed (Palisades)

Mission Failed (Palisades)

Mission Failed (Palisades)

Mission Failed (Palisades)

Mission Failed (Palisades)

Mission Completed (Palisades)

Mission Failed (Palisades)

Mission Failed (Palisades)
-----------------------------------------
| time/                   |             |
|    fps                  | 22          |
|    iterations           | 37          |
|    time_elapsed         | 29773       |
|    total_timesteps      | 681984      |
| train/                  |             |
|    approx_kl            | 0.012362495 |
|    clip_fraction        | 0.141       |
|    clip_range           | 0.2         |
|    entropy_loss         | -7.98       |
|    explained_variance   | 0.896       |
|    learning_rate        | 0.000236    |
|    loss                 | -0.00394    |
|    n_updates            | 180         |
|    policy_gradient_loss | -0.00788    |
|    value_loss           | 0.00563     |
-----------------------------------------

Mission Failed (Palisades)

Mission Failed (Palisades)

Mission Failed (Palisades)

Mission Failed (Palisades)

Mission Failed (Palisades)

Mission Failed (Palisades)

Mission Failed (Palisades)

Mission Failed (Palisades)

Mission Completed (Palisades)

Mission Failed (Palisades)

Mission Failed (Palisades)

Mission Failed (Palisades)

Mission Failed (Palisades)

Mission Failed (Palisades)

Mission Failed (Palisades)

Mission Failed (Palisades)

Mission Failed (Palisades)

Mission Failed (Palisades)

Mission Failed (Palisades)

Mission Failed (Palisades)

Mission Completed (Palisades)

Mission Failed (Palisades)

Mission Completed (Palisades)

Mission Failed (Palisades)

Mission Failed (Palisades)

Mission Failed (Palisades)

Mission Failed (Palisades)

Mission Failed (Palisades)

Mission Failed (Palisades)

Mission Failed (Palisades)

Mission Failed (Palisades)

Mission Failed (Palisades)

Mission Failed (Palisades)

Mission Failed (Palisades)

Mission Failed (Palisades)

Mission Failed (Palisades)

Mission Failed (Palisades)

Mission Failed (Palisades)

Mission Failed (Palisades)

Mission Failed (Palisades)

Mission Failed (Palisades)

Mission Failed (Palisades)

Mission Failed (Palisades)

Mission Failed (Palisades)

Mission Failed (Palisades)

Mission Failed (Palisades)

Mission Failed (Palisades)

Mission Failed (Palisades)

Mission Failed (Palisades)

Mission Failed (Palisades)

Mission Failed (Palisades)

Mission Failed (Palisades)

Mission Failed (Palisades)

Mission Failed (Palisades)

Mission Failed (Palisades)

Mission Failed (Palisades)

Mission Failed (Palisades)
Episode summary log written to examples/wildfire/data/scenarios/outputs/palisades_lr00075_557251/results_palisades_lr00075_6300_summary.csv

Mission Failed (Palisades)

Mission Failed (Palisades)

Mission Failed (Palisades)

Mission Failed (Palisades)

Mission Failed (Palisades)

Mission Failed (Palisades)

Mission Failed (Palisades)

Mission Failed (Palisades)

Mission Failed (Palisades)

Mission Failed (Palisades)

Mission Failed (Palisades)

Mission Failed (Palisades)

Mission Failed (Palisades)

Mission Failed (Palisades)

Mission Failed (Palisades)

Mission Failed (Palisades)

Mission Failed (Palisades)

Mission Failed (Palisades)

Mission Failed (Palisades)

Mission Failed (Palisades)

Mission Completed (Palisades)

Mission Failed (Palisades)

Mission Failed (Palisades)

Mission Failed (Palisades)

Mission Completed (Palisades)

Mission Failed (Palisades)

Mission Failed (Palisades)

Mission Failed (Palisades)

Mission Failed (Palisades)

Mission Failed (Palisades)

Mission Failed (Palisades)

Mission Failed (Palisades)

Mission Failed (Palisades)

Mission Failed (Palisades)

Mission Completed (Palisades)

Mission Completed (Palisades)

Mission Failed (Palisades)

Mission Failed (Palisades)

Mission Failed (Palisades)

Mission Failed (Palisades)

Mission Failed (Palisades)

Mission Completed (Palisades)

Mission Failed (Palisades)

Mission Failed (Palisades)

Mission Failed (Palisades)

Mission Failed (Palisades)

Mission Failed (Palisades)

Mission Failed (Palisades)

Mission Failed (Palisades)

Mission Failed (Palisades)

Mission Failed (Palisades)

Mission Failed (Palisades)

Mission Failed (Palisades)

Mission Failed (Palisades)

Mission Failed (Palisades)

Mission Failed (Palisades)

Mission Failed (Palisades)

Mission Failed (Palisades)

Mission Failed (Palisades)

Mission Failed (Palisades)

Mission Failed (Palisades)

Mission Failed (Palisades)

Mission Failed (Palisades)

Mission Failed (Palisades)

Mission Failed (Palisades)

Mission Failed (Palisades)

Mission Failed (Palisades)

Mission Failed (Palisades)

Mission Failed (Palisades)
Episode summary log written to examples/wildfire/data/scenarios/outputs/palisades_lr00075_557251/results_palisades_lr00075_6400_summary.csv

Mission Failed (Palisades)

Mission Failed (Palisades)

Mission Failed (Palisades)

Mission Failed (Palisades)

Mission Completed (Palisades)

Mission Failed (Palisades)

Mission Failed (Palisades)

Mission Failed (Palisades)

Mission Failed (Palisades)

Mission Failed (Palisades)

Mission Failed (Palisades)

Mission Failed (Palisades)

Mission Failed (Palisades)

Mission Failed (Palisades)

Mission Failed (Palisades)
------------------------------------------
| time/                   |              |
|    fps                  | 22           |
|    iterations           | 38           |
|    time_elapsed         | 30586        |
|    total_timesteps      | 700416       |
| train/                  |              |
|    approx_kl            | 0.0107208425 |
|    clip_fraction        | 0.122        |
|    clip_range           | 0.2          |
|    entropy_loss         | -7.95        |
|    explained_variance   | 0.906        |
|    learning_rate        | 0.000227     |
|    loss                 | -0.00123     |
|    n_updates            | 185          |
|    policy_gradient_loss | -0.00884     |
|    value_loss           | 0.00566      |
------------------------------------------

Mission Failed (Palisades)

Mission Failed (Palisades)

Mission Failed (Palisades)

Mission Failed (Palisades)

Mission Failed (Palisades)

Mission Failed (Palisades)

Mission Failed (Palisades)

Mission Failed (Palisades)

Mission Failed (Palisades)

Mission Failed (Palisades)

Mission Completed (Palisades)

Mission Failed (Palisades)

Mission Failed (Palisades)

Mission Failed (Palisades)

Mission Failed (Palisades)

Mission Failed (Palisades)

Mission Failed (Palisades)

Mission Failed (Palisades)

Mission Failed (Palisades)

Mission Failed (Palisades)

Mission Failed (Palisades)

Mission Failed (Palisades)

Mission Failed (Palisades)

Mission Failed (Palisades)

Mission Failed (Palisades)

Mission Failed (Palisades)

Mission Failed (Palisades)

Mission Failed (Palisades)

Mission Completed (Palisades)

Mission Failed (Palisades)

Mission Failed (Palisades)

Mission Failed (Palisades)

Mission Failed (Palisades)

Mission Failed (Palisades)

Mission Failed (Palisades)

Mission Failed (Palisades)

Mission Failed (Palisades)

Mission Failed (Palisades)

Mission Failed (Palisades)

Mission Failed (Palisades)

Mission Failed (Palisades)

Mission Failed (Palisades)

Mission Failed (Palisades)

Mission Failed (Palisades)

Mission Failed (Palisades)

Mission Failed (Palisades)
Episode summary log written to examples/wildfire/data/scenarios/outputs/palisades_lr00075_557251/results_palisades_lr00075_6500_summary.csv

Mission Failed (Palisades)

Mission Failed (Palisades)

Mission Failed (Palisades)

Mission Failed (Palisades)

Mission Failed (Palisades)

Mission Failed (Palisades)

Mission Failed (Palisades)

Mission Failed (Palisades)

Mission Failed (Palisades)

Mission Failed (Palisades)

Mission Failed (Palisades)

Mission Failed (Palisades)

Mission Failed (Palisades)

Mission Failed (Palisades)

Mission Failed (Palisades)

Mission Failed (Palisades)

Mission Failed (Palisades)

Mission Failed (Palisades)

Mission Failed (Palisades)

Mission Failed (Palisades)

Mission Failed (Palisades)

Mission Failed (Palisades)

Mission Failed (Palisades)

Mission Failed (Palisades)

Mission Failed (Palisades)

Mission Failed (Palisades)

Mission Failed (Palisades)

Mission Failed (Palisades)

Mission Failed (Palisades)

Mission Failed (Palisades)

Mission Failed (Palisades)

Mission Completed (Palisades)

Mission Failed (Palisades)

Mission Failed (Palisades)

Mission Failed (Palisades)

Mission Failed (Palisades)

Mission Failed (Palisades)

Mission Failed (Palisades)

Mission Failed (Palisades)

Mission Failed (Palisades)

Mission Failed (Palisades)

Mission Failed (Palisades)

Mission Failed (Palisades)

Mission Failed (Palisades)

Mission Failed (Palisades)

Mission Failed (Palisades)

Mission Failed (Palisades)

Mission Failed (Palisades)

Mission Failed (Palisades)

Mission Failed (Palisades)

Mission Failed (Palisades)

Mission Failed (Palisades)

Mission Failed (Palisades)

Mission Failed (Palisades)

Mission Failed (Palisades)

Mission Failed (Palisades)

Mission Failed (Palisades)

Mission Failed (Palisades)

Mission Failed (Palisades)

Mission Failed (Palisades)

Mission Failed (Palisades)

Mission Completed (Palisades)

Mission Failed (Palisades)

Mission Failed (Palisades)

Mission Failed (Palisades)

Mission Failed (Palisades)

Mission Failed (Palisades)

Mission Failed (Palisades)
Episode summary log written to examples/wildfire/data/scenarios/outputs/palisades_lr00075_557251/results_palisades_lr00075_6600_summary.csv

Mission Failed (Palisades)

Mission Failed (Palisades)

Mission Failed (Palisades)

Mission Failed (Palisades)

Mission Failed (Palisades)

Mission Failed (Palisades)

Mission Failed (Palisades)

Mission Failed (Palisades)

Mission Failed (Palisades)

Mission Failed (Palisades)

Mission Failed (Palisades)

Mission Failed (Palisades)

Mission Failed (Palisades)

Mission Failed (Palisades)

Mission Failed (Palisades)

Mission Failed (Palisades)

Mission Failed (Palisades)

Mission Failed (Palisades)

Mission Failed (Palisades)

Mission Failed (Palisades)

Mission Failed (Palisades)

Mission Failed (Palisades)

Mission Failed (Palisades)

Mission Failed (Palisades)

Mission Failed (Palisades)

Mission Failed (Palisades)

Mission Failed (Palisades)
-----------------------------------------
| time/                   |             |
|    fps                  | 22          |
|    iterations           | 39          |
|    time_elapsed         | 31383       |
|    total_timesteps      | 718848      |
| train/                  |             |
|    approx_kl            | 0.010098434 |
|    clip_fraction        | 0.115       |
|    clip_range           | 0.2         |
|    entropy_loss         | -7.92       |
|    explained_variance   | 0.908       |
|    learning_rate        | 0.000218    |
|    loss                 | -0.00616    |
|    n_updates            | 190         |
|    policy_gradient_loss | -0.00921    |
|    value_loss           | 0.00618     |
-----------------------------------------

Mission Failed (Palisades)

Mission Failed (Palisades)

Mission Failed (Palisades)

Mission Failed (Palisades)

Mission Failed (Palisades)

Mission Failed (Palisades)

Mission Completed (Palisades)

Mission Failed (Palisades)

Mission Failed (Palisades)

Mission Failed (Palisades)

Mission Failed (Palisades)

Mission Failed (Palisades)

Mission Completed (Palisades)

Mission Failed (Palisades)

Mission Failed (Palisades)

Mission Failed (Palisades)

Mission Failed (Palisades)

Mission Failed (Palisades)

Mission Failed (Palisades)

Mission Failed (Palisades)

Mission Failed (Palisades)

Mission Failed (Palisades)

Mission Failed (Palisades)

Mission Failed (Palisades)

Mission Failed (Palisades)

Mission Failed (Palisades)

Mission Failed (Palisades)

Mission Failed (Palisades)

Mission Failed (Palisades)

Mission Failed (Palisades)

Mission Failed (Palisades)

Mission Failed (Palisades)

Mission Failed (Palisades)

Mission Failed (Palisades)

Mission Failed (Palisades)

Mission Failed (Palisades)

Mission Failed (Palisades)

Mission Failed (Palisades)

Mission Failed (Palisades)

Mission Failed (Palisades)

Mission Failed (Palisades)

Mission Failed (Palisades)
Episode summary log written to examples/wildfire/data/scenarios/outputs/palisades_lr00075_557251/results_palisades_lr00075_6700_summary.csv

Mission Failed (Palisades)

Mission Failed (Palisades)

Mission Failed (Palisades)

Mission Failed (Palisades)

Mission Failed (Palisades)

Mission Failed (Palisades)

Mission Completed (Palisades)

Mission Failed (Palisades)

Mission Failed (Palisades)

Mission Failed (Palisades)

Mission Failed (Palisades)

Mission Failed (Palisades)

Mission Failed (Palisades)

Mission Failed (Palisades)

Mission Failed (Palisades)

Mission Failed (Palisades)

Mission Failed (Palisades)

Mission Failed (Palisades)

Mission Failed (Palisades)

Mission Failed (Palisades)

Mission Failed (Palisades)

Mission Failed (Palisades)

Mission Failed (Palisades)

Mission Failed (Palisades)

Mission Failed (Palisades)

Mission Failed (Palisades)

Mission Failed (Palisades)

Mission Failed (Palisades)

Mission Failed (Palisades)

Mission Failed (Palisades)

Mission Failed (Palisades)

Mission Failed (Palisades)

Mission Failed (Palisades)

Mission Failed (Palisades)

Mission Failed (Palisades)

Mission Failed (Palisades)

Mission Failed (Palisades)

Mission Failed (Palisades)

Mission Failed (Palisades)

Mission Failed (Palisades)

Mission Failed (Palisades)

Mission Failed (Palisades)

Mission Failed (Palisades)

Mission Failed (Palisades)

Mission Failed (Palisades)

Mission Failed (Palisades)

Mission Failed (Palisades)

Mission Failed (Palisades)

Mission Completed (Palisades)

Mission Failed (Palisades)

Mission Failed (Palisades)

Mission Failed (Palisades)

Mission Failed (Palisades)

Mission Failed (Palisades)

Mission Failed (Palisades)

Mission Failed (Palisades)

Mission Failed (Palisades)

Mission Failed (Palisades)

Mission Failed (Palisades)

Mission Failed (Palisades)

Mission Failed (Palisades)
Episode summary log written to examples/wildfire/data/scenarios/outputs/palisades_lr00075_557251/results_palisades_lr00075_6800_summary.csv

Mission Failed (Palisades)

Mission Failed (Palisades)

Mission Failed (Palisades)

Mission Failed (Palisades)

Mission Failed (Palisades)

Mission Failed (Palisades)

Mission Failed (Palisades)

Mission Failed (Palisades)

Mission Failed (Palisades)

Mission Failed (Palisades)

Mission Failed (Palisades)

Mission Failed (Palisades)

Mission Failed (Palisades)

Mission Failed (Palisades)

Mission Failed (Palisades)

Mission Failed (Palisades)

Mission Failed (Palisades)

Mission Failed (Palisades)

Mission Failed (Palisades)

Mission Failed (Palisades)

Mission Failed (Palisades)

Mission Failed (Palisades)

Mission Failed (Palisades)

Mission Failed (Palisades)

Mission Failed (Palisades)

Mission Failed (Palisades)

Mission Failed (Palisades)

Mission Failed (Palisades)

Mission Failed (Palisades)

Mission Failed (Palisades)

Mission Failed (Palisades)

Mission Failed (Palisades)

Mission Failed (Palisades)

Mission Failed (Palisades)
-----------------------------------------
| time/                   |             |
|    fps                  | 22          |
|    iterations           | 40          |
|    time_elapsed         | 32151       |
|    total_timesteps      | 737280      |
| train/                  |             |
|    approx_kl            | 0.009998992 |
|    clip_fraction        | 0.104       |
|    clip_range           | 0.2         |
|    entropy_loss         | -7.87       |
|    explained_variance   | 0.924       |
|    learning_rate        | 0.000209    |
|    loss                 | -0.0089     |
|    n_updates            | 195         |
|    policy_gradient_loss | -0.00748    |
|    value_loss           | 0.00491     |
-----------------------------------------

Mission Failed (Palisades)

Mission Completed (Palisades)

Mission Failed (Palisades)

Mission Failed (Palisades)

Mission Failed (Palisades)

Mission Failed (Palisades)

Mission Failed (Palisades)

Mission Failed (Palisades)

Mission Failed (Palisades)

Mission Failed (Palisades)

Mission Completed (Palisades)

Mission Failed (Palisades)

Mission Failed (Palisades)

Mission Failed (Palisades)

Mission Failed (Palisades)

Mission Failed (Palisades)

Mission Failed (Palisades)

Mission Failed (Palisades)

Mission Failed (Palisades)

Mission Failed (Palisades)

Mission Failed (Palisades)

Mission Failed (Palisades)

Mission Failed (Palisades)

Mission Failed (Palisades)

Mission Failed (Palisades)

Mission Failed (Palisades)

Mission Failed (Palisades)

Mission Failed (Palisades)

Mission Failed (Palisades)

Mission Failed (Palisades)

Mission Failed (Palisades)

Mission Failed (Palisades)

Mission Failed (Palisades)

Mission Failed (Palisades)

Mission Failed (Palisades)

Mission Failed (Palisades)

Mission Failed (Palisades)
Episode summary log written to examples/wildfire/data/scenarios/outputs/palisades_lr00075_557251/results_palisades_lr00075_6900_summary.csv

Mission Failed (Palisades)

Mission Failed (Palisades)

Mission Failed (Palisades)

Mission Failed (Palisades)

Mission Failed (Palisades)

Mission Failed (Palisades)

Mission Failed (Palisades)

Mission Failed (Palisades)

Mission Failed (Palisades)

Mission Failed (Palisades)

Mission Failed (Palisades)

Mission Failed (Palisades)

Mission Failed (Palisades)

Mission Failed (Palisades)

Mission Failed (Palisades)

Mission Failed (Palisades)

Mission Failed (Palisades)

Mission Failed (Palisades)

Mission Failed (Palisades)

Mission Failed (Palisades)

Mission Failed (Palisades)

Mission Failed (Palisades)

Mission Failed (Palisades)

Mission Failed (Palisades)

Mission Failed (Palisades)

Mission Failed (Palisades)

Mission Failed (Palisades)

Mission Failed (Palisades)

Mission Failed (Palisades)

Mission Failed (Palisades)

Mission Failed (Palisades)

Mission Failed (Palisades)

Mission Failed (Palisades)

Mission Failed (Palisades)

Mission Failed (Palisades)

Mission Failed (Palisades)

Mission Failed (Palisades)

Mission Failed (Palisades)

Mission Failed (Palisades)

Mission Failed (Palisades)

Mission Failed (Palisades)

Mission Failed (Palisades)

Mission Failed (Palisades)

Mission Failed (Palisades)

Mission Failed (Palisades)

Mission Failed (Palisades)

Mission Failed (Palisades)

Mission Failed (Palisades)

Mission Failed (Palisades)

Mission Failed (Palisades)

Mission Failed (Palisades)

Mission Failed (Palisades)

Mission Failed (Palisades)

Mission Failed (Palisades)

Mission Failed (Palisades)

Mission Failed (Palisades)

Mission Failed (Palisades)

Mission Failed (Palisades)

Mission Failed (Palisades)

Mission Failed (Palisades)

Mission Failed (Palisades)

Mission Failed (Palisades)
Per-step log written to examples/wildfire/data/scenarios/outputs/palisades_lr00075_557251/results_palisades_lr00075_7000_steps.csv
Decision-step log written to examples/wildfire/data/scenarios/outputs/palisades_lr00075_557251/results_palisades_lr00075_7000_decision_steps.csv
Episode summary log written to examples/wildfire/data/scenarios/outputs/palisades_lr00075_557251/results_palisades_lr00075_7000_summary.csv

Mission Failed (Palisades)

Mission Failed (Palisades)

Mission Failed (Palisades)

Mission Failed (Palisades)

Mission Failed (Palisades)

Mission Failed (Palisades)

Mission Failed (Palisades)

Mission Completed (Palisades)

Mission Failed (Palisades)

Mission Failed (Palisades)

Mission Failed (Palisades)

Mission Completed (Palisades)

Mission Failed (Palisades)

Mission Failed (Palisades)

Mission Failed (Palisades)

Mission Failed (Palisades)

Mission Failed (Palisades)

Mission Failed (Palisades)

Mission Failed (Palisades)

Mission Failed (Palisades)

Mission Failed (Palisades)

Mission Failed (Palisades)

Mission Failed (Palisades)

Mission Failed (Palisades)

Mission Failed (Palisades)

Mission Failed (Palisades)

Mission Failed (Palisades)

Mission Failed (Palisades)

Mission Failed (Palisades)

Mission Failed (Palisades)

Mission Failed (Palisades)

Mission Failed (Palisades)

Mission Completed (Palisades)

Mission Failed (Palisades)

Mission Failed (Palisades)

Mission Failed (Palisades)

Mission Failed (Palisades)

Mission Failed (Palisades)

Mission Failed (Palisades)

Mission Failed (Palisades)
-----------------------------------------
| time/                   |             |
|    fps                  | 22          |
|    iterations           | 41          |
|    time_elapsed         | 32963       |
|    total_timesteps      | 755712      |
| train/                  |             |
|    approx_kl            | 0.008808536 |
|    clip_fraction        | 0.0929      |
|    clip_range           | 0.2         |
|    entropy_loss         | -7.86       |
|    explained_variance   | 0.892       |
|    learning_rate        | 0.000199    |
|    loss                 | -0.00636    |
|    n_updates            | 200         |
|    policy_gradient_loss | -0.00669    |
|    value_loss           | 0.00626     |
-----------------------------------------

Mission Failed (Palisades)

Mission Failed (Palisades)

Mission Failed (Palisades)

Mission Failed (Palisades)

Mission Failed (Palisades)

Mission Failed (Palisades)

Mission Failed (Palisades)

Mission Failed (Palisades)

Mission Failed (Palisades)

Mission Completed (Palisades)

Mission Failed (Palisades)

Mission Failed (Palisades)

Mission Failed (Palisades)

Mission Failed (Palisades)

Mission Failed (Palisades)

Mission Failed (Palisades)

Mission Failed (Palisades)

Mission Failed (Palisades)

Mission Failed (Palisades)

Mission Failed (Palisades)

Mission Failed (Palisades)

Mission Failed (Palisades)

Mission Failed (Palisades)
Episode summary log written to examples/wildfire/data/scenarios/outputs/palisades_lr00075_557251/results_palisades_lr00075_7100_summary.csv

Mission Failed (Palisades)

Mission Failed (Palisades)

Mission Failed (Palisades)

Mission Failed (Palisades)

Mission Failed (Palisades)

Mission Failed (Palisades)

Mission Failed (Palisades)

Mission Failed (Palisades)

Mission Failed (Palisades)

Mission Failed (Palisades)

Mission Failed (Palisades)

Mission Failed (Palisades)

Mission Failed (Palisades)

Mission Failed (Palisades)

Mission Failed (Palisades)

Mission Failed (Palisades)

Mission Failed (Palisades)

Mission Failed (Palisades)

Mission Failed (Palisades)

Mission Failed (Palisades)

Mission Failed (Palisades)

Mission Failed (Palisades)

Mission Failed (Palisades)

Mission Failed (Palisades)

Mission Failed (Palisades)

Mission Failed (Palisades)

Mission Failed (Palisades)

Mission Failed (Palisades)

Mission Failed (Palisades)

Mission Failed (Palisades)

Mission Failed (Palisades)

Mission Failed (Palisades)

Mission Failed (Palisades)

Mission Failed (Palisades)

Mission Failed (Palisades)

Mission Failed (Palisades)

Mission Failed (Palisades)

Mission Failed (Palisades)

Mission Failed (Palisades)

Mission Failed (Palisades)

Mission Failed (Palisades)

Mission Failed (Palisades)

Mission Failed (Palisades)

Mission Failed (Palisades)

Mission Failed (Palisades)

Mission Failed (Palisades)

Mission Failed (Palisades)

Mission Failed (Palisades)

Mission Failed (Palisades)

Mission Failed (Palisades)

Mission Failed (Palisades)

Mission Failed (Palisades)

Mission Failed (Palisades)

Mission Failed (Palisades)

Mission Failed (Palisades)

Mission Failed (Palisades)

Mission Failed (Palisades)

Mission Failed (Palisades)

Mission Failed (Palisades)

Mission Completed (Palisades)

Mission Failed (Palisades)

Mission Failed (Palisades)

Mission Failed (Palisades)

Mission Failed (Palisades)

Mission Failed (Palisades)
Episode summary log written to examples/wildfire/data/scenarios/outputs/palisades_lr00075_557251/results_palisades_lr00075_7200_summary.csv

Mission Failed (Palisades)

Mission Failed (Palisades)

Mission Failed (Palisades)

Mission Failed (Palisades)

Mission Failed (Palisades)

Mission Failed (Palisades)

Mission Failed (Palisades)

Mission Failed (Palisades)

Mission Failed (Palisades)

Mission Failed (Palisades)

Mission Failed (Palisades)

Mission Failed (Palisades)

Mission Failed (Palisades)

Mission Completed (Palisades)

Mission Failed (Palisades)

Mission Failed (Palisades)

Mission Failed (Palisades)

Mission Completed (Palisades)

Mission Failed (Palisades)

Mission Failed (Palisades)

Mission Failed (Palisades)

Mission Completed (Palisades)

Mission Failed (Palisades)

Mission Completed (Palisades)

Mission Completed (Palisades)

Mission Failed (Palisades)

Mission Failed (Palisades)

Mission Failed (Palisades)

Mission Failed (Palisades)

Mission Failed (Palisades)

Mission Failed (Palisades)

Mission Failed (Palisades)

Mission Failed (Palisades)

Mission Failed (Palisades)

Mission Failed (Palisades)

Mission Failed (Palisades)

Mission Failed (Palisades)

Mission Failed (Palisades)

Mission Failed (Palisades)

Mission Failed (Palisades)

Mission Failed (Palisades)

Mission Failed (Palisades)

Mission Failed (Palisades)

Mission Failed (Palisades)

Mission Failed (Palisades)

Mission Completed (Palisades)

Mission Failed (Palisades)

Mission Failed (Palisades)

Mission Failed (Palisades)

Mission Failed (Palisades)

Mission Failed (Palisades)

Mission Failed (Palisades)

Mission Failed (Palisades)

Mission Failed (Palisades)
-----------------------------------------
| time/                   |             |
|    fps                  | 22          |
|    iterations           | 42          |
|    time_elapsed         | 33797       |
|    total_timesteps      | 774144      |
| train/                  |             |
|    approx_kl            | 0.010002274 |
|    clip_fraction        | 0.0999      |
|    clip_range           | 0.2         |
|    entropy_loss         | -7.83       |
|    explained_variance   | 0.901       |
|    learning_rate        | 0.00019     |
|    loss                 | -0.00338    |
|    n_updates            | 205         |
|    policy_gradient_loss | -0.00776    |
|    value_loss           | 0.00599     |
-----------------------------------------

Mission Failed (Palisades)

Mission Failed (Palisades)

Mission Failed (Palisades)

Mission Failed (Palisades)

Mission Failed (Palisades)

Mission Failed (Palisades)
Episode summary log written to examples/wildfire/data/scenarios/outputs/palisades_lr00075_557251/results_palisades_lr00075_7300_summary.csv

Mission Failed (Palisades)

Mission Failed (Palisades)

Mission Failed (Palisades)

Mission Failed (Palisades)

Mission Completed (Palisades)

Mission Failed (Palisades)

Mission Failed (Palisades)

Mission Failed (Palisades)

Mission Failed (Palisades)

Mission Failed (Palisades)

Mission Failed (Palisades)

Mission Failed (Palisades)

Mission Failed (Palisades)

Mission Failed (Palisades)

Mission Failed (Palisades)

Mission Failed (Palisades)

Mission Failed (Palisades)

Mission Failed (Palisades)

Mission Failed (Palisades)

Mission Failed (Palisades)

Mission Failed (Palisades)

Mission Failed (Palisades)

Mission Failed (Palisades)

Mission Failed (Palisades)

Mission Failed (Palisades)

Mission Completed (Palisades)

Mission Failed (Palisades)

Mission Failed (Palisades)

Mission Failed (Palisades)

Mission Failed (Palisades)

Mission Failed (Palisades)

Mission Failed (Palisades)

Mission Failed (Palisades)

Mission Failed (Palisades)

Mission Failed (Palisades)

Mission Failed (Palisades)

Mission Failed (Palisades)

Mission Failed (Palisades)

Mission Failed (Palisades)

Mission Failed (Palisades)

Mission Failed (Palisades)

Mission Failed (Palisades)

Mission Failed (Palisades)

Mission Failed (Palisades)

Mission Failed (Palisades)

Mission Failed (Palisades)

Mission Failed (Palisades)

Mission Failed (Palisades)

Mission Failed (Palisades)

Mission Failed (Palisades)

Mission Failed (Palisades)

Mission Failed (Palisades)

Mission Failed (Palisades)

Mission Failed (Palisades)

Mission Failed (Palisades)

Mission Failed (Palisades)

Mission Failed (Palisades)

Mission Failed (Palisades)

Mission Failed (Palisades)

Mission Failed (Palisades)
Episode summary log written to examples/wildfire/data/scenarios/outputs/palisades_lr00075_557251/results_palisades_lr00075_7400_summary.csv

Mission Failed (Palisades)

Mission Failed (Palisades)

Mission Failed (Palisades)

Mission Failed (Palisades)

Mission Failed (Palisades)

Mission Failed (Palisades)

Mission Failed (Palisades)

Mission Failed (Palisades)

Mission Failed (Palisades)

Mission Failed (Palisades)

Mission Failed (Palisades)

Mission Failed (Palisades)

Mission Failed (Palisades)

Mission Failed (Palisades)

Mission Failed (Palisades)

Mission Failed (Palisades)

Mission Failed (Palisades)

Mission Failed (Palisades)

Mission Failed (Palisades)

Mission Failed (Palisades)

Mission Failed (Palisades)

Mission Failed (Palisades)

Mission Failed (Palisades)

Mission Failed (Palisades)

Mission Failed (Palisades)

Mission Failed (Palisades)

Mission Failed (Palisades)

Mission Failed (Palisades)

Mission Failed (Palisades)

Mission Failed (Palisades)

Mission Failed (Palisades)

Mission Failed (Palisades)

Mission Failed (Palisades)

Mission Failed (Palisades)

Mission Failed (Palisades)

Mission Failed (Palisades)

Mission Failed (Palisades)

Mission Failed (Palisades)

Mission Failed (Palisades)

Mission Failed (Palisades)

Mission Failed (Palisades)

Mission Completed (Palisades)

Mission Failed (Palisades)

Mission Failed (Palisades)

Mission Failed (Palisades)

Mission Failed (Palisades)

Mission Failed (Palisades)

Mission Failed (Palisades)

Mission Failed (Palisades)

Mission Failed (Palisades)

Mission Failed (Palisades)

Mission Failed (Palisades)

Mission Failed (Palisades)

Mission Failed (Palisades)

Mission Failed (Palisades)

Mission Failed (Palisades)
Episode summary log written to examples/wildfire/data/scenarios/outputs/palisades_lr00075_557251/results_palisades_lr00075_7500_summary.csv

Mission Failed (Palisades)

Mission Failed (Palisades)

Mission Failed (Palisades)

Mission Failed (Palisades)

Mission Failed (Palisades)

Mission Failed (Palisades)

Mission Failed (Palisades)

Mission Failed (Palisades)

Mission Failed (Palisades)

Mission Failed (Palisades)

Mission Completed (Palisades)

Mission Failed (Palisades)

Mission Failed (Palisades)

Mission Failed (Palisades)
-----------------------------------------
| time/                   |             |
|    fps                  | 22          |
|    iterations           | 43          |
|    time_elapsed         | 34586       |
|    total_timesteps      | 792576      |
| train/                  |             |
|    approx_kl            | 0.009477708 |
|    clip_fraction        | 0.0962      |
|    clip_range           | 0.2         |
|    entropy_loss         | -7.8        |
|    explained_variance   | 0.919       |
|    learning_rate        | 0.00018     |
|    loss                 | -0.0101     |
|    n_updates            | 210         |
|    policy_gradient_loss | -0.00843    |
|    value_loss           | 0.00518     |
-----------------------------------------

Mission Failed (Palisades)

Mission Failed (Palisades)

Mission Failed (Palisades)

Mission Failed (Palisades)

Mission Failed (Palisades)

Mission Failed (Palisades)

Mission Failed (Palisades)

Mission Failed (Palisades)

Mission Failed (Palisades)

Mission Failed (Palisades)

Mission Failed (Palisades)

Mission Failed (Palisades)

Mission Failed (Palisades)

Mission Failed (Palisades)

Mission Failed (Palisades)

Mission Failed (Palisades)

Mission Failed (Palisades)

Mission Failed (Palisades)

Mission Failed (Palisades)

Mission Failed (Palisades)

Mission Failed (Palisades)

Mission Failed (Palisades)

Mission Failed (Palisades)

Mission Failed (Palisades)

Mission Completed (Palisades)

Mission Failed (Palisades)

Mission Failed (Palisades)

Mission Failed (Palisades)

Mission Failed (Palisades)

Mission Failed (Palisades)

Mission Failed (Palisades)

Mission Failed (Palisades)

Mission Failed (Palisades)

Mission Failed (Palisades)

Mission Failed (Palisades)

Mission Failed (Palisades)

Mission Failed (Palisades)

Mission Failed (Palisades)

Mission Failed (Palisades)

Mission Failed (Palisades)

Mission Failed (Palisades)

Mission Failed (Palisades)

Mission Failed (Palisades)
Episode summary log written to examples/wildfire/data/scenarios/outputs/palisades_lr00075_557251/results_palisades_lr00075_7600_summary.csv

Mission Failed (Palisades)

Mission Failed (Palisades)

Mission Failed (Palisades)

Mission Failed (Palisades)

Mission Failed (Palisades)

Mission Failed (Palisades)

Mission Failed (Palisades)

Mission Failed (Palisades)

Mission Failed (Palisades)

Mission Failed (Palisades)

Mission Failed (Palisades)

Mission Failed (Palisades)

Mission Failed (Palisades)

Mission Failed (Palisades)

Mission Failed (Palisades)

Mission Failed (Palisades)

Mission Failed (Palisades)

Mission Failed (Palisades)

Mission Failed (Palisades)

Mission Failed (Palisades)

Mission Failed (Palisades)

Mission Failed (Palisades)

Mission Failed (Palisades)

Mission Failed (Palisades)

Mission Failed (Palisades)

Mission Failed (Palisades)

Mission Failed (Palisades)

Mission Failed (Palisades)

Mission Failed (Palisades)

Mission Completed (Palisades)

Mission Failed (Palisades)

Mission Failed (Palisades)

Mission Failed (Palisades)

Mission Failed (Palisades)

Mission Failed (Palisades)

Mission Failed (Palisades)

Mission Failed (Palisades)

Mission Failed (Palisades)

Mission Failed (Palisades)

Mission Failed (Palisades)

Mission Failed (Palisades)

Mission Failed (Palisades)

Mission Failed (Palisades)

Mission Failed (Palisades)

Mission Failed (Palisades)

Mission Failed (Palisades)

Mission Failed (Palisades)

Mission Failed (Palisades)

Mission Failed (Palisades)

Mission Failed (Palisades)

Mission Failed (Palisades)

Mission Failed (Palisades)

Mission Failed (Palisades)
Episode summary log written to examples/wildfire/data/scenarios/outputs/palisades_lr00075_557251/results_palisades_lr00075_7700_summary.csv

Mission Failed (Palisades)

Mission Failed (Palisades)

Mission Failed (Palisades)

Mission Failed (Palisades)

Mission Failed (Palisades)

Mission Failed (Palisades)

Mission Failed (Palisades)

Mission Failed (Palisades)

Mission Completed (Palisades)

Mission Failed (Palisades)

Mission Failed (Palisades)

Mission Failed (Palisades)

Mission Failed (Palisades)

Mission Failed (Palisades)

Mission Failed (Palisades)

Mission Failed (Palisades)

Mission Failed (Palisades)

Mission Failed (Palisades)

Mission Failed (Palisades)

Mission Failed (Palisades)

Mission Failed (Palisades)

Mission Failed (Palisades)

Mission Failed (Palisades)

Mission Failed (Palisades)

Mission Failed (Palisades)

Mission Failed (Palisades)

Mission Failed (Palisades)
-----------------------------------------
| time/                   |             |
|    fps                  | 22          |
|    iterations           | 44          |
|    time_elapsed         | 35399       |
|    total_timesteps      | 811008      |
| train/                  |             |
|    approx_kl            | 0.009036541 |
|    clip_fraction        | 0.0844      |
|    clip_range           | 0.2         |
|    entropy_loss         | -7.78       |
|    explained_variance   | 0.918       |
|    learning_rate        | 0.00017     |
|    loss                 | -0.00547    |
|    n_updates            | 215         |
|    policy_gradient_loss | -0.00788    |
|    value_loss           | 0.00539     |
-----------------------------------------

Mission Completed (Palisades)

Mission Completed (Palisades)

Mission Failed (Palisades)

Mission Failed (Palisades)

Mission Failed (Palisades)

Mission Failed (Palisades)

Mission Failed (Palisades)

Mission Failed (Palisades)

Mission Failed (Palisades)

Mission Failed (Palisades)

Mission Failed (Palisades)

Mission Failed (Palisades)

Mission Failed (Palisades)

Mission Failed (Palisades)

Mission Failed (Palisades)

Mission Failed (Palisades)

Mission Failed (Palisades)

Mission Failed (Palisades)

Mission Failed (Palisades)

Mission Failed (Palisades)

Mission Failed (Palisades)

Mission Failed (Palisades)

Mission Failed (Palisades)

Mission Failed (Palisades)

Mission Failed (Palisades)

Mission Completed (Palisades)

Mission Failed (Palisades)

Mission Failed (Palisades)

Mission Failed (Palisades)

Mission Failed (Palisades)

Mission Failed (Palisades)

Mission Failed (Palisades)

Mission Failed (Palisades)
Episode summary log written to examples/wildfire/data/scenarios/outputs/palisades_lr00075_557251/results_palisades_lr00075_7800_summary.csv

Mission Failed (Palisades)

Mission Failed (Palisades)

Mission Failed (Palisades)

Mission Failed (Palisades)

Mission Failed (Palisades)

Mission Failed (Palisades)

Mission Failed (Palisades)

Mission Failed (Palisades)

Mission Failed (Palisades)

Mission Failed (Palisades)

Mission Failed (Palisades)

Mission Completed (Palisades)

Mission Failed (Palisades)

Mission Failed (Palisades)

Mission Failed (Palisades)

Mission Failed (Palisades)

Mission Failed (Palisades)

Mission Failed (Palisades)

Mission Failed (Palisades)

Mission Failed (Palisades)

Mission Failed (Palisades)

Mission Failed (Palisades)

Mission Failed (Palisades)

Mission Failed (Palisades)

Mission Failed (Palisades)

Mission Failed (Palisades)

Mission Failed (Palisades)

Mission Failed (Palisades)

Mission Completed (Palisades)

Mission Failed (Palisades)

Mission Failed (Palisades)

Mission Failed (Palisades)

Mission Failed (Palisades)

Mission Failed (Palisades)

Mission Failed (Palisades)

Mission Failed (Palisades)

Mission Failed (Palisades)

Mission Failed (Palisades)

Mission Failed (Palisades)

Mission Failed (Palisades)

Mission Failed (Palisades)

Mission Failed (Palisades)

Mission Failed (Palisades)

Mission Completed (Palisades)

Mission Failed (Palisades)

Mission Failed (Palisades)

Mission Failed (Palisades)

Mission Failed (Palisades)

Mission Failed (Palisades)

Mission Failed (Palisades)

Mission Failed (Palisades)

Mission Failed (Palisades)

Mission Failed (Palisades)

Mission Failed (Palisades)

Mission Failed (Palisades)

Mission Failed (Palisades)

Mission Failed (Palisades)

Mission Failed (Palisades)
Episode summary log written to examples/wildfire/data/scenarios/outputs/palisades_lr00075_557251/results_palisades_lr00075_7900_summary.csv

Mission Failed (Palisades)

Mission Failed (Palisades)

Mission Failed (Palisades)

Mission Failed (Palisades)

Mission Failed (Palisades)

Mission Failed (Palisades)

Mission Failed (Palisades)

Mission Failed (Palisades)

Mission Failed (Palisades)

Mission Failed (Palisades)

Mission Failed (Palisades)

Mission Failed (Palisades)

Mission Failed (Palisades)

Mission Failed (Palisades)

Mission Failed (Palisades)

Mission Failed (Palisades)

Mission Failed (Palisades)

Mission Failed (Palisades)

Mission Failed (Palisades)

Mission Failed (Palisades)

Mission Failed (Palisades)

Mission Failed (Palisades)

Mission Failed (Palisades)

Mission Failed (Palisades)

Mission Failed (Palisades)

Mission Failed (Palisades)

Mission Failed (Palisades)

Mission Completed (Palisades)

Mission Failed (Palisades)

Mission Failed (Palisades)

Mission Failed (Palisades)

Mission Failed (Palisades)

Mission Failed (Palisades)

Mission Failed (Palisades)

Mission Failed (Palisades)

Mission Failed (Palisades)

Mission Completed (Palisades)

Mission Failed (Palisades)

Mission Failed (Palisades)

Mission Failed (Palisades)

Mission Failed (Palisades)

Mission Failed (Palisades)

Mission Failed (Palisades)

Mission Failed (Palisades)

Mission Failed (Palisades)

Mission Failed (Palisades)

Mission Completed (Palisades)

Mission Failed (Palisades)

Mission Failed (Palisades)

Mission Failed (Palisades)
-----------------------------------------
| time/                   |             |
|    fps                  | 22          |
|    iterations           | 45          |
|    time_elapsed         | 36304       |
|    total_timesteps      | 829440      |
| train/                  |             |
|    approx_kl            | 0.008793455 |
|    clip_fraction        | 0.0889      |
|    clip_range           | 0.2         |
|    entropy_loss         | -7.75       |
|    explained_variance   | 0.907       |
|    learning_rate        | 0.000159    |
|    loss                 | -0.00419    |
|    n_updates            | 220         |
|    policy_gradient_loss | -0.00811    |
|    value_loss           | 0.00624     |
-----------------------------------------

Mission Failed (Palisades)

Mission Failed (Palisades)

Mission Completed (Palisades)

Mission Failed (Palisades)

Mission Failed (Palisades)
Per-step log written to examples/wildfire/data/scenarios/outputs/palisades_lr00075_557251/results_palisades_lr00075_8000_steps.csv
Decision-step log written to examples/wildfire/data/scenarios/outputs/palisades_lr00075_557251/results_palisades_lr00075_8000_decision_steps.csv
Episode summary log written to examples/wildfire/data/scenarios/outputs/palisades_lr00075_557251/results_palisades_lr00075_8000_summary.csv

Mission Failed (Palisades)

Mission Failed (Palisades)

Mission Failed (Palisades)

Mission Failed (Palisades)

Mission Completed (Palisades)

Mission Failed (Palisades)

Mission Failed (Palisades)

Mission Failed (Palisades)

Mission Failed (Palisades)

Mission Failed (Palisades)

Mission Failed (Palisades)

Mission Failed (Palisades)

Mission Failed (Palisades)

Mission Failed (Palisades)

Mission Failed (Palisades)

Mission Failed (Palisades)

Mission Failed (Palisades)

Mission Failed (Palisades)

Mission Failed (Palisades)

Mission Failed (Palisades)

Mission Failed (Palisades)

Mission Failed (Palisades)

Mission Failed (Palisades)

Mission Failed (Palisades)

Mission Failed (Palisades)

Mission Failed (Palisades)

Mission Failed (Palisades)

Mission Failed (Palisades)

Mission Failed (Palisades)

Mission Failed (Palisades)

Mission Failed (Palisades)

Mission Failed (Palisades)

Mission Failed (Palisades)

Mission Failed (Palisades)

Mission Failed (Palisades)

Mission Failed (Palisades)

Mission Failed (Palisades)

Mission Failed (Palisades)

Mission Failed (Palisades)

Mission Failed (Palisades)

Mission Failed (Palisades)

Mission Failed (Palisades)

Mission Failed (Palisades)

Mission Failed (Palisades)

Mission Failed (Palisades)

Mission Failed (Palisades)

Mission Failed (Palisades)

Mission Failed (Palisades)

Mission Failed (Palisades)

Mission Failed (Palisades)

Mission Completed (Palisades)

Mission Failed (Palisades)

Mission Failed (Palisades)
Episode summary log written to examples/wildfire/data/scenarios/outputs/palisades_lr00075_557251/results_palisades_lr00075_8100_summary.csv

Mission Failed (Palisades)

Mission Failed (Palisades)

Mission Failed (Palisades)

Mission Failed (Palisades)

Mission Failed (Palisades)

Mission Failed (Palisades)

Mission Failed (Palisades)

Mission Completed (Palisades)

Mission Failed (Palisades)

Mission Failed (Palisades)

Mission Failed (Palisades)

Mission Completed (Palisades)

Mission Failed (Palisades)

Mission Completed (Palisades)

Mission Failed (Palisades)

Mission Failed (Palisades)

Mission Failed (Palisades)

Mission Failed (Palisades)

Mission Failed (Palisades)

Mission Failed (Palisades)

Mission Failed (Palisades)

Mission Failed (Palisades)

Mission Failed (Palisades)

Mission Failed (Palisades)

Mission Failed (Palisades)

Mission Failed (Palisades)

Mission Failed (Palisades)

Mission Failed (Palisades)

Mission Failed (Palisades)

Mission Failed (Palisades)

Mission Failed (Palisades)

Mission Failed (Palisades)

Mission Failed (Palisades)

Mission Failed (Palisades)

Mission Failed (Palisades)

Mission Failed (Palisades)

Mission Failed (Palisades)

Mission Failed (Palisades)

Mission Failed (Palisades)

Mission Failed (Palisades)

Mission Completed (Palisades)

Mission Failed (Palisades)

Mission Failed (Palisades)

Mission Failed (Palisades)

Mission Failed (Palisades)

Mission Failed (Palisades)

Mission Failed (Palisades)

Mission Failed (Palisades)

Mission Failed (Palisades)

Mission Failed (Palisades)

Mission Failed (Palisades)

Mission Completed (Palisades)

Mission Failed (Palisades)

Mission Failed (Palisades)

Mission Failed (Palisades)

Mission Failed (Palisades)

Mission Failed (Palisades)
Episode summary log written to examples/wildfire/data/scenarios/outputs/palisades_lr00075_557251/results_palisades_lr00075_8200_summary.csv

Mission Failed (Palisades)

Mission Failed (Palisades)

Mission Failed (Palisades)

Mission Failed (Palisades)

Mission Failed (Palisades)

Mission Failed (Palisades)

Mission Failed (Palisades)

Mission Failed (Palisades)

Mission Failed (Palisades)

Mission Failed (Palisades)

Mission Completed (Palisades)

Mission Failed (Palisades)

Mission Failed (Palisades)

Mission Failed (Palisades)

Mission Failed (Palisades)

Mission Failed (Palisades)

Mission Failed (Palisades)

Mission Failed (Palisades)

Mission Failed (Palisades)
-----------------------------------------
| time/                   |             |
|    fps                  | 22          |
|    iterations           | 46          |
|    time_elapsed         | 37144       |
|    total_timesteps      | 847872      |
| train/                  |             |
|    approx_kl            | 0.008706654 |
|    clip_fraction        | 0.0809      |
|    clip_range           | 0.2         |
|    entropy_loss         | -7.71       |
|    explained_variance   | 0.918       |
|    learning_rate        | 0.000149    |
|    loss                 | -0.00916    |
|    n_updates            | 225         |
|    policy_gradient_loss | -0.00804    |
|    value_loss           | 0.00559     |
-----------------------------------------

Mission Failed (Palisades)

Mission Failed (Palisades)

Mission Failed (Palisades)

Mission Failed (Palisades)

Mission Failed (Palisades)

Mission Failed (Palisades)

Mission Failed (Palisades)

Mission Failed (Palisades)

Mission Failed (Palisades)

Mission Failed (Palisades)

Mission Failed (Palisades)

Mission Failed (Palisades)

Mission Failed (Palisades)

Mission Failed (Palisades)

Mission Failed (Palisades)

Mission Failed (Palisades)

Mission Failed (Palisades)

Mission Failed (Palisades)

Mission Failed (Palisades)

Mission Failed (Palisades)

Mission Failed (Palisades)

Mission Failed (Palisades)

Mission Failed (Palisades)

Mission Failed (Palisades)

Mission Completed (Palisades)

Mission Failed (Palisades)

Mission Failed (Palisades)

Mission Failed (Palisades)

Mission Failed (Palisades)

Mission Failed (Palisades)

Mission Completed (Palisades)

Mission Failed (Palisades)

Mission Failed (Palisades)

Mission Failed (Palisades)

Mission Failed (Palisades)

Mission Failed (Palisades)

Mission Failed (Palisades)
Episode summary log written to examples/wildfire/data/scenarios/outputs/palisades_lr00075_557251/results_palisades_lr00075_8300_summary.csv

Mission Completed (Palisades)

Mission Failed (Palisades)

Mission Failed (Palisades)

Mission Failed (Palisades)

Mission Failed (Palisades)

Mission Failed (Palisades)

Mission Failed (Palisades)

Mission Failed (Palisades)

Mission Failed (Palisades)

Mission Failed (Palisades)

Mission Failed (Palisades)

Mission Failed (Palisades)

Mission Failed (Palisades)

Mission Failed (Palisades)

Mission Failed (Palisades)

Mission Failed (Palisades)

Mission Failed (Palisades)

Mission Failed (Palisades)

Mission Failed (Palisades)

Mission Failed (Palisades)

Mission Failed (Palisades)

Mission Failed (Palisades)

Mission Failed (Palisades)

Mission Failed (Palisades)

Mission Failed (Palisades)

Mission Failed (Palisades)

Mission Failed (Palisades)

Mission Failed (Palisades)

Mission Failed (Palisades)

Mission Failed (Palisades)

Mission Failed (Palisades)

Mission Failed (Palisades)

Mission Failed (Palisades)

Mission Failed (Palisades)

Mission Failed (Palisades)

Mission Failed (Palisades)

Mission Failed (Palisades)

Mission Failed (Palisades)

Mission Failed (Palisades)

Mission Completed (Palisades)

Mission Failed (Palisades)

Mission Failed (Palisades)

Mission Failed (Palisades)

Mission Completed (Palisades)

Mission Failed (Palisades)

Mission Failed (Palisades)

Mission Failed (Palisades)

Mission Failed (Palisades)

Mission Failed (Palisades)

Mission Failed (Palisades)
Episode summary log written to examples/wildfire/data/scenarios/outputs/palisades_lr00075_557251/results_palisades_lr00075_8400_summary.csv

Mission Failed (Palisades)

Mission Failed (Palisades)

Mission Failed (Palisades)

Mission Failed (Palisades)

Mission Failed (Palisades)

Mission Failed (Palisades)

Mission Failed (Palisades)

Mission Failed (Palisades)

Mission Failed (Palisades)

Mission Failed (Palisades)

Mission Completed (Palisades)

Mission Failed (Palisades)

Mission Failed (Palisades)

Mission Failed (Palisades)

Mission Failed (Palisades)

Mission Failed (Palisades)

Mission Failed (Palisades)

Mission Failed (Palisades)

Mission Completed (Palisades)

Mission Failed (Palisades)

Mission Failed (Palisades)

Mission Failed (Palisades)

Mission Failed (Palisades)

Mission Failed (Palisades)

Mission Failed (Palisades)

Mission Failed (Palisades)

Mission Failed (Palisades)

Mission Failed (Palisades)

Mission Failed (Palisades)

Mission Failed (Palisades)

Mission Failed (Palisades)

Mission Failed (Palisades)

Mission Failed (Palisades)

Mission Failed (Palisades)

Mission Failed (Palisades)

Mission Failed (Palisades)

Mission Failed (Palisades)

Mission Failed (Palisades)

Mission Failed (Palisades)

Mission Failed (Palisades)

Mission Failed (Palisades)

Mission Failed (Palisades)

Mission Completed (Palisades)

Mission Failed (Palisades)
-----------------------------------------
| time/                   |             |
|    fps                  | 22          |
|    iterations           | 47          |
|    time_elapsed         | 37923       |
|    total_timesteps      | 866304      |
| train/                  |             |
|    approx_kl            | 0.007806795 |
|    clip_fraction        | 0.0714      |
|    clip_range           | 0.2         |
|    entropy_loss         | -7.69       |
|    explained_variance   | 0.909       |
|    learning_rate        | 0.000138    |
|    loss                 | -0.00162    |
|    n_updates            | 230         |
|    policy_gradient_loss | -0.00711    |
|    value_loss           | 0.00625     |
-----------------------------------------

Mission Failed (Palisades)

Mission Failed (Palisades)

Mission Failed (Palisades)

Mission Failed (Palisades)

Mission Failed (Palisades)

Mission Failed (Palisades)

Mission Failed (Palisades)
Episode summary log written to examples/wildfire/data/scenarios/outputs/palisades_lr00075_557251/results_palisades_lr00075_8500_summary.csv

Mission Failed (Palisades)

Mission Failed (Palisades)

Mission Completed (Palisades)

Mission Failed (Palisades)

Mission Failed (Palisades)

Mission Failed (Palisades)

Mission Failed (Palisades)

Mission Failed (Palisades)

Mission Failed (Palisades)

Mission Failed (Palisades)

Mission Completed (Palisades)

Mission Failed (Palisades)

Mission Failed (Palisades)

Mission Failed (Palisades)

Mission Failed (Palisades)

Mission Failed (Palisades)

Mission Failed (Palisades)

Mission Failed (Palisades)

Mission Failed (Palisades)

Mission Failed (Palisades)

Mission Failed (Palisades)

Mission Failed (Palisades)

Mission Failed (Palisades)

Mission Failed (Palisades)

Mission Failed (Palisades)

Mission Failed (Palisades)

Mission Failed (Palisades)

Mission Failed (Palisades)

Mission Failed (Palisades)

Mission Failed (Palisades)

Mission Failed (Palisades)

Mission Failed (Palisades)

Mission Failed (Palisades)

Mission Failed (Palisades)

Mission Failed (Palisades)

Mission Failed (Palisades)

Mission Failed (Palisades)

Mission Failed (Palisades)

Mission Failed (Palisades)

Mission Failed (Palisades)

Mission Failed (Palisades)

Mission Failed (Palisades)

Mission Failed (Palisades)

Mission Failed (Palisades)

Mission Failed (Palisades)

Mission Failed (Palisades)

Mission Failed (Palisades)

Mission Failed (Palisades)
Episode summary log written to examples/wildfire/data/scenarios/outputs/palisades_lr00075_557251/results_palisades_lr00075_8600_summary.csv

Mission Failed (Palisades)

Mission Failed (Palisades)

Mission Failed (Palisades)

Mission Failed (Palisades)

Mission Failed (Palisades)

Mission Failed (Palisades)

Mission Failed (Palisades)

Mission Failed (Palisades)

Mission Failed (Palisades)

Mission Failed (Palisades)

Mission Failed (Palisades)

Mission Failed (Palisades)

Mission Failed (Palisades)

Mission Failed (Palisades)

Mission Failed (Palisades)

Mission Failed (Palisades)

Mission Failed (Palisades)

Mission Completed (Palisades)

Mission Failed (Palisades)

Mission Failed (Palisades)

Mission Failed (Palisades)

Mission Failed (Palisades)

Mission Failed (Palisades)

Mission Failed (Palisades)

Mission Failed (Palisades)

Mission Completed (Palisades)

Mission Failed (Palisades)

Mission Failed (Palisades)

Mission Failed (Palisades)

Mission Failed (Palisades)

Mission Failed (Palisades)

Mission Failed (Palisades)

Mission Failed (Palisades)

Mission Failed (Palisades)

Mission Failed (Palisades)

Mission Failed (Palisades)

Mission Failed (Palisades)

Mission Failed (Palisades)

Mission Failed (Palisades)

Mission Failed (Palisades)

Mission Failed (Palisades)

Mission Failed (Palisades)

Mission Failed (Palisades)

Mission Failed (Palisades)

Mission Failed (Palisades)

Mission Failed (Palisades)

Mission Failed (Palisades)

Mission Failed (Palisades)

Mission Failed (Palisades)

Mission Failed (Palisades)

Mission Failed (Palisades)

Mission Failed (Palisades)

Mission Failed (Palisades)

Mission Failed (Palisades)
Episode summary log written to examples/wildfire/data/scenarios/outputs/palisades_lr00075_557251/results_palisades_lr00075_8700_summary.csv

Mission Failed (Palisades)

Mission Failed (Palisades)

Mission Completed (Palisades)

Mission Failed (Palisades)

Mission Failed (Palisades)

Mission Failed (Palisades)

Mission Failed (Palisades)

Mission Failed (Palisades)

Mission Failed (Palisades)

Mission Failed (Palisades)

Mission Failed (Palisades)

Mission Failed (Palisades)

Mission Completed (Palisades)

Mission Failed (Palisades)

Mission Failed (Palisades)

Mission Failed (Palisades)

Mission Failed (Palisades)
-----------------------------------------
| time/                   |             |
|    fps                  | 22          |
|    iterations           | 48          |
|    time_elapsed         | 38680       |
|    total_timesteps      | 884736      |
| train/                  |             |
|    approx_kl            | 0.007879605 |
|    clip_fraction        | 0.0673      |
|    clip_range           | 0.2         |
|    entropy_loss         | -7.68       |
|    explained_variance   | 0.913       |
|    learning_rate        | 0.000127    |
|    loss                 | -0.00501    |
|    n_updates            | 235         |
|    policy_gradient_loss | -0.00846    |
|    value_loss           | 0.00655     |
-----------------------------------------

Mission Failed (Palisades)

Mission Completed (Palisades)

Mission Failed (Palisades)

Mission Failed (Palisades)

Mission Failed (Palisades)

Mission Failed (Palisades)

Mission Failed (Palisades)

Mission Failed (Palisades)

Mission Failed (Palisades)

Mission Failed (Palisades)

Mission Completed (Palisades)

Mission Failed (Palisades)

Mission Failed (Palisades)

Mission Failed (Palisades)

Mission Completed (Palisades)

Mission Completed (Palisades)

Mission Failed (Palisades)

Mission Failed (Palisades)

Mission Failed (Palisades)

Mission Failed (Palisades)

Mission Failed (Palisades)

Mission Failed (Palisades)

Mission Failed (Palisades)

Mission Failed (Palisades)

Mission Failed (Palisades)

Mission Completed (Palisades)

Mission Failed (Palisades)

Mission Failed (Palisades)

Mission Failed (Palisades)
Episode summary log written to examples/wildfire/data/scenarios/outputs/palisades_lr00075_557251/results_palisades_lr00075_8800_summary.csv

Mission Failed (Palisades)

Mission Failed (Palisades)

Mission Failed (Palisades)

Mission Failed (Palisades)

Mission Failed (Palisades)

Mission Failed (Palisades)

Mission Failed (Palisades)

Mission Failed (Palisades)

Mission Failed (Palisades)

Mission Completed (Palisades)

Mission Completed (Palisades)

Mission Failed (Palisades)

Mission Failed (Palisades)

Mission Completed (Palisades)

Mission Failed (Palisades)

Mission Failed (Palisades)

Mission Failed (Palisades)

Mission Failed (Palisades)

Mission Completed (Palisades)

Mission Completed (Palisades)

Mission Failed (Palisades)

Mission Failed (Palisades)

Mission Failed (Palisades)

Mission Failed (Palisades)

Mission Failed (Palisades)

Mission Failed (Palisades)

Mission Failed (Palisades)

Mission Failed (Palisades)

Mission Failed (Palisades)

Mission Failed (Palisades)

Mission Failed (Palisades)

Mission Failed (Palisades)

Mission Failed (Palisades)

Mission Failed (Palisades)

Mission Failed (Palisades)

Mission Failed (Palisades)

Mission Failed (Palisades)

Mission Failed (Palisades)

Mission Failed (Palisades)

Mission Failed (Palisades)

Mission Failed (Palisades)

Mission Failed (Palisades)

Mission Failed (Palisades)

Mission Failed (Palisades)

Mission Failed (Palisades)

Mission Completed (Palisades)

Mission Failed (Palisades)

Mission Failed (Palisades)
Episode summary log written to examples/wildfire/data/scenarios/outputs/palisades_lr00075_557251/results_palisades_lr00075_8900_summary.csv

Mission Failed (Palisades)

Mission Failed (Palisades)

Mission Failed (Palisades)

Mission Failed (Palisades)

Mission Completed (Palisades)

Mission Failed (Palisades)

Mission Failed (Palisades)

Mission Failed (Palisades)

Mission Failed (Palisades)

Mission Failed (Palisades)

Mission Failed (Palisades)

Mission Completed (Palisades)

Mission Failed (Palisades)

Mission Failed (Palisades)

Mission Failed (Palisades)

Mission Failed (Palisades)

Mission Failed (Palisades)

Mission Failed (Palisades)

Mission Failed (Palisades)

Mission Failed (Palisades)

Mission Failed (Palisades)

Mission Failed (Palisades)

Mission Failed (Palisades)

Mission Failed (Palisades)

Mission Failed (Palisades)

Mission Failed (Palisades)

Mission Failed (Palisades)

Mission Failed (Palisades)

Mission Failed (Palisades)

Mission Failed (Palisades)

Mission Failed (Palisades)

Mission Completed (Palisades)

Mission Failed (Palisades)

Mission Completed (Palisades)

Mission Failed (Palisades)

Mission Failed (Palisades)

Mission Failed (Palisades)

Mission Failed (Palisades)

Mission Failed (Palisades)

Mission Failed (Palisades)

Mission Failed (Palisades)

Mission Failed (Palisades)

Mission Failed (Palisades)

Mission Failed (Palisades)

Mission Completed (Palisades)

Mission Failed (Palisades)
Per-step log written to examples/wildfire/data/scenarios/outputs/palisades_lr00075_557251/results_palisades_lr00075_9000_steps.csv
Decision-step log written to examples/wildfire/data/scenarios/outputs/palisades_lr00075_557251/results_palisades_lr00075_9000_decision_steps.csv
Episode summary log written to examples/wildfire/data/scenarios/outputs/palisades_lr00075_557251/results_palisades_lr00075_9000_summary.csv

Mission Failed (Palisades)

Mission Completed (Palisades)

Mission Failed (Palisades)

Mission Failed (Palisades)

Mission Failed (Palisades)

Mission Failed (Palisades)

Mission Failed (Palisades)
-----------------------------------------
| time/                   |             |
|    fps                  | 22          |
|    iterations           | 49          |
|    time_elapsed         | 39462       |
|    total_timesteps      | 903168      |
| train/                  |             |
|    approx_kl            | 0.008298326 |
|    clip_fraction        | 0.068       |
|    clip_range           | 0.2         |
|    entropy_loss         | -7.64       |
|    explained_variance   | 0.915       |
|    learning_rate        | 0.000115    |
|    loss                 | -0.00488    |
|    n_updates            | 240         |
|    policy_gradient_loss | -0.00798    |
|    value_loss           | 0.00608     |
-----------------------------------------

Mission Failed (Palisades)

Mission Failed (Palisades)

Mission Failed (Palisades)

Mission Failed (Palisades)

Mission Failed (Palisades)

Mission Failed (Palisades)

Mission Failed (Palisades)

Mission Failed (Palisades)

Mission Failed (Palisades)

Mission Failed (Palisades)

Mission Completed (Palisades)

Mission Failed (Palisades)

Mission Failed (Palisades)

Mission Failed (Palisades)

Mission Failed (Palisades)

Mission Failed (Palisades)

Mission Failed (Palisades)

Mission Failed (Palisades)

Mission Failed (Palisades)

Mission Failed (Palisades)

Mission Failed (Palisades)

Mission Failed (Palisades)

Mission Failed (Palisades)

Mission Failed (Palisades)

Mission Failed (Palisades)

Mission Failed (Palisades)

Mission Completed (Palisades)

Mission Failed (Palisades)

Mission Failed (Palisades)

Mission Failed (Palisades)

Mission Completed (Palisades)

Mission Failed (Palisades)

Mission Failed (Palisades)

Mission Failed (Palisades)

Mission Failed (Palisades)

Mission Failed (Palisades)

Mission Failed (Palisades)

Mission Failed (Palisades)

Mission Failed (Palisades)
Episode summary log written to examples/wildfire/data/scenarios/outputs/palisades_lr00075_557251/results_palisades_lr00075_9100_summary.csv

Mission Completed (Palisades)

Mission Failed (Palisades)

Mission Failed (Palisades)

Mission Failed (Palisades)

Mission Failed (Palisades)

Mission Failed (Palisades)

Mission Failed (Palisades)

Mission Failed (Palisades)

Mission Failed (Palisades)

Mission Failed (Palisades)

Mission Failed (Palisades)

Mission Failed (Palisades)

Mission Failed (Palisades)

Mission Failed (Palisades)

Mission Failed (Palisades)

Mission Failed (Palisades)

Mission Failed (Palisades)

Mission Failed (Palisades)

Mission Failed (Palisades)

Mission Failed (Palisades)

Mission Failed (Palisades)

Mission Failed (Palisades)

Mission Failed (Palisades)

Mission Completed (Palisades)

Mission Failed (Palisades)

Mission Failed (Palisades)

Mission Completed (Palisades)

Mission Completed (Palisades)

Mission Failed (Palisades)

Mission Failed (Palisades)

Mission Failed (Palisades)

Mission Failed (Palisades)

Mission Failed (Palisades)

Mission Failed (Palisades)

Mission Failed (Palisades)

Mission Failed (Palisades)

Mission Failed (Palisades)

Mission Failed (Palisades)

Mission Failed (Palisades)

Mission Completed (Palisades)

Mission Failed (Palisades)

Mission Failed (Palisades)

Mission Failed (Palisades)

Mission Completed (Palisades)

Mission Failed (Palisades)

Mission Failed (Palisades)

Mission Failed (Palisades)

Mission Failed (Palisades)

Mission Failed (Palisades)

Mission Failed (Palisades)

Mission Failed (Palisades)
Episode summary log written to examples/wildfire/data/scenarios/outputs/palisades_lr00075_557251/results_palisades_lr00075_9200_summary.csv

Mission Failed (Palisades)

Mission Failed (Palisades)

Mission Failed (Palisades)

Mission Failed (Palisades)

Mission Failed (Palisades)

Mission Failed (Palisades)

Mission Failed (Palisades)

Mission Failed (Palisades)

Mission Completed (Palisades)

Mission Failed (Palisades)

Mission Completed (Palisades)

Mission Failed (Palisades)

Mission Failed (Palisades)

Mission Failed (Palisades)

Mission Failed (Palisades)

Mission Failed (Palisades)

Mission Failed (Palisades)

Mission Failed (Palisades)

Mission Failed (Palisades)

Mission Failed (Palisades)

Mission Failed (Palisades)

Mission Completed (Palisades)

Mission Failed (Palisades)

Mission Failed (Palisades)

Mission Failed (Palisades)

Mission Completed (Palisades)

Mission Failed (Palisades)

Mission Failed (Palisades)

Mission Failed (Palisades)

Mission Completed (Palisades)

Mission Failed (Palisades)

Mission Failed (Palisades)

Mission Failed (Palisades)

Mission Failed (Palisades)

Mission Failed (Palisades)

Mission Failed (Palisades)

Mission Failed (Palisades)

Mission Failed (Palisades)

Mission Failed (Palisades)

Mission Failed (Palisades)

Mission Failed (Palisades)

Mission Failed (Palisades)
Episode summary log written to examples/wildfire/data/scenarios/outputs/palisades_lr00075_557251/results_palisades_lr00075_9300_summary.csv

Mission Failed (Palisades)

Mission Failed (Palisades)
-----------------------------------------
| time/                   |             |
|    fps                  | 22          |
|    iterations           | 50          |
|    time_elapsed         | 40256       |
|    total_timesteps      | 921600      |
| train/                  |             |
|    approx_kl            | 0.006799312 |
|    clip_fraction        | 0.0487      |
|    clip_range           | 0.2         |
|    entropy_loss         | -7.57       |
|    explained_variance   | 0.913       |
|    learning_rate        | 0.000103    |
|    loss                 | -0.0114     |
|    n_updates            | 245         |
|    policy_gradient_loss | -0.00676    |
|    value_loss           | 0.0068      |
-----------------------------------------

Mission Failed (Palisades)

Mission Failed (Palisades)

Mission Failed (Palisades)

Mission Failed (Palisades)

Mission Failed (Palisades)

Mission Failed (Palisades)

Mission Failed (Palisades)

Mission Failed (Palisades)

Mission Failed (Palisades)

Mission Failed (Palisades)

Mission Completed (Palisades)

Mission Failed (Palisades)

Mission Failed (Palisades)

Mission Failed (Palisades)

Mission Failed (Palisades)

Mission Failed (Palisades)

Mission Failed (Palisades)

Mission Failed (Palisades)

Mission Failed (Palisades)

Mission Failed (Palisades)

Mission Failed (Palisades)

Mission Failed (Palisades)

Mission Failed (Palisades)

Mission Failed (Palisades)

Mission Failed (Palisades)

Mission Failed (Palisades)

Mission Failed (Palisades)

Mission Failed (Palisades)

Mission Failed (Palisades)

Mission Failed (Palisades)

Mission Failed (Palisades)

Mission Failed (Palisades)

Mission Failed (Palisades)

Mission Failed (Palisades)

Mission Failed (Palisades)

Mission Completed (Palisades)

Mission Failed (Palisades)

Mission Failed (Palisades)

Mission Failed (Palisades)

Mission Failed (Palisades)

Mission Failed (Palisades)

Mission Failed (Palisades)

Mission Failed (Palisades)

Mission Failed (Palisades)
Episode summary log written to examples/wildfire/data/scenarios/outputs/palisades_lr00075_557251/results_palisades_lr00075_9400_summary.csv

Mission Failed (Palisades)

Mission Failed (Palisades)

Mission Failed (Palisades)

Mission Failed (Palisades)

Mission Failed (Palisades)

Mission Failed (Palisades)

Mission Failed (Palisades)

Mission Failed (Palisades)

Mission Completed (Palisades)

Mission Failed (Palisades)

Mission Failed (Palisades)

Mission Completed (Palisades)

Mission Failed (Palisades)

Mission Failed (Palisades)

Mission Failed (Palisades)

Mission Failed (Palisades)

Mission Failed (Palisades)

Mission Failed (Palisades)

Mission Failed (Palisades)

Mission Failed (Palisades)

Mission Failed (Palisades)

Mission Failed (Palisades)

Mission Completed (Palisades)

Mission Failed (Palisades)

Mission Failed (Palisades)

Mission Failed (Palisades)

Mission Failed (Palisades)

Mission Failed (Palisades)

Mission Failed (Palisades)

Mission Failed (Palisades)

Mission Failed (Palisades)

Mission Completed (Palisades)

Mission Failed (Palisades)

Mission Completed (Palisades)

Mission Failed (Palisades)

Mission Failed (Palisades)

Mission Failed (Palisades)

Mission Failed (Palisades)

Mission Failed (Palisades)

Mission Failed (Palisades)

Mission Failed (Palisades)

Mission Failed (Palisades)

Mission Completed (Palisades)

Mission Failed (Palisades)

Mission Failed (Palisades)

Mission Failed (Palisades)

Mission Failed (Palisades)
Episode summary log written to examples/wildfire/data/scenarios/outputs/palisades_lr00075_557251/results_palisades_lr00075_9500_summary.csv

Mission Failed (Palisades)

Mission Failed (Palisades)

Mission Completed (Palisades)

Mission Failed (Palisades)

Mission Failed (Palisades)

Mission Failed (Palisades)

Mission Failed (Palisades)

Mission Failed (Palisades)

Mission Failed (Palisades)

Mission Failed (Palisades)

Mission Failed (Palisades)

Mission Failed (Palisades)

Mission Failed (Palisades)

Mission Failed (Palisades)

Mission Failed (Palisades)

Mission Failed (Palisades)

Mission Failed (Palisades)

Mission Failed (Palisades)

Mission Failed (Palisades)

Mission Failed (Palisades)

Mission Failed (Palisades)

Mission Failed (Palisades)

Mission Completed (Palisades)

Mission Failed (Palisades)

Mission Failed (Palisades)

Mission Failed (Palisades)

Mission Failed (Palisades)

Mission Failed (Palisades)

Mission Failed (Palisades)

Mission Failed (Palisades)

Mission Failed (Palisades)

Mission Failed (Palisades)

Mission Failed (Palisades)

Mission Failed (Palisades)

Mission Failed (Palisades)

Mission Failed (Palisades)

Mission Failed (Palisades)

Mission Completed (Palisades)

Mission Failed (Palisades)

Mission Failed (Palisades)

Mission Failed (Palisades)

Mission Failed (Palisades)

Mission Completed (Palisades)

Mission Failed (Palisades)

Mission Failed (Palisades)

Mission Failed (Palisades)

Mission Failed (Palisades)
Episode summary log written to examples/wildfire/data/scenarios/outputs/palisades_lr00075_557251/results_palisades_lr00075_9600_summary.csv
------------------------------------------
| time/                   |              |
|    fps                  | 22           |
|    iterations           | 51           |
|    time_elapsed         | 41023        |
|    total_timesteps      | 940032       |
| train/                  |              |
|    approx_kl            | 0.0067270086 |
|    clip_fraction        | 0.0455       |
|    clip_range           | 0.2          |
|    entropy_loss         | -7.54        |
|    explained_variance   | 0.918        |
|    learning_rate        | 8.96e-05     |
|    loss                 | -0.00947     |
|    n_updates            | 250          |
|    policy_gradient_loss | -0.00659     |
|    value_loss           | 0.0065       |
------------------------------------------

Mission Completed (Palisades)

Mission Failed (Palisades)

Mission Failed (Palisades)

Mission Failed (Palisades)

Mission Failed (Palisades)

Mission Failed (Palisades)

Mission Failed (Palisades)

Mission Failed (Palisades)

Mission Failed (Palisades)

Mission Failed (Palisades)

Mission Failed (Palisades)

Mission Failed (Palisades)

Mission Failed (Palisades)

Mission Failed (Palisades)

Mission Failed (Palisades)

Mission Failed (Palisades)

Mission Failed (Palisades)

Mission Failed (Palisades)

Mission Failed (Palisades)

Mission Failed (Palisades)

Mission Failed (Palisades)

Mission Failed (Palisades)

Mission Failed (Palisades)

Mission Failed (Palisades)

Mission Failed (Palisades)

Mission Failed (Palisades)

Mission Completed (Palisades)

Mission Failed (Palisades)

Mission Failed (Palisades)

Mission Failed (Palisades)

Mission Failed (Palisades)

Mission Failed (Palisades)

Mission Failed (Palisades)

Mission Failed (Palisades)

Mission Failed (Palisades)
Episode summary log written to examples/wildfire/data/scenarios/outputs/palisades_lr00075_557251/results_palisades_lr00075_9700_summary.csv

Mission Failed (Palisades)

Mission Failed (Palisades)

Mission Failed (Palisades)

Mission Failed (Palisades)

Mission Failed (Palisades)

Mission Failed (Palisades)

Mission Failed (Palisades)

Mission Failed (Palisades)

Mission Failed (Palisades)

Mission Failed (Palisades)

Mission Failed (Palisades)

Mission Failed (Palisades)

Mission Completed (Palisades)

Mission Completed (Palisades)

Mission Failed (Palisades)

Mission Failed (Palisades)

Mission Failed (Palisades)

Mission Completed (Palisades)

Mission Failed (Palisades)

Mission Failed (Palisades)

Mission Failed (Palisades)

Mission Failed (Palisades)

Mission Failed (Palisades)

Mission Failed (Palisades)

Mission Failed (Palisades)

Mission Failed (Palisades)

Mission Failed (Palisades)

Mission Failed (Palisades)

Mission Failed (Palisades)

Mission Completed (Palisades)

Mission Completed (Palisades)

Mission Failed (Palisades)

Mission Failed (Palisades)

Mission Failed (Palisades)

Mission Failed (Palisades)

Mission Failed (Palisades)

Mission Failed (Palisades)

Mission Failed (Palisades)
Episode summary log written to examples/wildfire/data/scenarios/outputs/palisades_lr00075_557251/results_palisades_lr00075_9800_summary.csv

Mission Failed (Palisades)

Mission Failed (Palisades)

Mission Failed (Palisades)

Mission Failed (Palisades)

Mission Failed (Palisades)

Mission Failed (Palisades)

Mission Failed (Palisades)

Mission Failed (Palisades)

Mission Failed (Palisades)

Mission Failed (Palisades)

Mission Failed (Palisades)

Mission Failed (Palisades)

Mission Failed (Palisades)

Mission Failed (Palisades)

Mission Failed (Palisades)

Mission Failed (Palisades)

Mission Failed (Palisades)

Mission Failed (Palisades)

Mission Completed (Palisades)

Mission Completed (Palisades)

Mission Failed (Palisades)

Mission Failed (Palisades)

Mission Failed (Palisades)

Mission Failed (Palisades)

Mission Completed (Palisades)

Mission Failed (Palisades)

Mission Failed (Palisades)

Mission Failed (Palisades)

Mission Failed (Palisades)

Mission Failed (Palisades)

Mission Failed (Palisades)

Mission Failed (Palisades)

Mission Failed (Palisades)

Mission Failed (Palisades)

Mission Failed (Palisades)

Mission Failed (Palisades)

Mission Failed (Palisades)

Mission Failed (Palisades)

Mission Failed (Palisades)
Episode summary log written to examples/wildfire/data/scenarios/outputs/palisades_lr00075_557251/results_palisades_lr00075_9900_summary.csv

Mission Failed (Palisades)

Mission Failed (Palisades)

Mission Completed (Palisades)

Mission Failed (Palisades)

Mission Failed (Palisades)

Mission Failed (Palisades)

Mission Completed (Palisades)

Mission Failed (Palisades)

Mission Failed (Palisades)

Mission Failed (Palisades)

Mission Failed (Palisades)

Mission Failed (Palisades)

Mission Failed (Palisades)

Mission Completed (Palisades)

Mission Failed (Palisades)

Mission Failed (Palisades)

Mission Completed (Palisades)

Mission Failed (Palisades)
----------------------------------------
| time/                   |            |
|    fps                  | 22         |
|    iterations           | 52         |
|    time_elapsed         | 41830      |
|    total_timesteps      | 958464     |
| train/                  |            |
|    approx_kl            | 0.00572346 |
|    clip_fraction        | 0.0299     |
|    clip_range           | 0.2        |
|    entropy_loss         | -7.5       |
|    explained_variance   | 0.919      |
|    learning_rate        | 7.57e-05   |
|    loss                 | 0.000773   |
|    n_updates            | 255        |
|    policy_gradient_loss | -0.00508   |
|    value_loss           | 0.00636    |
----------------------------------------

Mission Failed (Palisades)

Mission Failed (Palisades)

Mission Completed (Palisades)

Mission Failed (Palisades)

Mission Failed (Palisades)

Mission Failed (Palisades)

Mission Failed (Palisades)

Mission Completed (Palisades)

Mission Failed (Palisades)

Mission Failed (Palisades)

Mission Failed (Palisades)

Mission Completed (Palisades)

Mission Failed (Palisades)

Mission Failed (Palisades)

Mission Failed (Palisades)

Mission Failed (Palisades)

Mission Failed (Palisades)

Mission Failed (Palisades)

Mission Failed (Palisades)

Mission Failed (Palisades)

Mission Failed (Palisades)

Mission Failed (Palisades)

Mission Failed (Palisades)
Per-step log written to examples/wildfire/data/scenarios/outputs/palisades_lr00075_557251/results_palisades_lr00075_10000_steps.csv
Decision-step log written to examples/wildfire/data/scenarios/outputs/palisades_lr00075_557251/results_palisades_lr00075_10000_decision_steps.csv
Episode summary log written to examples/wildfire/data/scenarios/outputs/palisades_lr00075_557251/results_palisades_lr00075_10000_summary.csv

Mission Completed (Palisades)

Mission Failed (Palisades)

Mission Failed (Palisades)

Mission Failed (Palisades)

Mission Failed (Palisades)

Mission Failed (Palisades)

Mission Failed (Palisades)

Mission Completed (Palisades)

Mission Failed (Palisades)

Mission Failed (Palisades)

Mission Completed (Palisades)

Mission Failed (Palisades)

Mission Failed (Palisades)

Mission Failed (Palisades)

Mission Failed (Palisades)

Mission Failed (Palisades)

Mission Failed (Palisades)

Mission Failed (Palisades)

Mission Completed (Palisades)

Mission Failed (Palisades)

Mission Failed (Palisades)

Mission Failed (Palisades)

Mission Failed (Palisades)

Mission Failed (Palisades)

Mission Failed (Palisades)

Mission Failed (Palisades)

Mission Failed (Palisades)

Mission Failed (Palisades)

Mission Failed (Palisades)

Mission Failed (Palisades)

Mission Failed (Palisades)

Mission Failed (Palisades)

Mission Failed (Palisades)

Mission Failed (Palisades)

Mission Completed (Palisades)

Mission Failed (Palisades)

Mission Failed (Palisades)

Mission Failed (Palisades)
Episode summary log written to examples/wildfire/data/scenarios/outputs/palisades_lr00075_557251/results_palisades_lr00075_10100_summary.csv

Mission Failed (Palisades)

Mission Failed (Palisades)

Mission Failed (Palisades)

Mission Failed (Palisades)

Mission Completed (Palisades)

Mission Failed (Palisades)

Mission Failed (Palisades)

Mission Failed (Palisades)

Mission Failed (Palisades)

Mission Failed (Palisades)

Mission Failed (Palisades)

Mission Failed (Palisades)

Mission Failed (Palisades)

Mission Completed (Palisades)

Mission Failed (Palisades)

Mission Failed (Palisades)

Mission Failed (Palisades)

Mission Failed (Palisades)

Mission Failed (Palisades)

Mission Failed (Palisades)

Mission Failed (Palisades)

Mission Failed (Palisades)

Mission Failed (Palisades)

Mission Failed (Palisades)

Mission Failed (Palisades)

Mission Failed (Palisades)

Mission Failed (Palisades)

Mission Failed (Palisades)

Mission Failed (Palisades)

Mission Failed (Palisades)

Mission Failed (Palisades)

Mission Failed (Palisades)

Mission Failed (Palisades)

Mission Failed (Palisades)

Mission Failed (Palisades)

Mission Failed (Palisades)

Mission Completed (Palisades)

Mission Failed (Palisades)

Mission Failed (Palisades)
Episode summary log written to examples/wildfire/data/scenarios/outputs/palisades_lr00075_557251/results_palisades_lr00075_10200_summary.csv

Mission Failed (Palisades)

Mission Failed (Palisades)

Mission Completed (Palisades)

Mission Failed (Palisades)

Mission Failed (Palisades)

Mission Failed (Palisades)

Mission Completed (Palisades)

Mission Completed (Palisades)

Mission Failed (Palisades)

Mission Failed (Palisades)

Mission Failed (Palisades)

Mission Failed (Palisades)

Mission Failed (Palisades)

Mission Failed (Palisades)

Mission Failed (Palisades)

Mission Failed (Palisades)

Mission Failed (Palisades)

Mission Failed (Palisades)

Mission Failed (Palisades)

Mission Failed (Palisades)

Mission Failed (Palisades)

Mission Completed (Palisades)

Mission Failed (Palisades)

Mission Failed (Palisades)

Mission Failed (Palisades)

Mission Failed (Palisades)

Mission Failed (Palisades)

Mission Completed (Palisades)

Mission Failed (Palisades)

Mission Failed (Palisades)

Mission Failed (Palisades)

Mission Failed (Palisades)
-----------------------------------------
| time/                   |             |
|    fps                  | 22          |
|    iterations           | 53          |
|    time_elapsed         | 42577       |
|    total_timesteps      | 976896      |
| train/                  |             |
|    approx_kl            | 0.005868646 |
|    clip_fraction        | 0.0324      |
|    clip_range           | 0.2         |
|    entropy_loss         | -7.4        |
|    explained_variance   | 0.929       |
|    learning_rate        | 6.07e-05    |
|    loss                 | -0.00202    |
|    n_updates            | 260         |
|    policy_gradient_loss | -0.00605    |
|    value_loss           | 0.00607     |
-----------------------------------------

Mission Completed (Palisades)

Mission Failed (Palisades)

Mission Failed (Palisades)

Mission Failed (Palisades)

Mission Failed (Palisades)
Episode summary log written to examples/wildfire/data/scenarios/outputs/palisades_lr00075_557251/results_palisades_lr00075_10300_summary.csv

Mission Completed (Palisades)

Mission Failed (Palisades)

Mission Failed (Palisades)

Mission Completed (Palisades)

Mission Failed (Palisades)

Mission Failed (Palisades)

Mission Failed (Palisades)

Mission Completed (Palisades)

Mission Failed (Palisades)

Mission Failed (Palisades)

Mission Failed (Palisades)

Mission Failed (Palisades)

Mission Failed (Palisades)

Mission Failed (Palisades)

Mission Failed (Palisades)

Mission Failed (Palisades)

Mission Failed (Palisades)

Mission Failed (Palisades)

Mission Failed (Palisades)

Mission Failed (Palisades)

Mission Failed (Palisades)

Mission Failed (Palisades)

Mission Failed (Palisades)

Mission Failed (Palisades)

Mission Failed (Palisades)

Mission Failed (Palisades)

Mission Failed (Palisades)

Mission Failed (Palisades)

Mission Failed (Palisades)

Mission Failed (Palisades)

Mission Failed (Palisades)

Mission Failed (Palisades)

Mission Failed (Palisades)

Mission Failed (Palisades)

Mission Failed (Palisades)

Mission Failed (Palisades)

Mission Failed (Palisades)

Mission Failed (Palisades)

Mission Failed (Palisades)

Mission Failed (Palisades)
Episode summary log written to examples/wildfire/data/scenarios/outputs/palisades_lr00075_557251/results_palisades_lr00075_10400_summary.csv

Mission Failed (Palisades)

Mission Failed (Palisades)

Mission Failed (Palisades)

Mission Failed (Palisades)

Mission Failed (Palisades)

Mission Failed (Palisades)

Mission Failed (Palisades)

Mission Failed (Palisades)

Mission Failed (Palisades)

Mission Failed (Palisades)

Mission Completed (Palisades)

Mission Failed (Palisades)

Mission Failed (Palisades)

Mission Completed (Palisades)

Mission Failed (Palisades)

Mission Failed (Palisades)

Mission Failed (Palisades)

Mission Failed (Palisades)

Mission Failed (Palisades)

Mission Failed (Palisades)

Mission Failed (Palisades)

Mission Failed (Palisades)

Mission Failed (Palisades)

Mission Failed (Palisades)

Mission Failed (Palisades)

Mission Failed (Palisades)

Mission Completed (Palisades)

Mission Failed (Palisades)

Mission Completed (Palisades)

Mission Failed (Palisades)

Mission Failed (Palisades)

Mission Failed (Palisades)

Mission Completed (Palisades)

Mission Failed (Palisades)

Mission Failed (Palisades)
Episode summary log written to examples/wildfire/data/scenarios/outputs/palisades_lr00075_557251/results_palisades_lr00075_10500_summary.csv

Mission Failed (Palisades)

Mission Failed (Palisades)

Mission Completed (Palisades)

Mission Failed (Palisades)

Mission Failed (Palisades)

Mission Failed (Palisades)

Mission Failed (Palisades)

Mission Failed (Palisades)

Mission Failed (Palisades)

Mission Failed (Palisades)

Mission Failed (Palisades)

Mission Failed (Palisades)

Mission Failed (Palisades)

Mission Failed (Palisades)

Mission Failed (Palisades)

Mission Failed (Palisades)

Mission Failed (Palisades)

Mission Failed (Palisades)

Mission Failed (Palisades)

Mission Failed (Palisades)

Mission Completed (Palisades)

Mission Failed (Palisades)

Mission Failed (Palisades)

Mission Failed (Palisades)

Mission Failed (Palisades)

Mission Failed (Palisades)

Mission Failed (Palisades)

Mission Failed (Palisades)

Mission Failed (Palisades)

Mission Failed (Palisades)

Mission Failed (Palisades)

Mission Failed (Palisades)

Mission Failed (Palisades)

Mission Failed (Palisades)
Episode summary log written to examples/wildfire/data/scenarios/outputs/palisades_lr00075_557251/results_palisades_lr00075_10600_summary.csv

Mission Failed (Palisades)
------------------------------------------
| time/                   |              |
|    fps                  | 22           |
|    iterations           | 54           |
|    time_elapsed         | 43299        |
|    total_timesteps      | 995328       |
| train/                  |              |
|    approx_kl            | 0.0052917316 |
|    clip_fraction        | 0.0271       |
|    clip_range           | 0.2          |
|    entropy_loss         | -7.38        |
|    explained_variance   | 0.931        |
|    learning_rate        | 4.38e-05     |
|    loss                 | -0.0106      |
|    n_updates            | 265          |
|    policy_gradient_loss | -0.00623     |
|    value_loss           | 0.00591      |
------------------------------------------

Mission Failed (Palisades)

Mission Failed (Palisades)

Mission Failed (Palisades)

Mission Failed (Palisades)

Mission Failed (Palisades)

Mission Completed (Palisades)

Mission Failed (Palisades)

Mission Failed (Palisades)

Mission Failed (Palisades)

Mission Failed (Palisades)

Mission Failed (Palisades)

Mission Completed (Palisades)

Mission Failed (Palisades)

Mission Failed (Palisades)

Mission Failed (Palisades)

Mission Failed (Palisades)

Mission Failed (Palisades)

Mission Failed (Palisades)

Mission Failed (Palisades)

Mission Failed (Palisades)

Mission Failed (Palisades)

Mission Completed (Palisades)

Mission Completed (Palisades)

Mission Failed (Palisades)

Mission Failed (Palisades)

Mission Failed (Palisades)

Mission Failed (Palisades)

Mission Failed (Palisades)

Mission Failed (Palisades)

Mission Failed (Palisades)

Mission Failed (Palisades)

Mission Failed (Palisades)

Mission Failed (Palisades)

Mission Failed (Palisades)

Mission Failed (Palisades)

Mission Failed (Palisades)

Mission Failed (Palisades)

Mission Failed (Palisades)
Episode summary log written to examples/wildfire/data/scenarios/outputs/palisades_lr00075_557251/results_palisades_lr00075_10700_summary.csv

Mission Failed (Palisades)

Mission Failed (Palisades)

Mission Completed (Palisades)

Mission Failed (Palisades)

Mission Completed (Palisades)

Mission Failed (Palisades)

Mission Failed (Palisades)

Mission Failed (Palisades)

Mission Failed (Palisades)

Mission Failed (Palisades)

Mission Failed (Palisades)

Mission Completed (Palisades)

Mission Completed (Palisades)

Mission Failed (Palisades)

Mission Completed (Palisades)

Mission Failed (Palisades)

Mission Failed (Palisades)

Mission Failed (Palisades)

Mission Failed (Palisades)

Mission Failed (Palisades)

Mission Failed (Palisades)

Mission Completed (Palisades)

Mission Failed (Palisades)

Mission Completed (Palisades)

Mission Failed (Palisades)

Mission Failed (Palisades)

Mission Failed (Palisades)

Mission Failed (Palisades)

Mission Failed (Palisades)

Mission Failed (Palisades)

Mission Failed (Palisades)

Mission Failed (Palisades)

Mission Failed (Palisades)

Mission Completed (Palisades)
Episode summary log written to examples/wildfire/data/scenarios/outputs/palisades_lr00075_557251/results_palisades_lr00075_10800_summary.csv

Mission Failed (Palisades)

Mission Failed (Palisades)

Mission Failed (Palisades)

Mission Failed (Palisades)

Mission Failed (Palisades)

Mission Failed (Palisades)

Mission Failed (Palisades)

Mission Completed (Palisades)

Mission Failed (Palisades)

Mission Failed (Palisades)

Mission Completed (Palisades)

Mission Failed (Palisades)

Mission Failed (Palisades)

Mission Failed (Palisades)

Mission Failed (Palisades)

Mission Failed (Palisades)

Mission Completed (Palisades)

Mission Failed (Palisades)

Mission Failed (Palisades)

Mission Failed (Palisades)

Mission Failed (Palisades)

Mission Failed (Palisades)

Mission Completed (Palisades)

Mission Failed (Palisades)

Mission Failed (Palisades)

Mission Failed (Palisades)

Mission Failed (Palisades)

Mission Failed (Palisades)

Mission Failed (Palisades)

Mission Failed (Palisades)

Mission Failed (Palisades)

Mission Failed (Palisades)

Mission Failed (Palisades)

Mission Failed (Palisades)

Mission Failed (Palisades)

Mission Failed (Palisades)
Episode summary log written to examples/wildfire/data/scenarios/outputs/palisades_lr00075_557251/results_palisades_lr00075_10900_summary.csv

Mission Failed (Palisades)

Mission Failed (Palisades)

Mission Completed (Palisades)

Mission Failed (Palisades)

Mission Failed (Palisades)

Mission Completed (Palisades)

Mission Failed (Palisades)

Mission Completed (Palisades)

Mission Failed (Palisades)

Mission Completed (Palisades)

Mission Failed (Palisades)

Mission Failed (Palisades)

Mission Failed (Palisades)

Mission Failed (Palisades)

Mission Failed (Palisades)

Mission Failed (Palisades)

Mission Failed (Palisades)

Mission Completed (Palisades)

Mission Completed (Palisades)

Mission Failed (Palisades)

Mission Failed (Palisades)

Mission Failed (Palisades)

Mission Failed (Palisades)

Mission Completed (Palisades)

Mission Failed (Palisades)

Mission Completed (Palisades)

Mission Failed (Palisades)

Mission Failed (Palisades)
------------------------------------------
| time/                   |              |
|    fps                  | 23           |
|    iterations           | 55           |
|    time_elapsed         | 44074        |
|    total_timesteps      | 1013760      |
| train/                  |              |
|    approx_kl            | 0.0037774954 |
|    clip_fraction        | 0.017        |
|    clip_range           | 0.2          |
|    entropy_loss         | -7.31        |
|    explained_variance   | 0.916        |
|    learning_rate        | 2.34e-05     |
|    loss                 | -0.000288    |
|    n_updates            | 270          |
|    policy_gradient_loss | -0.00373     |
|    value_loss           | 0.00694      |
------------------------------------------
Per-step log written to examples/wildfire/data/scenarios/outputs/palisades_lr00075_557251/results_palisades_lr00075_10987_steps.csv
Decision-step log written to examples/wildfire/data/scenarios/outputs/palisades_lr00075_557251/results_palisades_lr00075_10987_decision_steps.csv
Training complete in 44147.43 seconds.
Trained model saved to examples/wildfire/data/scenarios/outputs/palisades_lr00075_557251/palisades_lr00075.zip
Episode training summary written to examples/wildfire/data/scenarios/outputs/palisades_lr00075_557251/training_episode_summaries.csv
Episode training summary written to examples/wildfire/data/scenarios/outputs/palisades_lr00075_557251/training_episode_summaries.xlsx
